kakaoId,name,rawText
"26540939","박준기감자탕","영업정보
접기
영업 전09:00 오픈
화(7/28)
09:00 ~ 21:00
수(7/29)
09:00 ~ 21:00
목(7/30)
09:00 ~ 21:00
금(7/31)
09:00 ~ 21:00
토(8/1)
09:00 ~ 21:00
일(8/2)
09:00 ~ 21:00
월(8/3)
휴무일"
"1480682796","삼일집","영업정보
접기
곧 영업 마감01:00 까지
월(7/27)
17:00 ~ 01:00
화(7/28)
17:00 ~ 01:00
수(7/29)
17:00 ~ 01:00
목(7/30)
17:00 ~ 01:00
금(7/31)
17:00 ~ 01:00
토(8/1)
17:00 ~ 01:00
일(8/2)
17:00 ~ 01:00"
"9474885","초가왕족발","영업정보
접기
영업 전13:00 오픈
화(7/28)
13:00 ~ 24:00
수(7/29)
13:00 ~ 24:00
목(7/30)
13:00 ~ 24:00
금(7/31)
13:00 ~ 24:00
토(8/1)
13:00 ~ 24:00
일(8/2)
휴무일
월(8/3)
13:00 ~ 24:00"
"537058265","만선","영업정보
접기
영업 전10:30 오픈
화(7/28)
10:30 ~ 21:50
20:50 라스트오더
수(7/29)
10:30 ~ 21:50
20:50 라스트오더
목(7/30)
10:30 ~ 21:50
20:50 라스트오더
금(7/31)
10:30 ~ 21:50
20:50 라스트오더
토(8/1)
10:30 ~ 21:50
20:50 라스트오더
일(8/2)
10:30 ~ 21:50
20:50 라스트오더
월(8/3)
10:30 ~ 21:50
20:50 라스트오더"
"1933426004","천지연삼겹살","영업정보
접기
영업 전10:00 오픈
화(7/28)
10:00 ~ 20:30
20:15 라스트오더
수(7/29)
10:00 ~ 20:30
20:15 라스트오더
목(7/30)
10:00 ~ 20:30
20:15 라스트오더
금(7/31)
10:00 ~ 20:30
20:15 라스트오더
토(8/1)
휴무일
일(8/2)
휴무일
월(8/3)
10:00 ~ 20:30
20:15 라스트오더"
"1711969750","다원","영업정보
접기
영업 전09:00 오픈
화(7/28)
09:00 ~ 21:00
수(7/29)
09:00 ~ 21:00
목(7/30)
09:00 ~ 21:00
금(7/31)
09:00 ~ 21:00
토(8/1)
09:00 ~ 21:00
일(8/2)
휴무일
월(8/3)
09:00 ~ 21:00"
"21361090","돼지똥꼬 본점","영업정보
접기
영업 전16:00 오픈
화(7/28)
16:00 ~ 01:00
24:00 라스트오더
수(7/29)
16:00 ~ 01:00
24:00 라스트오더
목(7/30)
16:00 ~ 01:00
24:00 라스트오더
금(7/31)
16:00 ~ 01:00
24:00 라스트오더
토(8/1)
16:00 ~ 01:00
24:00 라스트오더
일(8/2)
16:00 ~ 01:00
24:00 라스트오더
월(8/3)
휴무일"
"1971334566","오우가","영업정보
접기
영업 전11:00 오픈
화(7/28)
11:00 ~ 21:30
20:30 라스트오더
수(7/29)
11:00 ~ 21:30
20:30 라스트오더
목(7/30)
11:00 ~ 21:30
20:30 라스트오더
금(7/31)
11:00 ~ 21:30
20:30 라스트오더
토(8/1)
11:00 ~ 21:30
20:30 라스트오더
일(8/2)
11:00 ~ 21:30
20:30 라스트오더
월(8/3)
11:00 ~ 21:30
20:30 라스트오더"
"12689524","제주돈사촌","영업정보
접기
영업 전16:00 오픈
화(7/28)
16:00 ~ 24:00
수(7/29)
16:00 ~ 24:00
목(7/30)
16:00 ~ 24:00
금(7/31)
16:00 ~ 24:00
토(8/1)
16:00 ~ 24:00
일(8/2)
휴무일
월(8/3)
16:00 ~ 24:00"
"21362219","골목대장","영업정보
접기
영업 전11:00 오픈
화(7/28)
11:00 ~ 21:00
수(7/29)
11:00 ~ 21:00
목(7/30)
11:00 ~ 21:00
금(7/31)
11:00 ~ 21:00
토(8/1)
11:00 ~ 21:00
일(8/2)
휴무일
월(8/3)
11:00 ~ 21:00"
"11203033","해송","영업정보
접기
영업 전11:30 오픈
화(7/28)
11:30 ~ 21:00
15:00 ~ 17:00 브레이크타임
수(7/29)
11:30 ~ 21:00
15:00 ~ 17:00 브레이크타임
목(7/30)
11:30 ~ 21:00
15:00 ~ 17:00 브레이크타임
금(7/31)
11:30 ~ 21:00
15:00 ~ 17:00 브레이크타임
토(8/1)
11:30 ~ 21:00
15:00 ~ 17:00 브레이크타임
일(8/2)
휴무일
월(8/3)
11:30 ~ 21:00
15:00 ~ 17:00 브레이크타임"
"19357708","경민회관","영업정보
접기
영업 전11:00 오픈
연중무휴
화(7/28)
11:00 ~ 22:00
수(7/29)
11:00 ~ 22:00
목(7/30)
11:00 ~ 22:00
금(7/31)
11:00 ~ 22:00
토(8/1)
11:00 ~ 22:00
일(8/2)
11:00 ~ 22:00
월(8/3)
11:00 ~ 22:00"
"8679773","청자골강진식육식당","영업정보
접기
휴무일내일 12:00 오픈
화(7/28)
휴무일
수(7/29)
12:00 ~ 22:00
14:30 ~ 17:00 브레이크타임
목(7/30)
12:00 ~ 22:00
14:30 ~ 17:00 브레이크타임
금(7/31)
12:00 ~ 22:00
14:30 ~ 17:00 브레이크타임
토(8/1)
12:00 ~ 22:00
15:00 ~ 17:00 브레이크타임
일(8/2)
12:00 ~ 22:00
15:00 ~ 17:00 브레이크타임
월(8/3)
12:00 ~ 22:00
14:30 ~ 17:00 브레이크타임"
"14517683","동산회관","영업정보
접기
영업 전11:00 오픈
화(7/28)
11:00 ~ 21:30
15:00 ~ 17:00 브레이크타임
20:20 라스트오더
수(7/29)
11:00 ~ 21:30
15:00 ~ 17:00 브레이크타임
20:20 라스트오더
목(7/30)
11:00 ~ 21:30
15:00 ~ 17:00 브레이크타임
20:20 라스트오더
금(7/31)
11:00 ~ 21:30
15:00 ~ 17:00 브레이크타임
20:20 라스트오더
토(8/1)
11:00 ~ 21:30
15:00 ~ 17:00 브레이크타임
20:20 라스트오더
일(8/2)
11:00 ~ 21:30
15:00 ~ 17:00 브레이크타임
20:20 라스트오더
월(8/3)
휴무일"
"1324485849","예향정 전대점","영업정보
접기
영업 전10:00 오픈
화(7/28)
10:00 ~ 21:30
수(7/29)
10:00 ~ 21:30
목(7/30)
10:00 ~ 21:30
금(7/31)
10:00 ~ 21:30
토(8/1)
10:00 ~ 21:30
일(8/2)
10:00 ~ 21:30
월(8/3)
10:00 ~ 21:30"
"1229072760","돼지꿈꾸다","영업정보
접기
영업 중01:30 까지
월(7/27)
16:00 ~ 01:30
00:50 라스트오더
화(7/28)
16:00 ~ 01:30
00:50 라스트오더
수(7/29)
16:00 ~ 01:30
00:50 라스트오더
목(7/30)
16:00 ~ 01:30
00:50 라스트오더
금(7/31)
16:00 ~ 01:30
00:50 라스트오더
토(8/1)
16:00 ~ 01:30
00:50 라스트오더
일(8/2)
휴무일"
"8025577","옥천면옥 본점","영업정보
접기
영업 전11:00 오픈
화(7/28)
11:00 ~ 21:30
15:30 ~ 17:00 브레이크타임
수(7/29)
11:00 ~ 21:30
15:30 ~ 17:00 브레이크타임
목(7/30)
11:00 ~ 21:30
15:30 ~ 17:00 브레이크타임
금(7/31)
11:00 ~ 21:30
15:30 ~ 17:00 브레이크타임
토(8/1)
11:00 ~ 21:30
15:30 ~ 17:00 브레이크타임
일(8/2)
11:00 ~ 21:30
15:30 ~ 17:00 브레이크타임
월(8/3)
11:00 ~ 21:30
15:30 ~ 17:00 브레이크타임
영업정보 전체보기"
"969560632","옹고집보쌈","영업정보
접기
영업 전11:30 오픈
화(7/28)
11:30 ~ 21:00
14:00 ~ 17:30 브레이크타임
20:30 라스트오더
수(7/29)
11:30 ~ 21:00
14:00 ~ 17:30 브레이크타임
20:30 라스트오더
목(7/30)
11:30 ~ 21:00
14:00 ~ 17:30 브레이크타임
20:30 라스트오더
금(7/31)
11:30 ~ 21:00
14:00 ~ 17:30 브레이크타임
20:30 라스트오더
토(8/1)
11:30 ~ 21:00
14:00 ~ 17:30 브레이크타임
20:30 라스트오더
일(8/2)
11:30 ~ 21:00
14:00 ~ 17:30 브레이크타임
20:30 라스트오더
월(8/3)
휴무일"
"589043835","채우담 본점","영업정보
접기
영업 전11:30 오픈
화(7/28)
11:30 ~ 21:00
15:30 ~ 17:00 브레이크타임
20:20 라스트오더
수(7/29)
11:30 ~ 21:00
15:30 ~ 17:00 브레이크타임
20:20 라스트오더
목(7/30)
11:30 ~ 21:00
15:30 ~ 17:00 브레이크타임
20:20 라스트오더
금(7/31)
11:30 ~ 21:00
15:30 ~ 17:00 브레이크타임
20:20 라스트오더
토(8/1)
11:30 ~ 21:00
15:30 ~ 17:00 브레이크타임
20:20 라스트오더
일(8/2)
휴무일
월(8/3)
11:30 ~ 21:00
15:30 ~ 17:00 브레이크타임
20:20 라스트오더"
"27432627","노릇노릇식당","영업정보
접기
영업 전11:30 오픈
화(7/28)
11:30 ~ 20:00
15:00 ~ 17:00 브레이크타임
19:30 라스트오더
수(7/29)
11:30 ~ 20:00
15:00 ~ 17:00 브레이크타임
19:30 라스트오더
목(7/30)
11:30 ~ 20:00
15:00 ~ 17:00 브레이크타임
19:30 라스트오더
금(7/31)
11:30 ~ 20:00
15:00 ~ 17:00 브레이크타임
19:30 라스트오더
토(8/1)
11:30 ~ 15:00
14:30 라스트오더
일(8/2)
휴무일
월(8/3)
11:30 ~ 20:00
15:00 ~ 17:00 브레이크타임
19:30 라스트오더"
"1434986865","뚱땅찌개&갈비찜 본점","영업정보
접기
영업 전11:00 오픈
화(7/28)
11:00 ~ 21:00
15:00 ~ 17:00 브레이크타임
수(7/29)
11:00 ~ 21:00
15:00 ~ 17:00 브레이크타임
목(7/30)
11:00 ~ 21:00
15:00 ~ 17:00 브레이크타임
금(7/31)
휴무일
토(8/1)
11:00 ~ 21:00
15:00 ~ 17:00 브레이크타임
일(8/2)
11:00 ~ 21:00
15:00 ~ 17:00 브레이크타임
월(8/3)
11:00 ~ 21:00
15:00 ~ 17:00 브레이크타임"
"26895435","쭉심","영업정보
접기
영업 전12:00 오픈
화(7/28)
12:00 ~ 24:00
수(7/29)
12:00 ~ 24:00
목(7/30)
12:00 ~ 24:00
금(7/31)
12:00 ~ 24:00
토(8/1)
12:00 ~ 24:00
일(8/2)
12:00 ~ 24:00
월(8/3)
12:00 ~ 24:00"
"10554581","수진식당","영업정보
접기
영업 전11:00 오픈
화(7/28)
11:00 ~ 14:30
수(7/29)
11:00 ~ 14:30
목(7/30)
11:00 ~ 14:30
금(7/31)
11:00 ~ 14:30
토(8/1)
11:00 ~ 14:30
일(8/2)
11:00 ~ 14:30
월(8/3)
11:00 ~ 14:30"
"1005848579","해수니보쌈","영업정보
접기
영업 전11:30 오픈
화(7/28)
11:30 ~ 21:30
14:00 ~ 17:00 브레이크타임
20:00 라스트오더
수(7/29)
11:30 ~ 21:30
14:00 ~ 17:00 브레이크타임
20:00 라스트오더
목(7/30)
11:30 ~ 21:30
14:00 ~ 17:00 브레이크타임
20:00 라스트오더
금(7/31)
11:30 ~ 21:30
14:00 ~ 17:00 브레이크타임
20:00 라스트오더
토(8/1)
휴무일
일(8/2)
11:30 ~ 21:30
14:00 ~ 17:00 브레이크타임
20:00 라스트오더
월(8/3)
11:30 ~ 21:30
14:00 ~ 17:00 브레이크타임
20:00 라스트오더"
"10833692","청죽골한우식육식당","영업정보
접기
영업 전11:30 오픈
화(7/28)
11:30 ~ 21:30
14:30 ~ 16:30 브레이크타임
수(7/29)
11:30 ~ 21:30
14:30 ~ 16:30 브레이크타임
목(7/30)
11:30 ~ 21:30
14:30 ~ 16:30 브레이크타임
금(7/31)
11:30 ~ 21:30
14:30 ~ 16:30 브레이크타임
토(8/1)
11:30 ~ 21:30
14:30 ~ 16:30 브레이크타임
일(8/2)
11:30 ~ 21:30
14:30 ~ 16:30 브레이크타임
월(8/3)
11:30 ~ 21:30
14:30 ~ 16:30 브레이크타임"
"439850494","벼락","영업정보
접기
영업 전10:30 오픈
화(7/28)
10:30 ~ 20:45
수(7/29)
10:30 ~ 20:45
목(7/30)
10:30 ~ 20:45
금(7/31)
10:30 ~ 20:45
토(8/1)
10:30 ~ 20:45
일(8/2)
10:30 ~ 20:45
월(8/3)
10:30 ~ 20:45
요기요 제공"
"1148199265","만미당 본점","영업정보
접기
영업 전11:00 오픈
화(7/28)
11:00 ~ 22:00
21:00 라스트오더
수(7/29)
11:00 ~ 22:00
21:00 라스트오더
목(7/30)
11:00 ~ 22:00
21:00 라스트오더
금(7/31)
11:00 ~ 22:00
21:00 라스트오더
토(8/1)
11:00 ~ 22:00
21:00 라스트오더
일(8/2)
11:00 ~ 22:00
21:00 라스트오더
월(8/3)
11:00 ~ 22:00
21:00 라스트오더"
"17548193","한접시 본점","영업정보
영업시간을 알려주세요"
"252228904","올능이능이버섯백숙 본점","영업정보
접기
영업 전10:00 오픈
화(7/28)
10:00 ~ 21:30
14:30 ~ 16:30 브레이크타임
수(7/29)
10:00 ~ 21:30
14:30 ~ 16:30 브레이크타임
목(7/30)
10:00 ~ 21:30
14:30 ~ 16:30 브레이크타임
금(7/31)
10:00 ~ 21:30
14:30 ~ 16:30 브레이크타임
토(8/1)
10:00 ~ 21:30
14:30 ~ 16:30 브레이크타임
일(8/2)
10:00 ~ 21:30
14:30 ~ 16:30 브레이크타임
월(8/3)
10:00 ~ 21:30
14:30 ~ 16:30 브레이크타임"
"910263067","모퉁이집","영업정보
접기
영업 전11:00 오픈
화(7/28)
11:00 ~ 20:00
수(7/29)
11:00 ~ 20:00
목(7/30)
11:00 ~ 20:00
금(7/31)
11:00 ~ 20:00
토(8/1)
11:00 ~ 19:30
일(8/2)
휴무일
월(8/3)
11:00 ~ 20:00"
"11159904","장가네생태탕","영업정보
접기
영업 전11:00 오픈
화(7/28)
11:00 ~ 22:00
14:30 ~ 16:30 브레이크타임
수(7/29)
11:00 ~ 22:00
14:30 ~ 16:30 브레이크타임
목(7/30)
11:00 ~ 22:00
14:30 ~ 16:30 브레이크타임
금(7/31)
11:00 ~ 22:00
14:30 ~ 16:30 브레이크타임
토(8/1)
11:00 ~ 22:00
14:30 ~ 16:30 브레이크타임
일(8/2)
휴무일
월(8/3)
11:00 ~ 22:00
14:30 ~ 16:30 브레이크타임"
"13083741","숯과닭발 용봉점","영업정보
접기
영업 전17:00 오픈
화(7/28)
17:00 ~ 24:00
23:00 라스트오더
수(7/29)
17:00 ~ 24:00
23:00 라스트오더
목(7/30)
17:00 ~ 24:00
23:00 라스트오더
금(7/31)
17:00 ~ 24:00
23:00 라스트오더
토(8/1)
17:00 ~ 24:00
23:00 라스트오더
일(8/2)
휴무일
월(8/3)
17:00 ~ 24:00
23:00 라스트오더"
"1241915637","어우러기","영업정보
접기
영업 전11:00 오픈
화(7/28)
11:00 ~ 19:30
수(7/29)
11:00 ~ 19:30
목(7/30)
11:00 ~ 19:30
금(7/31)
11:00 ~ 19:30
토(8/1)
11:00 ~ 19:30
일(8/2)
휴무일
월(8/3)
11:00 ~ 19:30"
"27503877","뼈대있는집","영업정보
접기
영업 중24시간 영업
화(7/28)
00:00 ~ 24:00
수(7/29)
00:00 ~ 24:00
목(7/30)
00:00 ~ 24:00
금(7/31)
00:00 ~ 24:00
토(8/1)
00:00 ~ 24:00
일(8/2)
00:00 ~ 24:00
월(8/3)
00:00 ~ 24:00"
"925624779","고향보쌈칼국수 용봉점","영업정보
접기
영업 전11:30 오픈
화(7/28)
11:30 ~ 21:30
16:00 ~ 17:00 브레이크타임
수(7/29)
11:30 ~ 21:30
16:00 ~ 17:00 브레이크타임
목(7/30)
11:30 ~ 21:30
16:00 ~ 17:00 브레이크타임
금(7/31)
11:30 ~ 21:30
16:00 ~ 17:00 브레이크타임
토(8/1)
11:30 ~ 21:30
일(8/2)
11:30 ~ 21:30
월(8/3)
11:30 ~ 21:30
16:00 ~ 17:00 브레이크타임
영업정보 전체보기"
"8460928","옴팡골콩나물국밥","영업정보
접기
영업 전09:40 오픈
화(7/28)
09:40 ~ 22:00
수(7/29)
09:40 ~ 22:00
목(7/30)
09:40 ~ 22:00
금(7/31)
09:40 ~ 22:00
토(8/1)
09:40 ~ 22:00
일(8/2)
휴무일
월(8/3)
09:40 ~ 22:00"
"1808492143","민속촌 용봉점","영업정보
접기
영업 전11:00 오픈
화(7/28)
11:00 ~ 22:00
15:00 ~ 17:00 브레이크타임
21:00 라스트오더
수(7/29)
11:00 ~ 22:00
15:00 ~ 17:00 브레이크타임
21:00 라스트오더
목(7/30)
11:00 ~ 22:00
15:00 ~ 17:00 브레이크타임
21:00 라스트오더
금(7/31)
11:00 ~ 22:00
15:00 ~ 17:00 브레이크타임
21:00 라스트오더
토(8/1)
11:00 ~ 22:00
15:00 ~ 17:00 브레이크타임
21:00 라스트오더
일(8/2)
11:00 ~ 22:00
15:00 ~ 17:00 브레이크타임
21:00 라스트오더
월(8/3)
11:00 ~ 22:00
15:00 ~ 17:00 브레이크타임
21:00 라스트오더"
"1446094650","골목","영업정보
접기
영업 전11:00 오픈
화(7/28)
11:00 ~ 21:00
15:00 ~ 17:00 브레이크타임
수(7/29)
11:00 ~ 21:00
15:00 ~ 17:00 브레이크타임
목(7/30)
11:00 ~ 21:00
15:00 ~ 17:00 브레이크타임
금(7/31)
11:00 ~ 21:00
15:00 ~ 17:00 브레이크타임
토(8/1)
11:00 ~ 21:00
15:00 ~ 17:00 브레이크타임
일(8/2)
11:00 ~ 21:00
월(8/3)
11:00 ~ 21:00
15:00 ~ 17:00 브레이크타임
영업정보 전체보기"
"8453791","예송추어탕","영업정보
접기
영업 전09:00 오픈
화(7/28)
09:00 ~ 21:00
수(7/29)
09:00 ~ 21:00
목(7/30)
09:00 ~ 21:00
금(7/31)
09:00 ~ 21:00
토(8/1)
09:00 ~ 21:00
일(8/2)
09:00 ~ 21:00
월(8/3)
09:00 ~ 21:00"
"16198175","한국식당","영업정보
영업시간을 알려주세요"
"1883905944","돼지촌","영업정보
접기
영업 전11:00 오픈
화(7/28)
11:00 ~ 22:00
수(7/29)
11:00 ~ 22:00
목(7/30)
11:00 ~ 22:00
금(7/31)
11:00 ~ 22:00
토(8/1)
11:00 ~ 22:00
일(8/2)
11:00 ~ 22:00
월(8/3)
11:00 ~ 22:00"
"21999861","김동현의용곱창","영업정보
접기
영업 전17:00 오픈
화(7/28)
17:00 ~ 23:00
수(7/29)
17:00 ~ 23:00
목(7/30)
17:00 ~ 23:00
금(7/31)
17:00 ~ 23:00
토(8/1)
17:00 ~ 23:00
일(8/2)
17:00 ~ 23:00
월(8/3)
17:00 ~ 23:00"
"1869248209","대풍수","영업정보
접기
영업 전11:00 오픈
화(7/28)
11:00 ~ 21:00
수(7/29)
11:00 ~ 21:00
목(7/30)
11:00 ~ 21:00
금(7/31)
11:00 ~ 21:00
토(8/1)
휴무일
일(8/2)
11:00 ~ 21:00
월(8/3)
11:00 ~ 21:00"
"21022108","담양숯불갈비","영업정보
접기
영업 전11:00 오픈
화(7/28)
11:00 ~ 22:00
수(7/29)
11:00 ~ 22:00
목(7/30)
11:00 ~ 22:00
금(7/31)
11:00 ~ 22:00
토(8/1)
11:00 ~ 22:00
일(8/2)
11:00 ~ 22:00
월(8/3)
11:00 ~ 22:00"
"9213899","스피드반점","영업정보
접기
영업 전11:00 오픈
화(7/28)
11:00 ~ 20:00
수(7/29)
11:00 ~ 20:00
목(7/30)
11:00 ~ 20:00
금(7/31)
11:00 ~ 20:00
토(8/1)
휴무일
일(8/2)
11:00 ~ 20:00
월(8/3)
11:00 ~ 20:00"
"295407511","소중대","영업정보
접기
영업 전09:00 오픈
화(7/28)
09:00 ~ 20:30
20:25 라스트오더
수(7/29)
09:00 ~ 20:30
20:25 라스트오더
목(7/30)
09:00 ~ 20:30
20:25 라스트오더
금(7/31)
09:00 ~ 20:30
20:25 라스트오더
토(8/1)
09:00 ~ 20:30
20:25 라스트오더
일(8/2)
09:00 ~ 20:30
20:25 라스트오더
월(8/3)
09:00 ~ 20:30
20:25 라스트오더"
"8616265","평화반점","영업정보
접기
영업 전11:00 오픈
화(7/28)
11:00 ~ 19:30
수(7/29)
11:00 ~ 19:30
목(7/30)
11:00 ~ 19:30
금(7/31)
11:00 ~ 19:30
토(8/1)
11:00 ~ 19:30
일(8/2)
11:00 ~ 19:30
월(8/3)
11:00 ~ 19:30"
"26071022","청미반점","영업정보
접기
영업 전09:00 오픈
화(7/28)
09:00 ~ 20:30
수(7/29)
09:00 ~ 20:30
목(7/30)
09:00 ~ 20:30
금(7/31)
09:00 ~ 20:30
토(8/1)
09:00 ~ 20:30
일(8/2)
09:00 ~ 20:30
월(8/3)
09:00 ~ 20:30"
"27210013","이비가짬뽕 광주전남대점","영업정보
접기
영업 전11:00 오픈
화(7/28)
11:00 ~ 21:00
수(7/29)
11:00 ~ 21:00
목(7/30)
11:00 ~ 21:00
금(7/31)
11:00 ~ 21:00
토(8/1)
11:00 ~ 21:00
일(8/2)
11:00 ~ 21:00
월(8/3)
11:00 ~ 21:00"
"1780481632","도향","영업정보
접기
영업 전11:00 오픈
화(7/28)
11:00 ~ 20:00
14:30 ~ 17:00 브레이크타임
수(7/29)
11:00 ~ 20:00
14:30 ~ 17:00 브레이크타임
목(7/30)
11:00 ~ 20:00
14:30 ~ 17:00 브레이크타임
금(7/31)
11:00 ~ 20:00
14:30 ~ 17:00 브레이크타임
토(8/1)
11:00 ~ 20:00
14:30 ~ 17:00 브레이크타임
일(8/2)
11:00 ~ 20:00
14:30 ~ 17:00 브레이크타임
월(8/3)
휴무일
영업정보 전체보기"
"792701540","신사천마라탕","영업정보
접기
영업 전10:30 오픈
화(7/28)
10:30 ~ 22:00
수(7/29)
10:30 ~ 22:00
목(7/30)
10:30 ~ 22:00
금(7/31)
10:30 ~ 22:00
토(8/1)
10:30 ~ 22:00
일(8/2)
10:30 ~ 22:00
월(8/3)
10:30 ~ 22:00"
"112736157","마라미녀 전대점","영업정보
접기
곧 영업 마감01:00 까지
월(7/27)
11:00 ~ 01:00
화(7/28)
11:00 ~ 01:00
수(7/29)
11:00 ~ 01:00
목(7/30)
11:00 ~ 01:00
금(7/31)
11:00 ~ 01:00
토(8/1)
11:00 ~ 01:00
일(8/2)
11:00 ~ 01:00"
"1925236191","일미양꼬치","영업정보
접기
영업 전17:00 오픈
화(7/28)
17:00 ~ 21:00
수(7/29)
17:00 ~ 21:00
목(7/30)
17:00 ~ 21:00
금(7/31)
17:00 ~ 21:00
토(8/1)
17:00 ~ 21:00
일(8/2)
휴무일
월(8/3)
17:00 ~ 21:00"
"470335320","탕화쿵푸마라탕 전대점","영업정보
접기
영업 전11:00 오픈
화(7/28)
11:00 ~ 22:00
수(7/29)
11:00 ~ 22:00
목(7/30)
11:00 ~ 22:00
금(7/31)
11:00 ~ 22:00
토(8/1)
11:00 ~ 22:00
일(8/2)
11:00 ~ 22:00
월(8/3)
휴무일"
"953930264","하늘성","영업정보
접기
영업 전09:00 오픈
화(7/28)
09:00 ~ 20:00
15:00 ~ 16:00 브레이크타임
수(7/29)
09:00 ~ 20:00
15:00 ~ 16:00 브레이크타임
목(7/30)
09:00 ~ 20:00
15:00 ~ 16:00 브레이크타임
금(7/31)
09:00 ~ 20:00
15:00 ~ 16:00 브레이크타임
토(8/1)
09:00 ~ 20:00
15:00 ~ 16:00 브레이크타임
일(8/2)
09:00 ~ 20:00
15:00 ~ 16:00 브레이크타임
월(8/3)
휴무일"
"8711642","금룡","영업정보
접기
영업 전11:00 오픈
화(7/28)
11:00 ~ 23:00
수(7/29)
11:00 ~ 23:00
목(7/30)
11:00 ~ 23:00
금(7/31)
11:00 ~ 23:00
토(8/1)
11:00 ~ 23:00
일(8/2)
11:00 ~ 23:00
월(8/3)
11:00 ~ 23:00"
"696355561","효자반점 전대직영점","영업정보
접기
영업 전11:00 오픈
브레이크 타임 14:30~16:00
화(7/28)
11:00 ~ 21:00
수(7/29)
11:00 ~ 21:00
목(7/30)
11:00 ~ 21:00
금(7/31)
11:00 ~ 21:00
토(8/1)
11:00 ~ 21:00
일(8/2)
11:00 ~ 21:00
월(8/3)
11:00 ~ 21:00"
"1859068427","이런이궈마라탕 전남대점","영업정보
접기
영업 전10:40 오픈
화(7/28)
10:40 ~ 22:00
수(7/29)
10:40 ~ 22:00
목(7/30)
10:40 ~ 22:00
금(7/31)
10:40 ~ 22:00
토(8/1)
10:40 ~ 22:00
일(8/2)
10:40 ~ 22:00
월(8/3)
10:40 ~ 22:00"
"1531841123","황후쟁반짜장","영업정보
영업시간을 알려주세요"
"2104380651","화궁방마라탕","영업정보
접기
영업 전11:00 오픈
화(7/28)
11:00 ~ 22:30
수(7/29)
11:00 ~ 22:30
목(7/30)
11:00 ~ 22:30
금(7/31)
11:00 ~ 22:30
토(8/1)
11:00 ~ 22:30
일(8/2)
11:00 ~ 22:30
월(8/3)
11:00 ~ 22:30"
"1449779133","라쿵푸마라탕 광주전남대점","영업정보
접기
영업 전11:00 오픈
화(7/28)
11:00 ~ 21:00
수(7/29)
11:00 ~ 21:00
목(7/30)
11:00 ~ 21:00
금(7/31)
11:00 ~ 21:00
토(8/1)
11:00 ~ 21:00
일(8/2)
11:00 ~ 21:00
월(8/3)
11:00 ~ 21:00"
"12559151","차이나궁","영업정보
접기
영업 중02:00 까지
월(7/27)
11:30 ~ 02:00
화(7/28)
11:30 ~ 02:00
수(7/29)
11:30 ~ 02:00
목(7/30)
11:30 ~ 02:00
금(7/31)
11:30 ~ 02:00
토(8/1)
11:30 ~ 02:00
일(8/2)
11:30 ~ 02:00"
"1909694463","푸다회전훠궈","영업정보
접기
영업 전11:00 오픈
라스트 오더는 8시까지 입니다.
화(7/28)
11:00 ~ 21:00
수(7/29)
11:00 ~ 21:00
목(7/30)
11:00 ~ 21:00
금(7/31)
11:00 ~ 21:00
토(8/1)
11:00 ~ 21:00
일(8/2)
11:00 ~ 21:00
월(8/3)
11:00 ~ 21:00"
"222777500","태극반점","영업정보
접기
영업 전10:00 오픈
화(7/28)
10:00 ~ 20:30
수(7/29)
10:00 ~ 20:30
목(7/30)
10:00 ~ 20:30
금(7/31)
10:00 ~ 20:30
토(8/1)
10:00 ~ 20:30
일(8/2)
10:00 ~ 20:30
월(8/3)
10:00 ~ 20:30"
"10427755","삼호반점","영업정보
접기
영업 전11:00 오픈
화(7/28)
11:00 ~ 19:30
수(7/29)
11:00 ~ 19:30
목(7/30)
11:00 ~ 19:30
금(7/31)
11:00 ~ 19:30
토(8/1)
11:00 ~ 19:30
일(8/2)
휴무일
월(8/3)
11:00 ~ 19:30"
"449293113","엄마손중국식분식","영업정보
접기
영업 전11:00 오픈
화(7/28)
11:00 ~ 21:00
수(7/29)
11:00 ~ 21:00
목(7/30)
11:00 ~ 21:00
금(7/31)
11:00 ~ 21:00
토(8/1)
11:00 ~ 21:00
일(8/2)
11:00 ~ 21:00
월(8/3)
11:00 ~ 21:00
요기요 제공"
"1181525217","도야짬뽕 용봉점","영업정보
접기
영업 전10:00 오픈
화(7/28)
10:00 ~ 21:00
14:50 ~ 16:00 브레이크타임
20:30 라스트오더
수(7/29)
10:00 ~ 21:00
14:50 ~ 16:00 브레이크타임
20:30 라스트오더
목(7/30)
10:00 ~ 21:00
14:50 ~ 16:00 브레이크타임
20:30 라스트오더
금(7/31)
10:00 ~ 21:00
14:50 ~ 16:00 브레이크타임
20:30 라스트오더
토(8/1)
10:00 ~ 21:00
14:50 ~ 16:00 브레이크타임
20:30 라스트오더
일(8/2)
10:00 ~ 21:00
14:50 ~ 16:00 브레이크타임
20:30 라스트오더
월(8/3)
10:00 ~ 21:00
14:50 ~ 16:00 브레이크타임
20:30 라스트오더"
"1453657934","애상마라탕우육면","영업정보
접기
영업 전11:00 오픈
화(7/28)
11:00 ~ 22:00
수(7/29)
11:00 ~ 22:00
목(7/30)
11:00 ~ 22:00
금(7/31)
11:00 ~ 22:00
토(8/1)
11:00 ~ 22:00
일(8/2)
11:00 ~ 22:00
월(8/3)
11:00 ~ 22:00"
"604660663","보배반점 중흥점","영업정보
접기
영업 전11:00 오픈
화(7/28)
11:00 ~ 22:00
21:00 라스트오더
수(7/29)
11:00 ~ 22:00
21:00 라스트오더
목(7/30)
11:00 ~ 22:00
21:00 라스트오더
금(7/31)
11:00 ~ 22:00
21:00 라스트오더
토(8/1)
11:00 ~ 22:00
21:00 라스트오더
일(8/2)
11:00 ~ 22:00
21:00 라스트오더
월(8/3)
11:00 ~ 22:00
21:00 라스트오더"
"1597621790","중화반점 칭칭","영업정보
접기
영업 전10:00 오픈
화(7/28)
10:00 ~ 21:00
수(7/29)
10:00 ~ 21:00
목(7/30)
10:00 ~ 21:00
금(7/31)
10:00 ~ 21:00
토(8/1)
10:00 ~ 21:00
일(8/2)
10:00 ~ 21:00
월(8/3)
10:00 ~ 21:00"
"191101836","김정호깐풍기","영업정보
접기
영업 전17:00 오픈
화(7/28)
17:00 ~ 24:00
수(7/29)
17:00 ~ 24:00
목(7/30)
16:00 ~ 24:00
금(7/31)
16:00 ~ 24:00
토(8/1)
16:00 ~ 24:00
일(8/2)
16:00 ~ 22:00
월(8/3)
17:00 ~ 24:00"
"596883620","마라푸우 상대점","영업정보
접기
영업 전10:00 오픈
연중무휴
화(7/28)
10:00 ~ 22:50
수(7/29)
10:00 ~ 22:50
목(7/30)
10:00 ~ 22:50
금(7/31)
10:00 ~ 22:50
토(8/1)
10:00 ~ 22:50
일(8/2)
10:00 ~ 22:50
월(8/3)
10:00 ~ 22:50"
"1024491681","넘버원마라탕","영업정보
영업시간을 알려주세요"
"397020354","백두산","영업정보
접기
영업 전08:00 오픈
화(7/28)
08:00 ~ 24:00
수(7/29)
휴무일
목(7/30)
08:00 ~ 24:00
금(7/31)
08:00 ~ 24:00
토(8/1)
08:00 ~ 24:00
일(8/2)
08:00 ~ 24:00
월(8/3)
08:00 ~ 24:00"
"559190141","북경깐풍기","영업정보
영업시간을 알려주세요"
"8102203","K2","영업정보
접기
영업 전11:30 오픈
화(7/28)
11:30 ~ 20:30
14:20 ~ 17:30 브레이크타임
수(7/29)
11:30 ~ 20:30
14:20 ~ 17:30 브레이크타임
목(7/30)
11:30 ~ 20:30
14:20 ~ 17:30 브레이크타임
금(7/31)
11:30 ~ 20:30
14:20 ~ 17:30 브레이크타임
토(8/1)
11:30 ~ 20:30
14:20 ~ 17:30 브레이크타임
일(8/2)
휴무일
월(8/3)
11:30 ~ 20:30
14:20 ~ 17:30 브레이크타임"
"194154829","상무초밥 용봉점","영업정보
접기
영업 전11:00 오픈
화(7/28)
11:00 ~ 22:00
21:30 라스트오더
수(7/29)
11:00 ~ 22:00
21:30 라스트오더
목(7/30)
11:00 ~ 22:00
21:30 라스트오더
금(7/31)
11:00 ~ 22:00
21:30 라스트오더
토(8/1)
11:00 ~ 22:00
21:30 라스트오더
일(8/2)
11:00 ~ 22:00
21:30 라스트오더
월(8/3)
11:00 ~ 22:00
21:30 라스트오더"
"26481884","미스터초밥왕 전대점","영업정보
접기
영업 전11:00 오픈
화(7/28)
11:00 ~ 21:00
수(7/29)
11:00 ~ 21:00
목(7/30)
11:00 ~ 21:00
금(7/31)
11:00 ~ 21:00
토(8/1)
11:00 ~ 21:00
일(8/2)
11:00 ~ 21:00
월(8/3)
11:00 ~ 21:00"
"26880620","카츠앤맘","영업정보
접기
영업 전11:00 오픈
화(7/28)
11:00 ~ 20:30
수(7/29)
11:00 ~ 20:30
목(7/30)
11:00 ~ 20:30
금(7/31)
11:00 ~ 20:30
토(8/1)
11:00 ~ 20:00
일(8/2)
11:00 ~ 20:00
월(8/3)
11:00 ~ 20:30"
"16426670","까동","영업정보
접기
영업 전11:00 오픈
화(7/28)
11:00 ~ 20:00
15:00 ~ 17:00 브레이크타임
수(7/29)
11:00 ~ 20:00
15:00 ~ 17:00 브레이크타임
목(7/30)
11:00 ~ 20:00
15:00 ~ 17:00 브레이크타임
금(7/31)
11:00 ~ 20:00
15:00 ~ 17:00 브레이크타임
토(8/1)
10:30 ~ 20:00
15:30 ~ 17:00 브레이크타임
일(8/2)
휴무일
월(8/3)
11:00 ~ 20:00
15:00 ~ 17:00 브레이크타임"
"26841915","미스터초밥 용봉점","영업정보
접기
영업 전10:30 오픈
화(7/28)
10:30 ~ 21:50
수(7/29)
10:30 ~ 21:50
목(7/30)
10:30 ~ 21:50
금(7/31)
10:30 ~ 21:50
토(8/1)
10:30 ~ 21:50
일(8/2)
10:30 ~ 21:50
월(8/3)
10:30 ~ 21:50"
"16195787","다다 전대점","영업정보
접기
영업 전11:30 오픈
화(7/28)
11:30 ~ 21:00
15:00 ~ 17:00 브레이크타임
수(7/29)
11:30 ~ 21:00
15:00 ~ 17:00 브레이크타임
목(7/30)
11:30 ~ 21:00
15:00 ~ 17:00 브레이크타임
금(7/31)
11:30 ~ 21:00
15:00 ~ 17:00 브레이크타임
토(8/1)
11:30 ~ 21:00
15:00 ~ 17:00 브레이크타임
일(8/2)
11:30 ~ 21:00
15:00 ~ 17:00 브레이크타임
월(8/3)
11:30 ~ 21:00
15:00 ~ 17:00 브레이크타임"
"1874097305","라멘키노리","영업정보
접기
영업 전11:30 오픈
점심 라스트오더 14:30분
저녁 라스트오더 20시 입니다
화(7/28)
11:30 ~ 20:30
14:30 ~ 17:00 브레이크타임
수(7/29)
11:30 ~ 20:30
14:30 ~ 17:00 브레이크타임
목(7/30)
11:30 ~ 20:30
14:30 ~ 17:00 브레이크타임
금(7/31)
11:30 ~ 20:30
14:30 ~ 17:00 브레이크타임
토(8/1)
11:30 ~ 20:30
14:30 ~ 17:00 브레이크타임
일(8/2)
11:30 ~ 20:30
14:30 ~ 17:00 브레이크타임
월(8/3)
11:30 ~ 20:30
14:30 ~ 17:00 브레이크타임"
"27271466","전대별식","영업정보
접기
영업 전11:30 오픈
화(7/28)
11:30 ~ 22:00
15:00 ~ 17:00 브레이크타임
수(7/29)
11:30 ~ 22:00
15:00 ~ 17:00 브레이크타임
목(7/30)
11:30 ~ 22:00
15:00 ~ 17:00 브레이크타임
금(7/31)
11:30 ~ 22:00
15:00 ~ 17:00 브레이크타임
토(8/1)
11:30 ~ 22:00
15:00 ~ 17:00 브레이크타임
일(8/2)
휴무일
월(8/3)
11:30 ~ 22:00
15:00 ~ 17:00 브레이크타임"
"1862857716","후토후토 전남대점","영업정보
접기
영업 전09:00 오픈
연중무휴
화(7/28)
09:00 ~ 22:00
수(7/29)
09:00 ~ 22:00
목(7/30)
09:00 ~ 22:00
금(7/31)
09:00 ~ 22:00
토(8/1)
09:00 ~ 22:00
일(8/2)
09:00 ~ 22:00
월(8/3)
09:00 ~ 22:00"
"1716729568","소코아 전대점","영업정보
접기
영업 전11:30 오픈
화(7/28)
11:30 ~ 21:00
15:00 ~ 17:00 브레이크타임
수(7/29)
11:30 ~ 21:00
15:00 ~ 17:00 브레이크타임
목(7/30)
11:30 ~ 21:00
15:00 ~ 17:00 브레이크타임
금(7/31)
11:30 ~ 21:00
15:00 ~ 17:00 브레이크타임
토(8/1)
11:30 ~ 21:00
15:00 ~ 17:00 브레이크타임
일(8/2)
11:30 ~ 21:00
15:00 ~ 17:00 브레이크타임
월(8/3)
11:30 ~ 21:00
15:00 ~ 17:00 브레이크타임"
"2048336778","초밥마을","영업정보
접기
영업 전11:30 오픈
화(7/28)
11:30 ~ 21:00
15:00 ~ 17:00 브레이크타임
20:30 라스트오더
수(7/29)
11:30 ~ 21:00
15:00 ~ 17:00 브레이크타임
20:30 라스트오더
목(7/30)
11:30 ~ 21:00
15:00 ~ 17:00 브레이크타임
20:30 라스트오더
금(7/31)
11:30 ~ 21:00
15:00 ~ 17:00 브레이크타임
20:30 라스트오더
토(8/1)
11:30 ~ 21:00
15:00 ~ 17:00 브레이크타임
20:30 라스트오더
일(8/2)
11:30 ~ 21:00
15:00 ~ 17:00 브레이크타임
20:30 라스트오더
월(8/3)
11:30 ~ 21:00
15:00 ~ 17:00 브레이크타임
20:30 라스트오더"
"1135174500","산카쿠 광주본점","영업정보
접기
영업 전11:00 오픈
라스트오더 20:00
화(7/28)
11:00 ~ 20:30
14:30 ~ 17:00 브레이크타임
수(7/29)
11:00 ~ 20:30
14:30 ~ 17:00 브레이크타임
목(7/30)
11:00 ~ 20:30
14:30 ~ 17:00 브레이크타임
금(7/31)
11:00 ~ 20:30
14:30 ~ 17:00 브레이크타임
토(8/1)
11:00 ~ 20:30
14:30 ~ 17:00 브레이크타임
일(8/2)
11:00 ~ 20:30
14:30 ~ 17:00 브레이크타임
월(8/3)
11:00 ~ 20:30
14:30 ~ 17:00 브레이크타임
영업정보 전체보기"
"19382323","타카라카레","영업정보
접기
영업 전11:30 오픈
화(7/28)
11:30 ~ 21:00
20:30 라스트오더
수(7/29)
11:30 ~ 21:00
20:30 라스트오더
목(7/30)
11:30 ~ 21:00
20:30 라스트오더
금(7/31)
11:30 ~ 21:00
20:30 라스트오더
토(8/1)
11:30 ~ 21:00
20:30 라스트오더
일(8/2)
11:30 ~ 21:00
20:30 라스트오더
월(8/3)
11:30 ~ 21:00
20:30 라스트오더"
"15706607","행복한혼끼 전대본점","영업정보
접기
영업 전11:00 오픈
화(7/28)
11:00 ~ 21:00
20:30 라스트오더
수(7/29)
11:00 ~ 21:00
20:30 라스트오더
목(7/30)
11:00 ~ 21:00
20:30 라스트오더
금(7/31)
11:00 ~ 21:00
20:30 라스트오더
토(8/1)
11:00 ~ 15:00
14:30 라스트오더
일(8/2)
휴무일
월(8/3)
11:00 ~ 21:00
20:30 라스트오더"
"1727202511","마카나이 전대점","영업정보
접기
영업 전11:00 오픈
화(7/28)
11:00 ~ 21:00
수(7/29)
11:00 ~ 21:00
목(7/30)
11:00 ~ 21:00
금(7/31)
11:00 ~ 21:00
토(8/1)
11:00 ~ 21:00
일(8/2)
11:00 ~ 21:00
월(8/3)
11:00 ~ 21:00"
"191704303","백소정 전남대점","영업정보
접기
영업 전11:00 오픈
화(7/28)
11:00 ~ 21:00
15:00 ~ 17:00 브레이크타임
20:00 라스트오더
수(7/29)
11:00 ~ 21:00
15:00 ~ 17:00 브레이크타임
20:00 라스트오더
목(7/30)
11:00 ~ 21:00
15:00 ~ 17:00 브레이크타임
20:00 라스트오더
금(7/31)
11:00 ~ 21:00
15:00 ~ 17:00 브레이크타임
20:00 라스트오더
토(8/1)
11:00 ~ 21:00
15:00 ~ 17:00 브레이크타임
20:00 라스트오더
일(8/2)
11:00 ~ 21:00
15:00 ~ 17:00 브레이크타임
20:00 라스트오더
월(8/3)
11:00 ~ 21:00
15:00 ~ 17:00 브레이크타임
20:00 라스트오더"
"1809593474","오늘하루가 전대후문점","영업정보
접기
영업 전10:00 오픈
화(7/28)
10:00 ~ 02:00
01:20 라스트오더
수(7/29)
10:00 ~ 02:00
01:20 라스트오더
목(7/30)
10:00 ~ 02:00
01:20 라스트오더
금(7/31)
10:00 ~ 02:00
01:20 라스트오더
토(8/1)
10:00 ~ 02:00
01:20 라스트오더
일(8/2)
10:30 ~ 01:00
00:20 라스트오더
월(8/3)
휴무일"
"1785316555","정동 전대점","영업정보
접기
영업 전11:00 오픈
화(7/28)
11:00 ~ 20:30
15:00 ~ 16:30 브레이크타임
20:00 라스트오더
수(7/29)
11:00 ~ 20:30
15:00 ~ 16:30 브레이크타임
20:00 라스트오더
목(7/30)
11:00 ~ 20:30
15:00 ~ 16:30 브레이크타임
20:00 라스트오더
금(7/31)
11:00 ~ 20:30
15:00 ~ 16:30 브레이크타임
20:00 라스트오더
토(8/1)
11:00 ~ 20:30
15:00 ~ 16:30 브레이크타임
20:00 라스트오더
일(8/2)
11:00 ~ 20:30
15:00 ~ 16:30 브레이크타임
20:00 라스트오더
월(8/3)
11:00 ~ 20:30
15:00 ~ 16:30 브레이크타임
20:00 라스트오더"
"703648105","돈부리가게","영업정보
영업시간을 알려주세요"
"1678288128","동명카츠 중흥점","영업정보
접기
영업 전11:00 오픈
화(7/28)
11:00 ~ 20:00
수(7/29)
11:00 ~ 20:00
목(7/30)
11:00 ~ 20:00
금(7/31)
11:00 ~ 20:00
토(8/1)
11:00 ~ 20:00
일(8/2)
11:00 ~ 20:00
월(8/3)
휴무일"
"344257355","후토루 전대점","영업정보
접기
영업 전11:30 오픈
화(7/28)
11:30 ~ 20:00
수(7/29)
11:30 ~ 20:00
목(7/30)
11:30 ~ 20:00
금(7/31)
11:30 ~ 20:00
토(8/1)
11:30 ~ 20:00
일(8/2)
11:30 ~ 20:00
월(8/3)
11:30 ~ 20:00"
"1926578052","길성유부","영업정보
접기
영업 전11:00 오픈
화(7/28)
11:00 ~ 20:00
14:00 ~ 16:30 브레이크타임
19:00 라스트오더
수(7/29)
11:00 ~ 20:00
14:00 ~ 16:30 브레이크타임
19:00 라스트오더
목(7/30)
11:00 ~ 20:00
14:00 ~ 16:30 브레이크타임
19:00 라스트오더
금(7/31)
11:00 ~ 20:00
14:00 ~ 16:30 브레이크타임
19:00 라스트오더
토(8/1)
11:00 ~ 20:00
14:00 ~ 16:30 브레이크타임
19:00 라스트오더
일(8/2)
휴무일
월(8/3)
11:00 ~ 20:00
14:00 ~ 16:30 브레이크타임
19:00 라스트오더"
"882000346","미카도스시 광주용봉점","영업정보
접기
영업 전11:30 오픈
화(7/28)
11:30 ~ 21:00
수(7/29)
11:30 ~ 21:00
목(7/30)
11:30 ~ 21:00
금(7/31)
11:30 ~ 21:00
토(8/1)
11:30 ~ 21:00
일(8/2)
11:30 ~ 21:00
월(8/3)
11:30 ~ 21:00"
"16980164","마니마니 전대상대점","영업정보
영업시간을 알려주세요"
"1088450966","맛드림홍게우동집 전남대중흥점","영업정보
접기
영업 전11:00 오픈
화(7/28)
11:00 ~ 20:30
수(7/29)
11:00 ~ 20:30
목(7/30)
11:00 ~ 20:30
금(7/31)
11:00 ~ 20:30
토(8/1)
11:00 ~ 20:30
일(8/2)
휴무일
월(8/3)
11:00 ~ 20:30"
"1437375872","텐진야끼니꾸 용봉점","영업정보
접기
곧 영업 마감01:00 까지
월(7/27)
17:00 ~ 01:00
00:30 라스트오더
화(7/28)
17:00 ~ 01:00
00:30 라스트오더
수(7/29)
17:00 ~ 01:00
00:30 라스트오더
목(7/30)
17:00 ~ 01:00
00:30 라스트오더
금(7/31)
17:00 ~ 01:00
00:30 라스트오더
토(8/1)
17:00 ~ 01:00
00:30 라스트오더
일(8/2)
17:00 ~ 01:00
00:30 라스트오더"
"1767025820","정성카츠 광주용봉직영점","영업정보
접기
영업 전11:00 오픈
화(7/28)
11:00 ~ 20:00
수(7/29)
11:00 ~ 20:00
목(7/30)
11:00 ~ 20:00
금(7/31)
11:00 ~ 20:00
토(8/1)
11:00 ~ 20:00
일(8/2)
11:00 ~ 20:00
월(8/3)
11:00 ~ 20:00"
"1388821146","만배식탁 광주전남대점","영업정보
접기
영업 전10:30 오픈
화(7/28)
10:30 ~ 22:00
21:30 라스트오더
수(7/29)
10:30 ~ 22:00
21:30 라스트오더
목(7/30)
10:30 ~ 22:00
21:30 라스트오더
금(7/31)
10:30 ~ 22:00
21:30 라스트오더
토(8/1)
10:30 ~ 22:00
21:30 라스트오더
일(8/2)
10:30 ~ 22:00
21:30 라스트오더
월(8/3)
10:30 ~ 22:00
21:30 라스트오더"
"21223583","얌얌 전대상대점","영업정보
영업시간을 알려주세요"
"502788605","오이시코코로","영업정보
접기
영업 전07:30 오픈
화(7/28)
07:30 ~ 15:00
수(7/29)
07:30 ~ 15:00
목(7/30)
07:30 ~ 15:00
금(7/31)
07:30 ~ 15:00
토(8/1)
08:30 ~ 15:00
일(8/2)
휴무일
월(8/3)
07:30 ~ 15:00"
"219157523","잭슨식탁","영업정보
접기
영업 전10:30 오픈
화(7/28)
10:30 ~ 21:00
수(7/29)
10:30 ~ 21:00
목(7/30)
10:30 ~ 21:00
금(7/31)
10:30 ~ 21:00
토(8/1)
휴무일
일(8/2)
휴무일
월(8/3)
10:30 ~ 21:00
영업정보 전체보기"
"1910174796","덮밥장사장 전남대점","영업정보
접기
영업 전11:00 오픈
화(7/28)
11:00 ~ 21:00
14:30 ~ 16:30 브레이크타임
20:30 라스트오더
수(7/29)
11:00 ~ 21:00
14:30 ~ 16:30 브레이크타임
20:30 라스트오더
목(7/30)
11:00 ~ 21:00
14:30 ~ 16:30 브레이크타임
20:30 라스트오더
금(7/31)
11:00 ~ 21:00
14:30 ~ 16:30 브레이크타임
20:30 라스트오더
토(8/1)
11:00 ~ 21:00
14:30 ~ 16:30 브레이크타임
20:30 라스트오더
일(8/2)
11:00 ~ 21:00
14:30 ~ 16:30 브레이크타임
20:30 라스트오더
월(8/3)
11:00 ~ 21:00
14:30 ~ 16:30 브레이크타임
20:30 라스트오더"
"166017208","숙성돈까스전문점백돈 광주용봉점","영업정보
접기
영업 전10:00 오픈
화(7/28)
10:00 ~ 21:00
수(7/29)
10:00 ~ 21:00
목(7/30)
10:00 ~ 21:00
금(7/31)
10:00 ~ 21:00
토(8/1)
10:00 ~ 21:00
일(8/2)
10:00 ~ 21:00
월(8/3)
10:00 ~ 21:00"
"20458935","로니로티 광주전남대점","영업정보
접기
영업 전11:00 오픈
화(7/28)
11:00 ~ 21:00
15:30 ~ 17:00 브레이크타임
20:20 라스트오더
수(7/29)
11:00 ~ 21:00
15:30 ~ 17:00 브레이크타임
20:20 라스트오더
목(7/30)
11:00 ~ 21:00
15:30 ~ 17:00 브레이크타임
20:20 라스트오더
금(7/31)
11:00 ~ 21:00
15:30 ~ 17:00 브레이크타임
20:20 라스트오더
토(8/1)
11:00 ~ 21:00
15:30 ~ 17:00 브레이크타임
20:20 라스트오더
일(8/2)
11:00 ~ 21:00
15:30 ~ 17:00 브레이크타임
20:20 라스트오더
월(8/3)
11:00 ~ 21:00
15:30 ~ 17:00 브레이크타임
20:20 라스트오더"
"14722719","도스마스 전남대점","영업정보
접기
영업 전08:30 오픈
화(7/28)
08:30 ~ 21:00
수(7/29)
08:30 ~ 21:00
목(7/30)
08:30 ~ 21:00
금(7/31)
08:30 ~ 21:00
토(8/1)
08:30 ~ 21:00
일(8/2)
휴무일
월(8/3)
08:30 ~ 21:00"
"2132855758","젠키","영업정보
접기
영업 전11:00 오픈
화(7/28)
11:00 ~ 21:00
15:00 ~ 17:00 브레이크타임
수(7/29)
11:00 ~ 21:00
15:00 ~ 17:00 브레이크타임
목(7/30)
11:00 ~ 21:00
15:00 ~ 17:00 브레이크타임
금(7/31)
11:00 ~ 21:00
15:00 ~ 17:00 브레이크타임
토(8/1)
11:00 ~ 21:00
15:00 ~ 17:00 브레이크타임
일(8/2)
휴무일
월(8/3)
11:00 ~ 21:00
15:00 ~ 17:00 브레이크타임"
"765437340","가인초밥","영업정보
접기
영업 전11:00 오픈
화(7/28)
11:00 ~ 23:00
수(7/29)
11:00 ~ 23:00
목(7/30)
11:00 ~ 23:00
금(7/31)
11:00 ~ 17:30
토(8/1)
15:00 ~ 23:00
일(8/2)
11:00 ~ 23:00
월(8/3)
11:00 ~ 23:00
요기요 제공"
"1843789911","온오프피자 전남대점","영업정보
접기
곧 영업 마감01:00 까지
월(7/27)
11:00 ~ 01:00
14:30 ~ 16:00 브레이크타임
화(7/28)
11:00 ~ 01:00
14:30 ~ 16:00 브레이크타임
수(7/29)
11:00 ~ 01:00
14:30 ~ 16:00 브레이크타임
목(7/30)
11:00 ~ 01:00
14:30 ~ 16:00 브레이크타임
금(7/31)
11:00 ~ 01:00
14:30 ~ 16:00 브레이크타임
토(8/1)
11:00 ~ 23:00
일(8/2)
휴무일"
"2118817647","깁미타코 전대점","영업정보
접기
영업 전11:30 오픈
화(7/28)
11:30 ~ 21:00
15:00 ~ 17:00 브레이크타임
수(7/29)
11:30 ~ 21:00
15:00 ~ 17:00 브레이크타임
목(7/30)
11:30 ~ 21:00
15:00 ~ 17:00 브레이크타임
금(7/31)
11:30 ~ 21:00
15:00 ~ 17:00 브레이크타임
토(8/1)
11:30 ~ 21:00
15:00 ~ 17:00 브레이크타임
일(8/2)
11:30 ~ 21:00
15:00 ~ 17:00 브레이크타임
월(8/3)
11:30 ~ 21:00
15:00 ~ 17:00 브레이크타임"
"709152508","팔레트","영업정보
접기
휴무일내일 11:30 오픈
가족행사 관계로 5월14일 임시휴무합니다..찾아주신분들께 불편을 드려서 죄송합니다
화(7/28)
휴무일
수(7/29)
11:30 ~ 22:00
14:30 ~ 17:00 브레이크타임
목(7/30)
11:30 ~ 22:00
14:30 ~ 17:00 브레이크타임
금(7/31)
11:30 ~ 22:00
14:30 ~ 17:00 브레이크타임
토(8/1)
11:30 ~ 22:00
14:30 ~ 17:00 브레이크타임
일(8/2)
11:30 ~ 22:00
14:30 ~ 17:00 브레이크타임
월(8/3)
휴무일
영업정보 전체보기"
"169381781","정지현 메밀소바","영업정보
접기
영업 전11:00 오픈
화(7/28)
11:00 ~ 23:00
수(7/29)
11:00 ~ 23:00
목(7/30)
11:00 ~ 23:00
금(7/31)
11:00 ~ 23:00
토(8/1)
11:00 ~ 23:00
일(8/2)
11:00 ~ 23:00
월(8/3)
11:00 ~ 23:00
요기요 제공"
"1887798745","레커버거 전남대점","영업정보
접기
영업 중02:30 까지
월(7/27)
11:00 ~ 02:30
02:00 라스트오더
화(7/28)
11:00 ~ 02:30
02:00 라스트오더
수(7/29)
11:00 ~ 02:30
02:00 라스트오더
목(7/30)
11:00 ~ 02:30
02:00 라스트오더
금(7/31)
휴무일
토(8/1)
11:00 ~ 02:30
02:00 라스트오더
일(8/2)
11:00 ~ 02:30
02:00 라스트오더"
"251811061","어나더키친 전대점","영업정보
접기
영업 전11:30 오픈
화(7/28)
11:30 ~ 21:30
15:00 ~ 16:30 브레이크타임
20:30 라스트오더
수(7/29)
11:30 ~ 21:30
15:00 ~ 16:30 브레이크타임
20:30 라스트오더
목(7/30)
11:30 ~ 21:30
15:00 ~ 16:30 브레이크타임
20:30 라스트오더
금(7/31)
11:30 ~ 21:30
15:00 ~ 16:30 브레이크타임
20:30 라스트오더
토(8/1)
11:30 ~ 21:30
15:00 ~ 16:30 브레이크타임
20:30 라스트오더
일(8/2)
11:30 ~ 21:30
15:00 ~ 16:30 브레이크타임
20:30 라스트오더
월(8/3)
11:30 ~ 21:30
15:00 ~ 16:30 브레이크타임
20:30 라스트오더"
"86220365","스테이","영업정보
접기
영업 전11:00 오픈
화(7/28)
11:00 ~ 21:00
15:00 ~ 17:00 브레이크타임
20:30 라스트오더
수(7/29)
11:00 ~ 21:00
15:00 ~ 17:00 브레이크타임
20:30 라스트오더
목(7/30)
11:00 ~ 21:00
15:00 ~ 17:00 브레이크타임
20:30 라스트오더
금(7/31)
11:00 ~ 21:00
15:00 ~ 17:00 브레이크타임
20:30 라스트오더
토(8/1)
11:00 ~ 21:00
15:00 ~ 17:00 브레이크타임
20:30 라스트오더
일(8/2)
11:00 ~ 21:00
15:00 ~ 17:00 브레이크타임
20:30 라스트오더
월(8/3)
11:00 ~ 21:00
15:00 ~ 17:00 브레이크타임
20:30 라스트오더"
"13035628","피자스쿨 광주전대정문점","영업정보
영업시간을 알려주세요"
"1637007878","롤링파스타 광주전남대점","영업정보
접기
영업 전11:00 오픈
브레이크타임 없음 
연중무휴
화(7/28)
11:00 ~ 21:00
수(7/29)
11:00 ~ 21:00
목(7/30)
11:00 ~ 21:00
금(7/31)
11:00 ~ 21:00
토(8/1)
11:00 ~ 21:00
일(8/2)
11:00 ~ 21:00
월(8/3)
11:00 ~ 21:00"
"13313980","난타5000피자 전대정문점","영업정보
접기
영업 중02:00 까지
월(7/27)
11:00 ~ 02:00
화(7/28)
11:00 ~ 02:00
수(7/29)
11:00 ~ 02:00
목(7/30)
11:00 ~ 02:00
금(7/31)
11:00 ~ 02:00
토(8/1)
11:00 ~ 02:00
일(8/2)
11:00 ~ 02:00
요기요 제공"
"21658151","파파존스 전남대점","영업정보
접기
영업 전11:00 오픈
화(7/28)
11:00 ~ 22:00
수(7/29)
11:00 ~ 22:00
목(7/30)
11:00 ~ 22:00
금(7/31)
11:00 ~ 22:00
토(8/1)
11:00 ~ 22:00
일(8/2)
11:00 ~ 22:00
월(8/3)
11:00 ~ 22:00"
"1600273078","알랭","영업정보
접기
영업 전12:00 오픈
화(7/28)
12:00 ~ 21:00
15:00 ~ 18:00 브레이크타임
19:00 라스트오더
수(7/29)
12:00 ~ 21:00
15:00 ~ 18:00 브레이크타임
19:00 라스트오더
목(7/30)
12:00 ~ 21:00
15:00 ~ 18:00 브레이크타임
19:00 라스트오더
금(7/31)
12:00 ~ 21:00
15:00 ~ 18:00 브레이크타임
19:00 라스트오더
토(8/1)
12:00 ~ 21:00
15:00 ~ 18:00 브레이크타임
19:00 라스트오더
일(8/2)
12:00 ~ 21:00
15:00 ~ 18:00 브레이크타임
19:00 라스트오더
월(8/3)
12:00 ~ 21:00
15:00 ~ 18:00 브레이크타임
19:00 라스트오더"
"1998766802","뉴요커피자 광주북부본점","영업정보
접기
영업 중02:00 까지
월(7/27)
09:30 ~ 02:00
화(7/28)
09:30 ~ 02:00
수(7/29)
09:30 ~ 02:00
목(7/30)
09:30 ~ 02:00
금(7/31)
09:30 ~ 02:00"
"1223612656","쉐프공방","영업정보
접기
영업 전11:00 오픈
화(7/28)
11:00 ~ 21:00
15:00 ~ 17:00 브레이크타임
수(7/29)
11:00 ~ 21:00
15:00 ~ 17:00 브레이크타임
목(7/30)
11:00 ~ 21:00
15:00 ~ 17:00 브레이크타임
금(7/31)
11:00 ~ 21:00
15:00 ~ 17:00 브레이크타임
토(8/1)
11:00 ~ 21:00
15:00 ~ 17:00 브레이크타임
일(8/2)
11:00 ~ 15:00
월(8/3)
11:00 ~ 21:00
15:00 ~ 17:00 브레이크타임"
"7883358","미스터피자 전남대점","영업정보
접기
영업 전11:00 오픈
화(7/28)
11:00 ~ 22:30
수(7/29)
11:00 ~ 22:30
목(7/30)
11:00 ~ 22:30
금(7/31)
11:00 ~ 22:30
토(8/1)
11:00 ~ 22:30
일(8/2)
11:00 ~ 22:30
월(8/3)
11:00 ~ 22:30"
"1981574624","피나치공 광주전남대점","영업정보
접기
영업 전12:00 오픈
화(7/28)
12:00 ~ 24:00
수(7/29)
12:00 ~ 24:00
목(7/30)
12:00 ~ 24:00
금(7/31)
12:00 ~ 24:00
토(8/1)
12:00 ~ 24:00
일(8/2)
12:00 ~ 24:00
월(8/3)
12:00 ~ 24:00"
"296639281","필라이크","영업정보
접기
휴무일금 18:00 오픈
화(7/28)
휴무일
수(7/29)
휴무일
목(7/30)
휴무일
금(7/31)
18:00 ~ 24:00
토(8/1)
18:00 ~ 24:00
일(8/2)
휴무일
월(8/3)
휴무일"
"2111179548","도스마스 전남대2호점","영업정보
접기
영업 전09:30 오픈
화(7/28)
09:30 ~ 20:00
16:00 ~ 17:00 브레이크타임
수(7/29)
09:30 ~ 20:00
16:00 ~ 17:00 브레이크타임
목(7/30)
09:30 ~ 20:00
16:00 ~ 17:00 브레이크타임
금(7/31)
09:30 ~ 20:00
16:00 ~ 17:00 브레이크타임
토(8/1)
휴무일
일(8/2)
휴무일
월(8/3)
09:30 ~ 20:00
16:00 ~ 17:00 브레이크타임"
"13103251","피자스쿨 광주전대상대점","영업정보
접기
휴무일내일 11:00 오픈
화(7/28)
휴무일
수(7/29)
11:00 ~ 22:30
목(7/30)
11:00 ~ 22:30
금(7/31)
11:00 ~ 22:30
토(8/1)
11:00 ~ 22:30
일(8/2)
12:00 ~ 22:30
월(8/3)
11:00 ~ 22:30"
"1710564370","피제이피자 광주북구점","영업정보
접기
영업 중01:50 까지
월(7/27)
11:50 ~ 01:50
화(7/28)
11:50 ~ 01:50
수(7/29)
11:50 ~ 01:50
목(7/30)
11:50 ~ 01:50
금(7/31)
11:50 ~ 01:50
토(8/1)
11:50 ~ 01:50
일(8/2)
11:50 ~ 01:50
요기요 제공"
"1479403547","아메리칸피자 전남대본점","영업정보
접기
영업 전10:00 오픈
화(7/28)
10:00 ~ 23:00
수(7/29)
10:00 ~ 23:00
목(7/30)
10:00 ~ 23:00
금(7/31)
10:00 ~ 23:00
토(8/1)
10:00 ~ 23:00
일(8/2)
10:00 ~ 23:00
월(8/3)
10:00 ~ 23:00"
"1689737907","몬스터피자 전남대점","영업정보
접기
영업 전10:30 오픈
화(7/28)
10:30 ~ 00:45
수(7/29)
10:30 ~ 00:45
목(7/30)
10:30 ~ 00:45
금(7/31)
10:30 ~ 00:45
토(8/1)
10:30 ~ 00:45
일(8/2)
10:30 ~ 00:45
월(8/3)
10:30 ~ 00:45"
"1448276900","버거리 광주전남대점","영업정보
접기
영업 전10:00 오픈
화(7/28)
10:00 ~ 23:00
수(7/29)
10:00 ~ 23:00
목(7/30)
10:00 ~ 23:00
금(7/31)
10:00 ~ 23:00
토(8/1)
10:00 ~ 23:00
일(8/2)
10:00 ~ 23:00
월(8/3)
10:00 ~ 23:00"
"971985891","왓더버거 전남대점","영업정보
접기
영업 전10:00 오픈
화(7/28)
10:00 ~ 24:00
수(7/29)
10:00 ~ 24:00
목(7/30)
10:00 ~ 24:00
금(7/31)
10:00 ~ 24:00
토(8/1)
10:00 ~ 24:00
일(8/2)
10:00 ~ 24:00
월(8/3)
10:00 ~ 24:00"
"1460312580","어바웃피자 광주북구전남대점","영업정보
접기
영업 중03:00 까지
월(7/27)
15:00 ~ 03:00
화(7/28)
15:00 ~ 03:00
수(7/29)
15:00 ~ 03:00
목(7/30)
15:00 ~ 03:00
금(7/31)
15:00 ~ 03:00
토(8/1)
11:00 ~ 03:00
일(8/2)
11:00 ~ 03:00"
"673806423","피자치킨콜 전대점","영업정보
접기
영업 중04:30 까지
월(7/27)
17:00 ~ 04:30
화(7/28)
17:00 ~ 04:30
수(7/29)
17:00 ~ 04:30
목(7/30)
17:00 ~ 04:30
금(7/31)
17:00 ~ 04:30
토(8/1)
17:00 ~ 04:30
일(8/2)
17:00 ~ 04:30"
"399811285","올리브피자","영업정보
접기
영업 전10:00 오픈
화(7/28)
10:00 ~ 23:00
수(7/29)
10:00 ~ 23:00
목(7/30)
10:00 ~ 23:00
금(7/31)
10:00 ~ 23:00
토(8/1)
10:00 ~ 23:00
일(8/2)
10:00 ~ 23:00
월(8/3)
10:00 ~ 23:00"
"1942204809","피자먹다 전대점","영업정보
접기
영업 전11:00 오픈
화(7/28)
11:00 ~ 23:00
수(7/29)
11:00 ~ 23:00
목(7/30)
11:00 ~ 23:00
금(7/31)
11:00 ~ 23:00
토(8/1)
11:00 ~ 23:00
일(8/2)
11:00 ~ 23:00
월(8/3)
11:00 ~ 23:00"
"1162027541","이태리반점","영업정보
영업시간을 알려주세요"
"280124526","1인토핑몬피자TMPPIZZA 전남대점","영업정보
접기
영업 중03:00 까지
월(7/27)
16:00 ~ 03:00
화(7/28)
16:00 ~ 03:00
수(7/29)
16:00 ~ 03:00
목(7/30)
16:00 ~ 03:00
금(7/31)
16:00 ~ 03:00
토(8/1)
16:00 ~ 03:00
일(8/2)
16:00 ~ 03:00
요기요 제공"
"1882312673","피자플렉스 전남대점","영업정보
접기
영업 전10:00 오픈
화(7/28)
10:00 ~ 24:00
수(7/29)
10:00 ~ 24:00
목(7/30)
10:00 ~ 24:00
금(7/31)
10:00 ~ 24:00
토(8/1)
10:00 ~ 24:00
일(8/2)
10:00 ~ 24:00
월(8/3)
10:00 ~ 24:00"
"360068623","까사피에스타 스테이크&파스타 북구본점","영업정보
접기
영업 중04:30 까지
월(7/27)
09:00 ~ 04:30
화(7/28)
09:00 ~ 04:30
수(7/29)
09:00 ~ 04:30
목(7/30)
09:00 ~ 04:30
금(7/31)
09:00 ~ 04:30
토(8/1)
09:00 ~ 04:30
일(8/2)
09:00 ~ 04:30
요기요 제공"
"1640398738","토핑몬스터피자 전남대점","영업정보
접기
영업 중03:00 까지
월(7/27)
16:00 ~ 03:00
화(7/28)
16:00 ~ 03:00
수(7/29)
16:00 ~ 03:00
목(7/30)
16:00 ~ 03:00
금(7/31)
16:00 ~ 03:00
토(8/1)
16:00 ~ 03:00
일(8/2)
16:00 ~ 03:00
요기요 제공"
"728141184","피자베이 전남대점","영업정보
접기
영업 전15:00 오픈
화(7/28)
15:00 ~ 00:30
수(7/29)
15:00 ~ 00:30
목(7/30)
15:00 ~ 00:30
금(7/31)
15:00 ~ 00:30
토(8/1)
15:00 ~ 22:30
일(8/2)
10:30 ~ 14:00
월(8/3)
15:00 ~ 00:30
요기요 제공"
"1585080991","난타5000피자 전대용봉점","영업정보
접기
영업 전10:40 오픈
화(7/28)
10:40 ~ 22:20
수(7/29)
10:40 ~ 22:20
목(7/30)
10:40 ~ 22:20
금(7/31)
10:40 ~ 22:20
토(8/1)
10:40 ~ 22:20
일(8/2)
10:40 ~ 22:20
월(8/3)
10:40 ~ 22:20
요기요 제공"
"21317249","신당명가","영업정보
접기
영업 전11:00 오픈
화(7/28)
11:00 ~ 20:00
수(7/29)
11:00 ~ 20:00
목(7/30)
11:00 ~ 20:00
금(7/31)
휴무일
토(8/1)
11:00 ~ 20:00
일(8/2)
11:00 ~ 20:00
월(8/3)
11:00 ~ 20:00"
"332445170","드림피자","영업정보
영업시간을 알려주세요"
"1753196323","함브르크버거 용봉점","영업정보
영업시간을 알려주세요"
"26346565","떡볶이대통령","영업정보
접기
영업 전10:00 오픈
화(7/28)
10:00 ~ 21:00
14:50 ~ 16:00 브레이크타임
수(7/29)
10:00 ~ 21:00
14:50 ~ 16:00 브레이크타임
목(7/30)
10:00 ~ 21:00
14:50 ~ 16:00 브레이크타임
금(7/31)
10:00 ~ 21:00
14:50 ~ 16:00 브레이크타임
토(8/1)
10:00 ~ 21:00
14:50 ~ 16:00 브레이크타임
일(8/2)
휴무일
월(8/3)
10:00 ~ 21:00
14:50 ~ 16:00 브레이크타임"
"246914923","라스타 전대점","영업정보
접기
영업 전10:30 오픈
화(7/28)
10:30 ~ 21:30
수(7/29)
10:30 ~ 21:30
목(7/30)
10:30 ~ 21:30
금(7/31)
10:30 ~ 21:30
토(8/1)
10:30 ~ 21:30
일(8/2)
10:30 ~ 21:30
월(8/3)
10:30 ~ 21:30"
"1344047385","시카고치즈버거","영업정보
접기
곧 영업 마감01:10 까지
월(7/27)
14:00 ~ 01:10
화(7/28)
14:00 ~ 01:10
수(7/29)
14:00 ~ 01:10
목(7/30)
14:00 ~ 01:10
금(7/31)
14:00 ~ 01:10
토(8/1)
14:00 ~ 01:10
일(8/2)
14:00 ~ 01:10
요기요 제공"
"9718181","대왕김밥초밥 전대정문점","영업정보
접기
영업 전09:00 오픈
화(7/28)
09:00 ~ 22:00
14:30 ~ 15:00 브레이크타임
21:30 라스트오더
수(7/29)
09:00 ~ 22:00
14:30 ~ 15:00 브레이크타임
21:30 라스트오더
목(7/30)
09:00 ~ 22:00
14:30 ~ 15:00 브레이크타임
21:30 라스트오더
금(7/31)
09:00 ~ 22:00
14:30 ~ 15:00 브레이크타임
21:30 라스트오더
토(8/1)
09:00 ~ 22:00
14:30 ~ 15:00 브레이크타임
21:30 라스트오더
일(8/2)
09:00 ~ 22:00
14:30 ~ 15:00 브레이크타임
21:30 라스트오더
월(8/3)
휴무일"
"154993459","배가찐왕만두 전대10호점","영업정보
접기
영업 전11:00 오픈
화(7/28)
11:00 ~ 21:00
수(7/29)
11:00 ~ 21:00
목(7/30)
11:00 ~ 21:00
금(7/31)
11:00 ~ 21:00
토(8/1)
11:00 ~ 21:00
일(8/2)
휴무일
월(8/3)
11:00 ~ 21:00
영업정보 전체보기"
"386601691","응급실국물떡볶이 광주전남대점","영업정보
접기
영업 전11:00 오픈
화(7/28)
11:00 ~ 23:00
수(7/29)
11:00 ~ 23:00
목(7/30)
11:00 ~ 23:00
금(7/31)
11:00 ~ 23:00
토(8/1)
11:00 ~ 23:00
일(8/2)
11:00 ~ 23:00
월(8/3)
11:00 ~ 23:00"
"1320251809","알촌 전남대점","영업정보
접기
영업 전10:30 오픈
화(7/28)
10:30 ~ 21:00
수(7/29)
10:30 ~ 21:00
목(7/30)
10:30 ~ 21:00
금(7/31)
10:30 ~ 21:00
토(8/1)
10:30 ~ 14:30
일(8/2)
휴무일
월(8/3)
10:30 ~ 21:00"
"9671717","깨순이김밥 전대정문점","영업정보
접기
영업 전08:00 오픈
화(7/28)
08:00 ~ 21:00
20:30 라스트오더
수(7/29)
08:00 ~ 21:00
20:30 라스트오더
목(7/30)
08:00 ~ 21:00
20:30 라스트오더
금(7/31)
08:00 ~ 21:00
20:30 라스트오더
토(8/1)
08:00 ~ 21:00
20:30 라스트오더
일(8/2)
08:00 ~ 21:00
20:30 라스트오더
월(8/3)
08:00 ~ 21:00
20:30 라스트오더"
"26044262","맛드림김밥나라 전대1호점","영업정보
영업시간을 알려주세요"
"1607138266","김밥나라","영업정보
영업시간을 알려주세요"
"17088993","곰이네뷔페","영업정보
영업시간을 알려주세요"
"1649164535","걸작떡볶이치킨 광주전남대점","영업정보
영업시간을 알려주세요"
"21362415","뽀글이와둘둘이","영업정보
접기
영업 전10:30 오픈
화(7/28)
10:30 ~ 20:00
수(7/29)
10:30 ~ 20:00
목(7/30)
10:30 ~ 20:00
금(7/31)
10:30 ~ 20:00
토(8/1)
10:30 ~ 20:00
일(8/2)
휴무일
월(8/3)
10:30 ~ 20:00"
"764995185","봉봉김밥","영업정보
접기
영업 전04:00 오픈
화(7/28)
04:00 ~ 20:00
수(7/29)
04:00 ~ 20:00
목(7/30)
04:00 ~ 20:00
금(7/31)
04:00 ~ 20:00
토(8/1)
04:00 ~ 15:00
일(8/2)
04:00 ~ 10:00
월(8/3)
04:00 ~ 20:00"
"19659789","딴또꼬마김밥","영업정보
접기
영업 전10:00 오픈
화(7/28)
10:00 ~ 20:10
수(7/29)
10:00 ~ 20:10
목(7/30)
10:00 ~ 20:10
금(7/31)
10:00 ~ 20:10
토(8/1)
10:00 ~ 20:10
일(8/2)
10:00 ~ 20:10
월(8/3)
10:00 ~ 20:10
요기요 제공"
"305997515","더뽀끼","영업정보
접기
영업 전09:00 오픈
화(7/28)
09:00 ~ 21:00
수(7/29)
09:00 ~ 21:00
목(7/30)
09:00 ~ 21:00
금(7/31)
09:00 ~ 21:00
토(8/1)
09:00 ~ 21:00
일(8/2)
09:00 ~ 21:00
월(8/3)
09:00 ~ 21:00
영업정보 전체보기"
"1500989651","미리내김밥","영업정보
영업시간을 알려주세요"
"1869305771","우리할매떡볶이 광주전남대점","영업정보
접기
영업 전11:00 오픈
화(7/28)
11:00 ~ 22:30
수(7/29)
11:00 ~ 22:30
목(7/30)
11:00 ~ 22:30
금(7/31)
11:00 ~ 22:30
토(8/1)
11:00 ~ 22:30
일(8/2)
11:00 ~ 22:30
월(8/3)
11:00 ~ 22:30"
"21362320","전대분식","영업정보
영업시간을 알려주세요"
"1333434633","김밥나라","영업정보
접기
영업 중02:00 까지
월(7/27)
09:00 ~ 02:00
화(7/28)
09:00 ~ 02:00
수(7/29)
09:00 ~ 02:00
목(7/30)
09:00 ~ 02:00
금(7/31)
09:00 ~ 02:00
토(8/1)
09:00 ~ 02:00
일(8/2)
09:00 ~ 02:00
요기요 제공"
"27580159","청년다방 전대점","영업정보
접기
영업 전11:30 오픈
화(7/28)
11:30 ~ 22:00
15:00 ~ 16:00 브레이크타임
21:00 라스트오더
수(7/29)
11:30 ~ 22:00
15:00 ~ 16:00 브레이크타임
21:00 라스트오더
목(7/30)
11:30 ~ 22:00
15:00 ~ 16:00 브레이크타임
21:00 라스트오더
금(7/31)
11:30 ~ 22:00
15:00 ~ 16:00 브레이크타임
21:00 라스트오더
토(8/1)
11:30 ~ 22:00
15:00 ~ 16:00 브레이크타임
21:00 라스트오더
일(8/2)
11:30 ~ 22:00
15:00 ~ 16:00 브레이크타임
21:00 라스트오더
월(8/3)
11:30 ~ 22:00
15:00 ~ 16:00 브레이크타임
21:00 라스트오더"
"8700469","김밥나라 신안점","영업정보
접기
영업 전06:00 오픈
화(7/28)
06:00 ~ 21:00
수(7/29)
06:00 ~ 21:00
목(7/30)
06:00 ~ 21:00
금(7/31)
06:00 ~ 21:00
토(8/1)
휴무일
일(8/2)
06:00 ~ 21:00
월(8/3)
06:00 ~ 21:00"
"1613055500","할멈탕수육김밥 용봉점","영업정보
접기
영업 전10:30 오픈
화(7/28)
10:30 ~ 20:00
14:00 ~ 16:00 브레이크타임
수(7/29)
10:30 ~ 20:00
14:00 ~ 16:00 브레이크타임
목(7/30)
10:30 ~ 20:00
14:00 ~ 16:00 브레이크타임
금(7/31)
10:30 ~ 20:00
14:00 ~ 16:00 브레이크타임
토(8/1)
10:30 ~ 20:00
14:00 ~ 16:00 브레이크타임
일(8/2)
휴무일
월(8/3)
10:30 ~ 20:00
14:00 ~ 16:00 브레이크타임"
"488508212","꿈에그린분식","영업정보
접기
영업 전10:00 오픈
화(7/28)
10:00 ~ 22:00
수(7/29)
10:00 ~ 22:00
목(7/30)
10:00 ~ 22:00
금(7/31)
10:00 ~ 22:00
토(8/1)
10:00 ~ 22:00
일(8/2)
10:00 ~ 22:00
월(8/3)
10:00 ~ 22:00"
"683862004","유부가","영업정보
접기
영업 전11:00 오픈
화(7/28)
11:00 ~ 21:00
20:20 라스트오더
수(7/29)
11:00 ~ 21:00
20:20 라스트오더
목(7/30)
11:00 ~ 21:00
20:20 라스트오더
금(7/31)
11:00 ~ 21:00
20:20 라스트오더
토(8/1)
11:00 ~ 21:00
20:20 라스트오더
일(8/2)
휴무일
월(8/3)
11:00 ~ 21:00
20:20 라스트오더"
"1156696787","신전떡볶이 광주전남대점","영업정보
접기
영업 전11:00 오픈
화(7/28)
11:00 ~ 22:00
수(7/29)
11:00 ~ 22:00
목(7/30)
11:00 ~ 22:00
금(7/31)
11:00 ~ 22:00
토(8/1)
11:00 ~ 22:00
일(8/2)
11:00 ~ 22:00
월(8/3)
11:00 ~ 22:00"
"1466289027","글로어 전대정문점","영업정보
접기
영업 전10:00 오픈
화(7/28)
10:00 ~ 00:30
수(7/29)
10:00 ~ 00:30
목(7/30)
10:00 ~ 00:30
금(7/31)
10:00 ~ 00:30
토(8/1)
10:00 ~ 00:30
일(8/2)
10:00 ~ 00:30
월(8/3)
10:00 ~ 00:30"
"1556465622","우든버러","영업정보
접기
영업 전11:00 오픈
화(7/28)
11:00 ~ 19:00
수(7/29)
11:00 ~ 19:00
목(7/30)
11:00 ~ 19:00
금(7/31)
11:00 ~ 19:00
토(8/1)
12:00 ~ 20:00
일(8/2)
12:00 ~ 20:00
월(8/3)
11:00 ~ 19:00"
"2137213736","김밥선수야식선수","영업정보
영업시간을 알려주세요"
"17451485","김밥나라 전대예대점","영업정보
접기
영업 전10:30 오픈
화(7/28)
10:30 ~ 20:00
수(7/29)
10:30 ~ 20:00
목(7/30)
10:30 ~ 20:00
금(7/31)
10:30 ~ 20:00
토(8/1)
10:30 ~ 16:00
일(8/2)
휴무일
월(8/3)
10:30 ~ 20:00
영업정보 전체보기"
"992635127","컴포즈커피 광주전대정문점","영업정보
접기
영업 전07:30 오픈
화(7/28)
07:30 ~ 22:00
수(7/29)
07:30 ~ 22:00
목(7/30)
07:30 ~ 22:00
금(7/31)
07:30 ~ 22:00
토(8/1)
07:30 ~ 22:00
일(8/2)
07:30 ~ 22:00
월(8/3)
07:30 ~ 22:00
영업정보 전체보기"
"1622903855","맛있으면0칼로리","영업정보
접기
영업 전09:00 오픈
화(7/28)
09:00 ~ 20:50
수(7/29)
09:00 ~ 20:50
목(7/30)
09:00 ~ 20:50
금(7/31)
09:00 ~ 20:50
토(8/1)
09:00 ~ 20:50
일(8/2)
휴무일
월(8/3)
09:00 ~ 20:50
요기요 제공"
"307830596","메가MGC커피 전대정문점","영업정보
접기
영업 전08:00 오픈
화(7/28)
08:00 ~ 22:00
수(7/29)
08:00 ~ 22:00
목(7/30)
08:00 ~ 22:00
금(7/31)
08:00 ~ 22:00
토(8/1)
08:00 ~ 22:00
일(8/2)
08:00 ~ 22:00
월(8/3)
08:00 ~ 22:00
영업정보 전체보기"
"26537707","카페노블","영업정보
접기
곧 영업 마감01:00 까지
월(7/27)
10:00 ~ 01:00
화(7/28)
10:00 ~ 01:00
수(7/29)
10:00 ~ 01:00
목(7/30)
10:00 ~ 01:00
금(7/31)
10:00 ~ 01:00
토(8/1)
10:00 ~ 01:00
일(8/2)
10:00 ~ 01:00"
"69083095","어론커피","영업정보
접기
영업 전08:00 오픈
화(7/28)
08:00 ~ 16:00
수(7/29)
08:00 ~ 16:00
목(7/30)
08:00 ~ 16:00
금(7/31)
08:00 ~ 16:00
토(8/1)
12:00 ~ 18:00
일(8/2)
12:00 ~ 18:00
월(8/3)
08:00 ~ 16:00"
"574856973","머슬 샐러드","영업정보
영업시간을 알려주세요"
"600498825","브릭",""
"1975473279","힐링식지락","영업정보
접기
영업 전10:00 오픈
화(7/28)
10:00 ~ 22:00
수(7/29)
10:00 ~ 22:00
목(7/30)
10:00 ~ 22:00
금(7/31)
10:00 ~ 22:00
토(8/1)
10:00 ~ 22:00
월(8/3)
10:00 ~ 22:00"
"52062237","이디야커피 전남대정문점","영업정보
접기
영업 전09:30 오픈
화(7/28)
09:30 ~ 23:00
수(7/29)
09:30 ~ 23:00
목(7/30)
09:30 ~ 23:00
금(7/31)
09:30 ~ 23:00
토(8/1)
09:30 ~ 23:00
일(8/2)
09:30 ~ 23:00
월(8/3)
09:30 ~ 23:00
영업정보 전체보기"
"967787786","소미담 전남대점","영업정보
접기
영업 전08:00 오픈
화(7/28)
08:00 ~ 20:00
수(7/29)
08:00 ~ 20:00
목(7/30)
08:00 ~ 20:00
금(7/31)
08:00 ~ 20:00
토(8/1)
10:00 ~ 22:00
일(8/2)
10:00 ~ 22:00
월(8/3)
08:00 ~ 20:00"
"1371087579","모리사코","영업정보
접기
영업 전11:00 오픈
화(7/28)
11:00 ~ 20:00
수(7/29)
11:00 ~ 20:00
목(7/30)
11:00 ~ 20:00
금(7/31)
11:00 ~ 20:00
토(8/1)
휴무일
일(8/2)
12:00 ~ 18:00
월(8/3)
11:00 ~ 20:00"
"687494400","더플레인",""
"1382776997","투썸플레이스 전남대캠퍼스점","영업정보
접기
영업 전09:00 오픈
화(7/28)
09:00 ~ 22:00
수(7/29)
09:00 ~ 22:00
목(7/30)
09:00 ~ 22:00
금(7/31)
09:00 ~ 22:00
토(8/1)
09:00 ~ 22:00
일(8/2)
09:00 ~ 22:00
월(8/3)
09:00 ~ 22:00"
"855061307","청자다방 전대정문점",""
"11317712","하나비커피","영업정보
접기
영업 전07:00 오픈
화(7/28)
07:00 ~ 20:00
수(7/29)
07:00 ~ 20:00
목(7/30)
07:00 ~ 20:00
금(7/31)
07:00 ~ 20:00
토(8/1)
10:00 ~ 15:00
일(8/2)
10:00 ~ 15:00
월(8/3)
07:00 ~ 20:00"
"113044966","벌크커피 전남대직영점",""
"1735978920","아쏘커피","영업정보
접기
영업 전08:00 오픈
화(7/28)
08:00 ~ 17:00
11:30 ~ 12:00 브레이크타임
수(7/29)
08:00 ~ 17:00
11:30 ~ 12:00 브레이크타임
목(7/30)
08:00 ~ 17:00
11:30 ~ 12:00 브레이크타임
금(7/31)
08:00 ~ 17:00
11:30 ~ 12:00 브레이크타임
토(8/1)
08:00 ~ 17:00
11:30 ~ 12:00 브레이크타임
일(8/2)
휴무일
월(8/3)
08:00 ~ 17:00
11:30 ~ 12:00 브레이크타임"
"2054319867","비기닝투데이","영업정보
접기
영업 전08:00 오픈
화(7/28)
08:00 ~ 20:00
수(7/29)
08:00 ~ 20:00
목(7/30)
08:00 ~ 20:00
금(7/31)
08:00 ~ 20:00
토(8/1)
11:00 ~ 20:00
일(8/2)
11:00 ~ 20:00
월(8/3)
08:00 ~ 20:00
영업정보 전체보기"
"1031943100","카페숲","영업정보
접기
영업 전10:00 오픈
휴무일 매달 공지
화(7/28)
10:00 ~ 21:30
수(7/29)
10:00 ~ 21:30
목(7/30)
10:00 ~ 21:30
금(7/31)
10:00 ~ 21:30
토(8/1)
10:00 ~ 21:30
일(8/2)
10:00 ~ 19:00
월(8/3)
10:00 ~ 21:30"
"835337946","오프박스",""
"948759788","메가MGC커피 광주북구청점",""
"1714748957","주디마리 전대점","영업정보
접기
영업 전11:00 오픈
화(7/28)
11:00 ~ 22:00
수(7/29)
11:00 ~ 22:00
목(7/30)
11:00 ~ 22:00
금(7/31)
11:00 ~ 22:00
토(8/1)
11:00 ~ 22:00
일(8/2)
11:00 ~ 22:00
월(8/3)
11:00 ~ 22:00"
"531466867","리피피","영업정보
접기
영업 전12:00 오픈
화(7/28)
12:00 ~ 19:00
수(7/29)
12:00 ~ 19:00
목(7/30)
12:00 ~ 19:00
금(7/31)
12:00 ~ 19:00
토(8/1)
12:00 ~ 19:00
일(8/2)
12:00 ~ 19:00
월(8/3)
12:00 ~ 19:00
영업정보 전체보기"
"696589088","비티씨",""
"1002342032","카페ING 전남대학교 도서관점",""
"272369065","달콤메이드","영업정보
영업시간을 알려주세요"
"1380946028","할리스 atti-C 2023점",""
"634084432","모먼트오월","영업정보
펼치기
영업 전09:00 오픈"
"2135974445","카페 디케","영업정보
영업시간을 알려주세요"
"137698501","다운스커피","영업정보
접기
영업 전08:00 오픈
화(7/28)
08:00 ~ 18:00
수(7/29)
08:00 ~ 18:00
목(7/30)
08:00 ~ 18:00
금(7/31)
08:00 ~ 18:00
토(8/1)
10:00 ~ 18:00
일(8/2)
휴무일
월(8/3)
08:00 ~ 18:00"
"1377199653","데이지","영업정보
접기
영업 전08:30 오픈
화(7/28)
08:30 ~ 19:30
수(7/29)
08:30 ~ 19:30
목(7/30)
08:30 ~ 19:30
금(7/31)
08:30 ~ 17:00
토(8/1)
휴무일
일(8/2)
휴무일
월(8/3)
08:30 ~ 19:30"
"1413787957","콜라이드커피","영업정보
접기
영업 전08:30 오픈
화(7/28)
08:30 ~ 18:30
수(7/29)
08:30 ~ 18:30
목(7/30)
08:30 ~ 18:30
금(7/31)
08:30 ~ 18:30
토(8/1)
11:00 ~ 16:00
일(8/2)
휴무일
월(8/3)
08:30 ~ 18:30"
"801916539","요거트월드 광주북구점","영업정보
접기
곧 영업 마감01:00 까지
월(7/27)
12:00 ~ 01:00
화(7/28)
12:00 ~ 01:00
수(7/29)
12:00 ~ 01:00
목(7/30)
12:00 ~ 01:00
금(7/31)
12:00 ~ 01:00
토(8/1)
12:00 ~ 01:00
일(8/2)
12:00 ~ 01:00"
"1612083648","오월에","영업정보
영업시간을 알려주세요"
"7975005","스타벅스 전남대점",""
"20262596","이디야커피 전남대상대점","영업정보
접기
영업 전08:00 오픈
화(7/28)
08:00 ~ 23:00
수(7/29)
08:00 ~ 23:00
목(7/30)
08:00 ~ 23:00
금(7/31)
08:00 ~ 23:00
토(8/1)
08:00 ~ 23:00
일(8/2)
08:00 ~ 23:00
월(8/3)
08:00 ~ 23:00"
"18307100","페리카나 전대점","영업정보
접기
영업 전12:00 오픈
화(7/28)
12:00 ~ 24:00
수(7/29)
12:00 ~ 24:00
목(7/30)
12:00 ~ 24:00
금(7/31)
12:00 ~ 24:00
토(8/1)
12:00 ~ 24:00
일(8/2)
12:00 ~ 24:00
월(8/3)
12:00 ~ 24:00"
"8775285","구구통닭","영업정보
접기
영업 전16:00 오픈
포장&배달 16:00~ / 매장 18:00~
화(7/28)
16:00 ~ 24:00
수(7/29)
16:00 ~ 24:00
목(7/30)
16:00 ~ 24:00
금(7/31)
16:00 ~ 24:00
토(8/1)
16:00 ~ 24:00
일(8/2)
16:00 ~ 24:00
월(8/3)
16:00 ~ 24:00"
"63972623","메가MGC커피 전대상대점","영업정보
접기
영업 전08:00 오픈
화(7/28)
08:00 ~ 21:30
20:30 라스트오더
수(7/29)
08:00 ~ 21:30
20:30 라스트오더
목(7/30)
08:00 ~ 21:30
20:30 라스트오더
금(7/31)
08:00 ~ 21:30
20:30 라스트오더
토(8/1)
09:00 ~ 21:00
20:00 라스트오더
일(8/2)
09:00 ~ 21:00
20:00 라스트오더
월(8/3)
08:00 ~ 21:30
20:30 라스트오더"
"527928279","음유커피로스터리","영업정보
접기
영업 전10:00 오픈
화(7/28)
10:00 ~ 21:00
수(7/29)
10:00 ~ 21:00
목(7/30)
10:00 ~ 21:00
금(7/31)
10:00 ~ 21:00
토(8/1)
10:00 ~ 21:00
일(8/2)
10:00 ~ 21:00
월(8/3)
10:00 ~ 21:00"
"2009722779","깻잎통닭 본점","영업정보
접기
영업 전12:00 오픈
연중무휴
화(7/28)
12:00 ~ 24:00
수(7/29)
12:00 ~ 24:00
목(7/30)
12:00 ~ 24:00
금(7/31)
12:00 ~ 24:00
토(8/1)
12:00 ~ 24:00
일(8/2)
12:00 ~ 24:00
월(8/3)
12:00 ~ 24:00"
"606373848","앤요거트","영업정보
영업시간을 알려주세요"
"1637935587","갓튀긴후라이드 전남대점","영업정보
접기
영업 중01:40 까지
월(7/27)
11:00 ~ 01:40
화(7/28)
11:00 ~ 01:40
수(7/29)
11:00 ~ 01:40
목(7/30)
11:00 ~ 01:40
금(7/31)
11:00 ~ 01:40
토(8/1)
11:00 ~ 01:40
일(8/2)
11:00 ~ 01:40
영업정보 전체보기"
"1618301736","해롱해롱","영업정보
접기
영업 전11:30 오픈
화(7/28)
11:30 ~ 20:00
수(7/29)
11:30 ~ 20:00
목(7/30)
11:30 ~ 20:00
금(7/31)
11:30 ~ 20:00
월(8/3)
11:30 ~ 20:00"
"684530508","까치통닭","영업정보
접기
영업 중02:00 까지
월(7/27)
13:00 ~ 02:00
화(7/28)
13:00 ~ 02:00
수(7/29)
13:00 ~ 02:00
목(7/30)
13:00 ~ 02:00
금(7/31)
13:00 ~ 02:00
토(8/1)
13:00 ~ 02:00
일(8/2)
13:00 ~ 02:00"
"906831927","한남동한방통닭","영업정보
접기
곧 영업 마감01:00 까지
월(7/27)
16:30 ~ 01:00
화(7/28)
16:30 ~ 01:00
수(7/29)
16:30 ~ 01:00
목(7/30)
16:30 ~ 01:00
금(7/31)
16:30 ~ 01:00
토(8/1)
16:30 ~ 01:00
일(8/2)
휴무일"
"71069875","자담치킨 광주전대점","영업정보
접기
영업 전11:00 오픈
화(7/28)
11:00 ~ 23:00
수(7/29)
11:00 ~ 23:00
목(7/30)
11:00 ~ 23:00
금(7/31)
11:00 ~ 23:00
토(8/1)
12:00 ~ 23:00
일(8/2)
휴무일
월(8/3)
11:00 ~ 23:00"
"1331657262","케주베이커리부티크 전대예대점","영업정보
접기
영업 전10:00 오픈
화(7/28)
10:00 ~ 22:00
수(7/29)
10:00 ~ 22:00
목(7/30)
10:00 ~ 22:00
금(7/31)
10:00 ~ 22:00
토(8/1)
10:00 ~ 22:00
일(8/2)
10:00 ~ 22:00
월(8/3)
10:00 ~ 22:00"
"1694144298","88켄터키 전대정문점","영업정보
접기
영업 중01:40 까지
월(7/27)
09:30 ~ 01:40
화(7/28)
09:30 ~ 01:40
수(7/29)
09:30 ~ 01:40
목(7/30)
09:30 ~ 01:40
금(7/31)
09:30 ~ 01:40
토(8/1)
09:30 ~ 01:40
일(8/2)
09:00 ~ 01:40
요기요 제공"
"665912650","봉위치킨","영업정보
영업시간을 알려주세요"
"1699299083","퓨전영수부영통닭 전남대점","영업정보
접기
곧 영업 마감01:00 까지
월(7/27)
15:00 ~ 01:00
화(7/28)
15:00 ~ 01:00
수(7/29)
15:00 ~ 01:00
목(7/30)
15:00 ~ 01:00
금(7/31)
15:00 ~ 01:00
토(8/1)
15:00 ~ 01:00
일(8/2)
15:00 ~ 01:00
요기요 제공"
"21932447","만계치킨 전대상대점","영업정보
접기
영업 전16:00 오픈
화(7/28)
16:00 ~ 24:00
수(7/29)
16:00 ~ 24:00
목(7/30)
16:00 ~ 24:00
금(7/31)
16:00 ~ 24:00
토(8/1)
16:00 ~ 24:00
일(8/2)
16:00 ~ 24:00
월(8/3)
16:00 ~ 24:00"
"1749972903","기영이숯불두마리치킨 광주전남대점","영업정보
접기
곧 영업 마감01:00 까지
월(7/27)
13:00 ~ 01:00
화(7/28)
13:00 ~ 01:00
수(7/29)
13:00 ~ 01:00
목(7/30)
13:00 ~ 01:00
금(7/31)
13:00 ~ 01:00
토(8/1)
13:00 ~ 01:00
일(8/2)
13:00 ~ 01:00"
"77426142","푸라닭치킨 광주용봉점","영업정보
접기
영업 전11:30 오픈
화(7/28)
11:30 ~ 00:40
수(7/29)
11:30 ~ 00:40
목(7/30)
11:30 ~ 00:40
금(7/31)
11:30 ~ 00:40
토(8/1)
11:30 ~ 00:40
일(8/2)
11:30 ~ 00:40
월(8/3)
11:30 ~ 00:40"
"18308540","아주커치킨 전대점","영업정보
접기
영업 전12:00 오픈
화(7/28)
12:00 ~ 24:00
수(7/29)
12:00 ~ 24:00
목(7/30)
12:00 ~ 24:00
금(7/31)
12:00 ~ 24:00
토(8/1)
12:00 ~ 24:00
일(8/2)
12:00 ~ 24:00
월(8/3)
12:00 ~ 24:00"
"26051313","BBQ 전남대정문점","영업정보
접기
영업 중03:00 까지
월(7/27)
15:00 ~ 03:00
화(7/28)
15:00 ~ 03:00
수(7/29)
15:00 ~ 03:00
목(7/30)
15:00 ~ 03:00
금(7/31)
15:00 ~ 03:00
토(8/1)
15:00 ~ 03:00
일(8/2)
15:00 ~ 03:00"
"1534810825","굽네치킨 신안중흥점","영업정보
접기
곧 영업 마감01:00 까지
월(7/27)
10:00 ~ 01:00
화(7/28)
10:00 ~ 01:00
수(7/29)
10:00 ~ 01:00
목(7/30)
10:00 ~ 01:00
금(7/31)
10:00 ~ 01:00
토(8/1)
10:00 ~ 01:00
일(8/2)
10:00 ~ 01:00"
"23747106","BHC치킨 광주용봉점","영업정보
접기
영업 전12:00 오픈
연중무휴
화(7/28)
12:00 ~ 24:00
수(7/29)
12:00 ~ 24:00
목(7/30)
12:00 ~ 24:00
금(7/31)
12:00 ~ 24:00
토(8/1)
12:00 ~ 24:00
일(8/2)
12:00 ~ 24:00
월(8/3)
12:00 ~ 24:00"
"870955576","후라이드참잘하는집 전대점","영업정보
접기
곧 영업 마감01:00 까지
월(7/27)
11:00 ~ 01:00
화(7/28)
11:00 ~ 01:00
수(7/29)
11:00 ~ 01:00
목(7/30)
11:00 ~ 01:00
금(7/31)
11:00 ~ 01:00
토(8/1)
11:00 ~ 01:00
일(8/2)
11:00 ~ 01:00"
"1790803583","처갓집양념치킨 전대점","영업정보
접기
영업 전10:00 오픈
화(7/28)
10:00 ~ 01:00
수(7/29)
10:00 ~ 01:00
목(7/30)
10:00 ~ 01:00
금(7/31)
10:00 ~ 01:00
토(8/1)
10:00 ~ 01:00
일(8/2)
10:00 ~ 01:00
월(8/3)
휴무일
요기요 제공"
"2131942958","대마호랑이","영업정보
접기
영업 전15:00 오픈
화(7/28)
15:00 ~ 04:00
수(7/29)
15:00 ~ 04:00
목(7/30)
15:00 ~ 04:00
금(7/31)
15:00 ~ 04:00
토(8/1)
15:00 ~ 04:00
일(8/2)
15:00 ~ 04:00
월(8/3)
휴무일"
"9205934","아이제이치킨 용봉점","영업정보
접기
영업 중02:00 까지
월(7/27)
12:00 ~ 02:00
화(7/28)
12:00 ~ 02:00
수(7/29)
12:00 ~ 02:00
목(7/30)
12:00 ~ 02:00
금(7/31)
12:00 ~ 02:00
토(8/1)
12:00 ~ 02:00
일(8/2)
12:00 ~ 02:00
요기요 제공"
"440461540","중앙통닭 전대후문점","영업정보
접기
영업 전15:00 오픈
화(7/28)
15:00 ~ 00:30
수(7/29)
15:00 ~ 00:30
목(7/30)
15:00 ~ 00:30
금(7/31)
15:00 ~ 00:30
토(8/1)
15:00 ~ 00:30
일(8/2)
15:00 ~ 00:30
월(8/3)
15:00 ~ 00:30"
"1867104357","또래오래 전남대점","영업정보
접기
영업 전12:00 오픈
연중무휴
화(7/28)
12:00 ~ 23:00
수(7/29)
12:00 ~ 23:00
목(7/30)
12:00 ~ 23:00
금(7/31)
12:00 ~ 23:00
토(8/1)
12:00 ~ 23:00
일(8/2)
12:00 ~ 23:00
월(8/3)
12:00 ~ 23:00
운영 시간은 매장 상황에 따라 변경될 수 있습니다."
"26628385","BHC치킨 전남대후문점","영업정보
접기
영업 전12:00 오픈
화(7/28)
12:00 ~ 23:30
수(7/29)
12:00 ~ 23:30
목(7/30)
12:00 ~ 23:30
금(7/31)
12:00 ~ 23:30
토(8/1)
12:00 ~ 23:30
일(8/2)
12:00 ~ 23:30
월(8/3)
12:00 ~ 23:30
영업정보 전체보기"
"1421939154","호식이두마리치킨 광주용봉점","영업정보
접기
곧 영업 마감01:00 까지
연중무휴
월(7/27)
12:00 ~ 01:00
화(7/28)
12:00 ~ 01:00
수(7/29)
15:00 ~ 03:00
목(7/30)
15:00 ~ 03:00
금(7/31)
15:00 ~ 04:00
토(8/1)
15:00 ~ 04:00
일(8/2)
15:00 ~ 03:00
배달시간"
"1569035964","용천통닭 전대상대점","영업정보
접기
곧 영업 마감01:00 까지
월(7/27)
16:00 ~ 01:00
화(7/28)
16:00 ~ 01:00
수(7/29)
16:00 ~ 01:00
목(7/30)
16:00 ~ 01:00
금(7/31)
16:00 ~ 01:00
토(8/1)
16:00 ~ 01:00
일(8/2)
16:00 ~ 01:00"
"11040851","계동치킨 용봉점","영업정보
접기
영업 전12:00 오픈
화(7/28)
12:00 ~ 23:00
수(7/29)
12:00 ~ 23:00
목(7/30)
12:00 ~ 23:00
금(7/31)
12:00 ~ 23:00
토(8/1)
12:00 ~ 23:00
일(8/2)
12:00 ~ 23:00
월(8/3)
12:00 ~ 23:00
요기요 제공"
"27494075","마녀가만든닭앤밥 전남대점","영업정보
영업시간을 알려주세요"
"1786894990","그램치킨 전남대점","영업정보
접기
영업 전06:00 오픈
화(7/28)
06:00 ~ 24:00
수(7/29)
06:00 ~ 24:00
목(7/30)
06:00 ~ 24:00
금(7/31)
06:00 ~ 24:00
토(8/1)
06:00 ~ 24:00
일(8/2)
06:00 ~ 24:00
월(8/3)
06:00 ~ 24:00"
"489187046","60계치킨 광주중흥신안점","영업정보
접기
영업 전15:00 오픈
연중무휴
화(7/28)
15:00 ~ 24:00
수(7/29)
15:00 ~ 24:00
목(7/30)
15:00 ~ 24:00
금(7/31)
15:00 ~ 24:00
토(8/1)
15:00 ~ 24:00
일(8/2)
15:00 ~ 24:00
월(8/3)
15:00 ~ 24:00"
"367655391","BBQ 전남대후문점","영업정보
접기
영업 전11:00 오픈
연중무휴
화(7/28)
11:00 ~ 24:00
수(7/29)
11:00 ~ 24:00
목(7/30)
11:00 ~ 24:00
금(7/31)
11:00 ~ 24:00
토(8/1)
11:00 ~ 24:00
일(8/2)
11:00 ~ 24:00
월(8/3)
11:00 ~ 24:00"
"255243231","자담치킨 광주용봉점","영업정보
접기
영업 전13:00 오픈
화(7/28)
13:00 ~ 24:00
수(7/29)
13:00 ~ 24:00
목(7/30)
13:00 ~ 24:00
금(7/31)
13:00 ~ 24:00
토(8/1)
12:00 ~ 24:00
일(8/2)
12:00 ~ 24:00
월(8/3)
13:00 ~ 24:00"
"11081843","멕시칸치킨 용봉점","영업정보
접기
영업 중02:00 까지
월(7/27)
11:00 ~ 02:00
화(7/28)
11:00 ~ 02:00
수(7/29)
11:00 ~ 02:00
목(7/30)
11:00 ~ 02:00
금(7/31)
11:00 ~ 02:00
토(8/1)
11:00 ~ 02:00
일(8/2)
11:00 ~ 02:00"
"1340532214","지코바 용봉1호점","영업정보
접기
영업 전11:00 오픈
화(7/28)
11:00 ~ 00:40
수(7/29)
11:00 ~ 00:40
목(7/30)
11:00 ~ 00:40
금(7/31)
11:00 ~ 00:40
토(8/1)
11:00 ~ 00:40
일(8/2)
11:00 ~ 00:40
월(8/3)
11:00 ~ 00:40
요기요 제공"
"8662819","교촌치킨 전남대점","영업정보
접기
곧 영업 마감01:00 까지
월(7/27)
12:00 ~ 01:00
화(7/28)
12:00 ~ 01:00
수(7/29)
12:00 ~ 01:00
목(7/30)
12:00 ~ 01:00
금(7/31)
12:00 ~ 01:00
토(8/1)
12:00 ~ 01:00
일(8/2)
12:00 ~ 01:00"
"998092621","다이브인커피","영업정보
접기
영업 전12:00 오픈
화(7/28)
12:00 ~ 22:00
수(7/29)
12:00 ~ 23:30
목(7/30)
12:00 ~ 23:30
금(7/31)
12:00 ~ 23:30
토(8/1)
12:00 ~ 23:30
일(8/2)
12:00 ~ 23:30
월(8/3)
12:00 ~ 22:00"
"1148397704","떡순이치킨","영업정보
접기
영업 전11:00 오픈
화(7/28)
11:00 ~ 24:00
수(7/29)
11:00 ~ 24:00
목(7/30)
11:00 ~ 24:00
금(7/31)
11:00 ~ 24:00
토(8/1)
11:00 ~ 24:00
일(8/2)
16:00 ~ 24:00
월(8/3)
11:00 ~ 24:00"
"17455480","호식이두마리치킨 전대후문점","영업정보
접기
영업 중02:00 까지
월(7/27)
10:00 ~ 02:00
화(7/28)
10:00 ~ 02:00
수(7/29)
10:00 ~ 02:00
목(7/30)
10:00 ~ 02:00
금(7/31)
10:00 ~ 02:00
토(8/1)
10:00 ~ 02:00
일(8/2)
10:00 ~ 02:00
요기요 제공"
"1614701837","안탈야케밥","영업정보
접기
영업 전11:00 오픈
연중무휴
화(7/28)
11:00 ~ 23:00
22:30 라스트오더
수(7/29)
11:00 ~ 23:00
22:30 라스트오더
목(7/30)
11:00 ~ 23:00
22:30 라스트오더
금(7/31)
11:00 ~ 23:00
22:30 라스트오더
토(8/1)
11:00 ~ 23:00
22:30 라스트오더
일(8/2)
11:00 ~ 23:00
22:30 라스트오더
월(8/3)
11:00 ~ 23:00
22:30 라스트오더"
"20014443","롯데리아 전남대점","영업정보
접기
영업 중02:20 까지
월(7/27)
09:30 ~ 02:20
화(7/28)
09:30 ~ 02:20
수(7/29)
09:30 ~ 02:20
목(7/30)
09:30 ~ 02:20
금(7/31)
09:30 ~ 02:20
토(8/1)
09:30 ~ 02:20
일(8/2)
09:30 ~ 02:20"
"27432649","데일리","영업정보
접기
영업 중05:00 까지
월(7/27)
10:00 ~ 05:00
화(7/28)
10:00 ~ 05:00
수(7/29)
10:00 ~ 05:00
목(7/30)
10:00 ~ 05:00
금(7/31)
10:00 ~ 05:00
토(8/1)
10:00 ~ 05:00
일(8/2)
10:00 ~ 05:00"
"10305202","던킨 전남대점","영업정보
접기
영업 전09:00 오픈
연중무휴
화(7/28)
09:00 ~ 21:30
수(7/29)
09:00 ~ 21:30
목(7/30)
09:00 ~ 21:30
금(7/31)
09:00 ~ 21:30
토(8/1)
09:00 ~ 21:30
일(8/2)
09:00 ~ 21:30
월(8/3)
09:00 ~ 21:30"
"27398519","버거킹 전남대후문점","영업정보
접기
영업 중24시간 영업
Cleaning Day(Close) : 매월 둘째주 월요일 02:00~08:00 
화(7/28)
00:00 ~ 24:00
수(7/29)
00:00 ~ 24:00
목(7/30)
00:00 ~ 24:00
금(7/31)
00:00 ~ 24:00
토(8/1)
00:00 ~ 24:00
일(8/2)
00:00 ~ 24:00
월(8/3)
00:00 ~ 24:00
영업정보 전체보기"
"27093675","맘스터치 전남대점","영업정보
접기
영업 전10:00 오픈
연중무휴
화(7/28)
10:00 ~ 22:30
22:20 라스트오더
수(7/29)
10:00 ~ 22:30
22:20 라스트오더
목(7/30)
10:00 ~ 22:30
22:20 라스트오더
금(7/31)
10:00 ~ 22:30
22:20 라스트오더
토(8/1)
10:00 ~ 22:30
22:20 라스트오더
일(8/2)
10:00 ~ 22:30
22:20 라스트오더
월(8/3)
10:00 ~ 22:30
22:20 라스트오더"
"581894587","써브웨이 광주전남대후문점","영업정보
접기
영업 전08:00 오픈
화(7/28)
08:00 ~ 22:00
수(7/29)
08:00 ~ 22:00
목(7/30)
08:00 ~ 22:00
금(7/31)
08:00 ~ 22:00
토(8/1)
08:00 ~ 22:00
일(8/2)
08:00 ~ 22:00
월(8/3)
08:00 ~ 22:00"
"24664590","맥도날드 전남대DT점","영업정보
접기
영업 중24시간 영업
화(7/28)
00:00 ~ 24:00
수(7/29)
00:00 ~ 24:00
목(7/30)
00:00 ~ 24:00
금(7/31)
00:00 ~ 24:00
토(8/1)
00:00 ~ 24:00
일(8/2)
00:00 ~ 24:00
월(8/3)
00:00 ~ 24:00"
"1811522929","잇샌드 전남대점","영업정보
접기
영업 전09:00 오픈
화(7/28)
09:00 ~ 21:00
20:00 라스트오더
수(7/29)
09:00 ~ 21:00
20:00 라스트오더
목(7/30)
09:00 ~ 21:00
20:00 라스트오더
금(7/31)
09:00 ~ 21:00
20:00 라스트오더
토(8/1)
09:00 ~ 21:00
20:00 라스트오더
일(8/2)
09:00 ~ 21:00
20:00 라스트오더
월(8/3)
09:00 ~ 21:00
20:00 라스트오더"
"1656672171","벤티버거 전남대점","영업정보
접기
영업 전10:30 오픈
연중무휴
화(7/28)
10:30 ~ 22:00
수(7/29)
10:30 ~ 22:00
목(7/30)
10:30 ~ 22:00
금(7/31)
10:30 ~ 22:00
토(8/1)
10:30 ~ 22:00
일(8/2)
10:30 ~ 22:00
월(8/3)
10:30 ~ 22:00"
"1545117767","움버거앤윙스 광주전남대점","영업정보
접기
영업 전10:00 오픈
화(7/28)
10:00 ~ 22:00
수(7/29)
10:00 ~ 22:00
목(7/30)
10:00 ~ 22:00
금(7/31)
10:00 ~ 22:00
토(8/1)
10:00 ~ 22:00
일(8/2)
10:00 ~ 22:00
월(8/3)
10:00 ~ 22:00"
"53540346","샌디치","영업정보
접기
영업 전09:00 오픈
화(7/28)
09:00 ~ 18:00
수(7/29)
09:00 ~ 18:00
목(7/30)
09:00 ~ 18:00
금(7/31)
09:00 ~ 18:00
토(8/1)
09:00 ~ 14:00
일(8/2)
휴무일
월(8/3)
09:00 ~ 18:00
영업정보 전체보기"
"832099864","맛31","영업정보
접기
영업 전06:00 오픈
화(7/28)
06:00 ~ 18:30
수(7/29)
06:00 ~ 18:30
목(7/30)
06:00 ~ 18:30
금(7/31)
06:00 ~ 18:30
토(8/1)
06:00 ~ 13:30
일(8/2)
06:00 ~ 17:00
월(8/3)
06:00 ~ 18:30"
"65850995","노브랜드버거 광주전남대점","영업정보
접기
영업 전09:30 오픈
화(7/28)
09:30 ~ 24:00
수(7/29)
09:30 ~ 24:00
목(7/30)
09:30 ~ 24:00
금(7/31)
09:30 ~ 24:00
토(8/1)
09:30 ~ 24:00
일(8/2)
09:30 ~ 24:00
월(8/3)
09:30 ~ 24:00"
"27222156","착한해물","영업정보
접기
영업 전17:00 오픈
화(7/28)
17:00 ~ 24:00
23:30 라스트오더
수(7/29)
17:00 ~ 24:00
23:30 라스트오더
목(7/30)
17:00 ~ 24:00
23:30 라스트오더
금(7/31)
17:00 ~ 24:00
23:30 라스트오더
토(8/1)
17:00 ~ 24:00
23:30 라스트오더
일(8/2)
17:00 ~ 24:00
23:30 라스트오더
월(8/3)
17:00 ~ 24:00
23:30 라스트오더"
"27508778","육풍 용봉점","영업정보
접기
영업 전15:00 오픈
화(7/28)
15:00 ~ 01:00
수(7/29)
15:00 ~ 01:00
목(7/30)
15:00 ~ 01:00
금(7/31)
15:00 ~ 01:00
토(8/1)
15:00 ~ 01:00
일(8/2)
13:00 ~ 24:00
월(8/3)
15:00 ~ 01:00"
"697372318","깐깐한족발 광주용봉점","영업정보
접기
영업 전11:30 오픈
화(7/28)
11:30 ~ 23:30
수(7/29)
11:30 ~ 23:30
목(7/30)
11:30 ~ 23:30
금(7/31)
11:30 ~ 23:30
토(8/1)
11:30 ~ 23:30
일(8/2)
11:30 ~ 23:30
월(8/3)
11:30 ~ 23:30"
"9732494","낙지한마당","영업정보
접기
휴무일내일 10:00 오픈
화(7/28)
휴무일
수(7/29)
10:00 ~ 21:00
15:00 ~ 16:30 브레이크타임
목(7/30)
10:00 ~ 21:00
15:00 ~ 16:30 브레이크타임
금(7/31)
10:00 ~ 21:00
15:00 ~ 16:30 브레이크타임
토(8/1)
10:00 ~ 21:00
15:00 ~ 16:30 브레이크타임
일(8/2)
10:00 ~ 21:00
15:00 ~ 16:30 브레이크타임
월(8/3)
10:00 ~ 21:00
15:00 ~ 16:30 브레이크타임"
"18521689","25시소문난오돌뼈","영업정보
접기
영업 전16:00 오픈
화(7/28)
16:00 ~ 23:50
23:00 라스트오더
수(7/29)
16:00 ~ 23:50
23:00 라스트오더
목(7/30)
16:00 ~ 23:50
23:00 라스트오더
금(7/31)
16:00 ~ 23:50
23:00 라스트오더
토(8/1)
16:00 ~ 23:50
23:00 라스트오더
일(8/2)
16:00 ~ 23:50
23:00 라스트오더
월(8/3)
16:00 ~ 23:50
23:00 라스트오더"
"106073969","알콩달콩","영업정보
접기
영업 전11:30 오픈
화(7/28)
11:30 ~ 21:40
수(7/29)
11:30 ~ 21:40
목(7/30)
11:30 ~ 21:40
금(7/31)
11:30 ~ 21:40
토(8/1)
11:30 ~ 21:40
일(8/2)
휴무일
월(8/3)
11:30 ~ 21:40"
"15777781","한우촌","영업정보
접기
영업 전11:30 오픈
화(7/28)
11:30 ~ 21:30
14:00 ~ 17:00 브레이크타임
수(7/29)
11:30 ~ 21:30
14:00 ~ 17:00 브레이크타임
목(7/30)
11:30 ~ 21:30
14:00 ~ 17:00 브레이크타임
금(7/31)
11:30 ~ 21:30
14:00 ~ 17:00 브레이크타임
토(8/1)
11:30 ~ 21:30
14:00 ~ 17:00 브레이크타임
일(8/2)
휴무일
월(8/3)
11:30 ~ 21:30
14:00 ~ 17:00 브레이크타임"
"21163618","머시기쪽갈비생족발구이","영업정보
접기
영업 전16:30 오픈
화(7/28)
16:30 ~ 23:00
22:00 라스트오더
수(7/29)
16:30 ~ 23:00
22:00 라스트오더
목(7/30)
16:30 ~ 23:00
22:00 라스트오더
금(7/31)
16:30 ~ 23:00
22:00 라스트오더
토(8/1)
16:30 ~ 23:00
22:00 라스트오더
일(8/2)
휴무일
월(8/3)
16:30 ~ 23:00
22:00 라스트오더"
"12981000","왕손주먹구이","영업정보
접기
영업 전17:00 오픈
화(7/28)
17:00 ~ 24:00
수(7/29)
17:00 ~ 24:00
목(7/30)
17:00 ~ 24:00
금(7/31)
17:00 ~ 24:00
토(8/1)
17:00 ~ 24:00
일(8/2)
휴무일
월(8/3)
17:00 ~ 24:00"
"27059063","해뜰날 1호점","영업정보
접기
영업 전15:00 오픈
화(7/28)
15:00 ~ 01:00
24:00 라스트오더
수(7/29)
15:00 ~ 01:00
24:00 라스트오더
목(7/30)
15:00 ~ 01:00
24:00 라스트오더
금(7/31)
15:00 ~ 01:00
24:00 라스트오더
토(8/1)
15:00 ~ 01:00
24:00 라스트오더
일(8/2)
15:00 ~ 01:00
24:00 라스트오더
월(8/3)
15:00 ~ 01:00
24:00 라스트오더"
"1581708234","곱창선생 용봉점","영업정보
접기
영업 전17:00 오픈
화(7/28)
17:00 ~ 24:00
수(7/29)
17:00 ~ 24:00
목(7/30)
17:00 ~ 24:00
금(7/31)
17:00 ~ 24:00
토(8/1)
17:00 ~ 24:00
일(8/2)
17:00 ~ 24:00
월(8/3)
휴무일"
"1511706085","하마네아구찜 용봉점","영업정보
접기
휴무일내일 11:30 오픈
화(7/28)
휴무일
수(7/29)
11:30 ~ 21:40
15:00 ~ 17:00 브레이크타임
목(7/30)
11:30 ~ 21:40
15:00 ~ 17:00 브레이크타임
금(7/31)
11:30 ~ 21:40
15:00 ~ 17:00 브레이크타임
토(8/1)
11:30 ~ 21:40
15:00 ~ 17:00 브레이크타임
일(8/2)
11:30 ~ 21:40
15:00 ~ 17:00 브레이크타임
영업정보 전체보기"
"1591314571","청보리","영업정보
접기
영업 전11:00 오픈
화(7/28)
11:00 ~ 22:00
15:00 ~ 16:00 브레이크타임
수(7/29)
11:00 ~ 22:00
15:00 ~ 16:00 브레이크타임
목(7/30)
11:00 ~ 22:00
15:00 ~ 16:00 브레이크타임
금(7/31)
11:00 ~ 22:00
15:00 ~ 16:00 브레이크타임
토(8/1)
11:00 ~ 22:00
일(8/2)
11:00 ~ 22:00
월(8/3)
휴무일"
"1108958686","서리냉면 전남대점","영업정보
접기
영업 전11:00 오픈
화(7/28)
11:00 ~ 21:00
수(7/29)
11:00 ~ 21:00
목(7/30)
11:00 ~ 21:00
금(7/31)
11:00 ~ 21:00
토(8/1)
11:00 ~ 21:00
일(8/2)
11:00 ~ 21:00
월(8/3)
휴무일"
"1324755733","장인닭갈비 용봉점","영업정보
접기
영업 전11:00 오픈
연중무휴
화(7/28)
11:00 ~ 22:00
21:20 라스트오더
수(7/29)
11:00 ~ 22:00
21:20 라스트오더
목(7/30)
11:00 ~ 22:00
21:20 라스트오더
금(7/31)
11:00 ~ 22:00
21:20 라스트오더
토(8/1)
11:00 ~ 22:00
21:20 라스트오더
일(8/2)
11:00 ~ 22:00
21:20 라스트오더
월(8/3)
11:00 ~ 22:00
21:20 라스트오더"
"23209780","고을 나주곰탕","영업정보
접기
영업 전09:00 오픈
화(7/28)
09:00 ~ 20:00
14:00 ~ 17:00 브레이크타임
수(7/29)
09:00 ~ 20:00
14:00 ~ 17:00 브레이크타임
목(7/30)
09:00 ~ 20:00
14:00 ~ 17:00 브레이크타임
금(7/31)
09:00 ~ 20:00
14:00 ~ 17:00 브레이크타임
토(8/1)
09:00 ~ 20:00
14:00 ~ 17:00 브레이크타임
일(8/2)
휴무일
월(8/3)
09:00 ~ 20:00
14:00 ~ 17:00 브레이크타임"
"7899390","별미콩나물국밥집","영업정보
접기
영업 중24시간 영업
화(7/28)
00:00 ~ 24:00
수(7/29)
00:00 ~ 24:00
목(7/30)
00:00 ~ 24:00
금(7/31)
00:00 ~ 24:00
토(8/1)
00:00 ~ 24:00
일(8/2)
00:00 ~ 24:00
월(8/3)
00:00 ~ 24:00"
"12059904","얼씨구학당가보세","영업정보
영업시간을 알려주세요"
"276840541","화백","영업정보
접기
영업 전16:00 오픈
화(7/28)
16:00 ~ 23:00
수(7/29)
16:00 ~ 23:00
목(7/30)
16:00 ~ 23:00
금(7/31)
16:00 ~ 23:00
토(8/1)
16:00 ~ 23:00
일(8/2)
16:00 ~ 23:00
월(8/3)
16:00 ~ 23:00"
"10174032","건영회수산 1호점","영업정보
접기
영업 전11:30 오픈
화(7/28)
11:30 ~ 22:00
15:00 ~ 16:30 브레이크타임
수(7/29)
11:30 ~ 22:00
15:00 ~ 16:30 브레이크타임
목(7/30)
11:30 ~ 22:00
15:00 ~ 16:30 브레이크타임
금(7/31)
11:30 ~ 22:00
15:00 ~ 16:30 브레이크타임
토(8/1)
11:30 ~ 22:00
15:00 ~ 16:30 브레이크타임
일(8/2)
11:30 ~ 22:00
15:00 ~ 16:30 브레이크타임
월(8/3)
11:30 ~ 22:00
15:00 ~ 16:30 브레이크타임"
"883685050","쎄쎄니","영업정보
접기
영업 전14:00 오픈
화(7/28)
14:00 ~ 02:00
수(7/29)
14:00 ~ 02:00
목(7/30)
14:00 ~ 02:00
금(7/31)
14:00 ~ 02:00
토(8/1)
14:00 ~ 02:00
일(8/2)
14:00 ~ 02:00
월(8/3)
휴무일"
"852690291","츠츠허허 용봉점","영업정보
접기
영업 중03:00 까지
월(7/27)
16:00 ~ 03:00
02:00 라스트오더
화(7/28)
16:00 ~ 03:00
02:00 라스트오더
수(7/29)
16:00 ~ 03:00
02:00 라스트오더
목(7/30)
16:00 ~ 03:00
02:00 라스트오더
금(7/31)
16:00 ~ 03:00
02:00 라스트오더
토(8/1)
16:00 ~ 03:00
02:00 라스트오더
일(8/2)
휴무일"
"21439387","가마솥옛날국밥","영업정보
접기
영업 전09:30 오픈
화(7/28)
09:30 ~ 21:30
수(7/29)
09:30 ~ 21:30
목(7/30)
09:30 ~ 21:30
금(7/31)
09:30 ~ 21:30
토(8/1)
10:00 ~ 21:00
일(8/2)
10:00 ~ 21:00
월(8/3)
09:30 ~ 21:30
요기요 제공"
"932188758","풍호양꼬치","영업정보
접기
곧 영업 마감01:30 까지
월(7/27)
16:30 ~ 01:30
00:40 라스트오더
화(7/28)
16:30 ~ 01:30
00:40 라스트오더
수(7/29)
16:30 ~ 01:30
00:40 라스트오더
목(7/30)
16:30 ~ 01:30
00:40 라스트오더
금(7/31)
16:30 ~ 01:30
00:40 라스트오더
토(8/1)
16:30 ~ 01:30
00:40 라스트오더
일(8/2)
16:00 ~ 24:00
23:10 라스트오더"
"181656590","호르몬치치 광주용봉점","영업정보
접기
곧 영업 마감01:30 까지
월(7/27)
16:00 ~ 01:30
화(7/28)
16:00 ~ 01:30
수(7/29)
16:00 ~ 01:30
목(7/30)
16:00 ~ 01:30
금(7/31)
16:00 ~ 01:30
토(8/1)
16:00 ~ 01:30
일(8/2)
16:00 ~ 01:30"
"1459878793","미옌","영업정보
접기
영업 전11:00 오픈
화(7/28)
11:00 ~ 21:00
14:50 ~ 16:50 브레이크타임
20:10 라스트오더
수(7/29)
11:00 ~ 21:00
14:50 ~ 16:50 브레이크타임
20:10 라스트오더
목(7/30)
11:00 ~ 21:00
14:50 ~ 16:50 브레이크타임
20:10 라스트오더
금(7/31)
11:00 ~ 21:00
14:50 ~ 16:50 브레이크타임
20:10 라스트오더
토(8/1)
11:00 ~ 21:00
14:50 ~ 16:50 브레이크타임
20:10 라스트오더
일(8/2)
휴무일
월(8/3)
11:00 ~ 21:00
14:50 ~ 16:50 브레이크타임
20:10 라스트오더"
"141805304","이화원","영업정보
접기
영업 전11:00 오픈
화(7/28)
11:00 ~ 21:00
수(7/29)
11:00 ~ 21:00
목(7/30)
11:00 ~ 21:00
금(7/31)
11:00 ~ 21:00
토(8/1)
11:00 ~ 21:00
일(8/2)
11:00 ~ 21:00
월(8/3)
휴무일"
"2142221525","호박반점","영업정보
접기
영업 전11:00 오픈
화(7/28)
11:00 ~ 21:00
20:30 라스트오더
수(7/29)
11:00 ~ 21:00
20:30 라스트오더
목(7/30)
11:00 ~ 21:00
20:30 라스트오더
금(7/31)
11:00 ~ 21:00
20:30 라스트오더
토(8/1)
11:00 ~ 21:00
20:30 라스트오더
일(8/2)
11:00 ~ 21:00
20:30 라스트오더
월(8/3)
휴무일"
"1357306358","일등참치 용봉점","영업정보
접기
휴무일내일 17:00 오픈
화(7/28)
휴무일
수(7/29)
17:00 ~ 00:40
목(7/30)
17:00 ~ 00:40
금(7/31)
17:00 ~ 00:40
토(8/1)
17:00 ~ 00:40
일(8/2)
17:00 ~ 00:40
월(8/3)
17:00 ~ 00:40"
"1950446513","동백카츠 광주용봉점","영업정보
접기
영업 전11:00 오픈
화(7/28)
11:00 ~ 21:00
15:00 ~ 17:00 브레이크타임
20:20 라스트오더
수(7/29)
11:00 ~ 21:00
15:00 ~ 17:00 브레이크타임
20:20 라스트오더
목(7/30)
11:00 ~ 21:00
15:00 ~ 17:00 브레이크타임
20:20 라스트오더
금(7/31)
11:00 ~ 21:00
15:00 ~ 17:00 브레이크타임
20:20 라스트오더
토(8/1)
11:00 ~ 21:00
15:00 ~ 17:00 브레이크타임
20:20 라스트오더
일(8/2)
11:00 ~ 21:00
15:00 ~ 17:00 브레이크타임
20:20 라스트오더
월(8/3)
11:00 ~ 21:00
15:00 ~ 17:00 브레이크타임
20:20 라스트오더"
"72017598","참무리 용봉1호점","영업정보
접기
영업 전16:30 오픈
화(7/28)
16:30 ~ 01:00
수(7/29)
16:30 ~ 01:00
목(7/30)
16:30 ~ 01:00
금(7/31)
16:30 ~ 01:00
토(8/1)
16:30 ~ 01:00
일(8/2)
16:30 ~ 01:00
월(8/3)
16:30 ~ 01:00"
"1857901796","미미참치 용봉점","영업정보
접기
영업 전17:00 오픈
화(7/28)
17:00 ~ 24:00
수(7/29)
17:00 ~ 24:00
목(7/30)
17:00 ~ 24:00
금(7/31)
17:00 ~ 24:00
토(8/1)
17:00 ~ 24:00
일(8/2)
휴무일
월(8/3)
17:00 ~ 24:00"
"2102869239","리안토","영업정보
접기
영업 전11:00 오픈
화(7/28)
11:00 ~ 23:00
수(7/29)
11:00 ~ 23:00
목(7/30)
11:00 ~ 23:00
금(7/31)
11:00 ~ 23:00
토(8/1)
11:00 ~ 23:00
일(8/2)
11:00 ~ 23:00
월(8/3)
11:00 ~ 23:00"
"1507660278","빨간토마토피자 북구점","영업정보
영업시간을 알려주세요"
"17502515","마구로","영업정보
접기
영업 전17:00 오픈
화(7/28)
17:00 ~ 23:00
수(7/29)
17:00 ~ 23:00
목(7/30)
17:00 ~ 23:00
금(7/31)
17:00 ~ 23:00
토(8/1)
17:00 ~ 23:00
일(8/2)
휴무일
월(8/3)
17:00 ~ 23:00"
"1847272361","1등참치 광주용봉점","영업정보
접기
영업 중01:50 까지
월(7/27)
17:00 ~ 01:50
화(7/28)
휴무일
수(7/29)
17:00 ~ 01:50
목(7/30)
17:00 ~ 01:50
금(7/31)
17:00 ~ 01:50
토(8/1)
17:00 ~ 01:50
일(8/2)
17:00 ~ 01:50"
"1626520956","임실N치즈피자 문흥전남대점","영업정보
영업시간을 알려주세요"
"1383821218","미쁘다담양식돼지갈비 본점","영업정보
접기
영업 전11:30 오픈
화(7/28)
11:30 ~ 22:00
수(7/29)
11:30 ~ 22:00
목(7/30)
11:30 ~ 22:00
금(7/31)
11:30 ~ 22:00
토(8/1)
11:30 ~ 22:00
일(8/2)
11:30 ~ 22:00
월(8/3)
휴무일"
"1336370781","끼니꾸니","영업정보
접기
영업 전10:00 오픈
화(7/28)
10:00 ~ 21:00
수(7/29)
10:00 ~ 21:00
목(7/30)
10:00 ~ 21:00
금(7/31)
10:00 ~ 21:00
토(8/1)
10:00 ~ 21:00
일(8/2)
휴무일
월(8/3)
10:00 ~ 21:00"
"1623692073","고급양식","영업정보
영업시간을 알려주세요"
"17836624","김밥천국 오치점","영업정보
접기
영업 전09:00 오픈
화(7/28)
09:00 ~ 23:00
수(7/29)
09:00 ~ 23:00
목(7/30)
09:00 ~ 23:00
금(7/31)
09:00 ~ 23:00
토(8/1)
09:00 ~ 23:00
일(8/2)
09:00 ~ 23:00
월(8/3)
09:00 ~ 23:00"
"1060825123","승미","영업정보
영업시간을 알려주세요"
"1707545870","예가 떡볶이&치킨","영업정보
영업시간을 알려주세요"
"25978649","비티씨","영업정보
접기
영업 전09:00 오픈
화(7/28)
09:00 ~ 22:00
수(7/29)
09:00 ~ 22:00
목(7/30)
09:00 ~ 22:00
금(7/31)
09:00 ~ 22:00
토(8/1)
휴무일
일(8/2)
12:00 ~ 22:00
월(8/3)
09:00 ~ 22:00"
"1001476595","카페나인틴52","영업정보
접기
영업 전08:00 오픈
화(7/28)
08:00 ~ 22:00
21:30 라스트오더
수(7/29)
08:00 ~ 22:00
21:30 라스트오더
목(7/30)
08:00 ~ 22:00
21:30 라스트오더
금(7/31)
08:00 ~ 22:00
21:30 라스트오더
토(8/1)
09:00 ~ 22:00
21:30 라스트오더
일(8/2)
09:00 ~ 20:00
19:30 라스트오더
월(8/3)
08:00 ~ 22:00
21:30 라스트오더
영업정보 전체보기"
"1245640101","커피드림 5호점","영업정보
접기
영업 전09:00 오픈
화(7/28)
09:00 ~ 22:00
21:30 라스트오더
수(7/29)
09:00 ~ 22:00
21:30 라스트오더
목(7/30)
09:00 ~ 22:00
21:30 라스트오더
금(7/31)
09:00 ~ 22:00
21:30 라스트오더
토(8/1)
09:00 ~ 22:00
21:30 라스트오더
일(8/2)
휴무일
월(8/3)
09:00 ~ 22:00
21:30 라스트오더"
"198782111","컴포즈커피 광주전대상대점","영업정보
접기
영업 전07:30 오픈
화(7/28)
07:30 ~ 22:00
수(7/29)
07:30 ~ 22:00
목(7/30)
07:30 ~ 22:00
금(7/31)
07:30 ~ 22:00
토(8/1)
09:00 ~ 22:00
일(8/2)
09:00 ~ 22:00
월(8/3)
07:30 ~ 22:00"
"1225782126","요거트아이스크림의정석 광주북구점","영업정보
접기
영업 중02:00 까지
월(7/27)
13:00 ~ 02:00
화(7/28)
13:00 ~ 02:00
수(7/29)
13:00 ~ 02:00
목(7/30)
13:00 ~ 02:00
금(7/31)
13:00 ~ 02:00
토(8/1)
13:00 ~ 02:00
일(8/2)
13:00 ~ 02:00"
"2008311046","프린트카페 전대상대점","영업정보
접기
영업 중24시간 영업
화(7/28)
00:00 ~ 24:00
수(7/29)
00:00 ~ 24:00
목(7/30)
00:00 ~ 24:00
금(7/31)
00:00 ~ 24:00
토(8/1)
00:00 ~ 24:00
일(8/2)
00:00 ~ 24:00
월(8/3)
00:00 ~ 24:00"
"2051280297","카페오씨오씨","영업정보
접기
영업 전08:00 오픈
화(7/28)
08:00 ~ 21:00
20:30 라스트오더
수(7/29)
08:00 ~ 21:00
20:30 라스트오더
목(7/30)
08:00 ~ 21:00
20:30 라스트오더
금(7/31)
08:00 ~ 21:00
20:30 라스트오더
토(8/1)
08:00 ~ 21:00
20:30 라스트오더
일(8/2)
08:00 ~ 21:00
20:30 라스트오더
월(8/3)
08:00 ~ 21:00
20:30 라스트오더"
"1803056771","유커피","영업정보
접기
영업 전08:00 오픈
화(7/28)
08:00 ~ 22:00
21:30 라스트오더
수(7/29)
08:00 ~ 22:00
21:30 라스트오더
목(7/30)
08:00 ~ 22:00
21:30 라스트오더
금(7/31)
08:00 ~ 22:00
21:30 라스트오더
토(8/1)
10:00 ~ 21:00
20:30 라스트오더
일(8/2)
휴무일
월(8/3)
08:00 ~ 22:00
21:30 라스트오더"
"19162074","카페아프리카","영업정보
영업시간을 알려주세요"
"425362665","더벤티 광주전대상대점","영업정보
접기
영업 전08:00 오픈
화(7/28)
08:00 ~ 22:00
수(7/29)
08:00 ~ 22:00
목(7/30)
08:00 ~ 22:00
금(7/31)
08:00 ~ 22:00
토(8/1)
09:00 ~ 21:00
일(8/2)
09:00 ~ 21:00
월(8/3)
08:00 ~ 22:00"
"622543634","비라이트","영업정보
접기
영업 전07:00 오픈
화(7/28)
07:00 ~ 23:00
22:30 라스트오더
수(7/29)
07:00 ~ 23:00
22:30 라스트오더
목(7/30)
07:00 ~ 23:00
22:30 라스트오더
금(7/31)
07:00 ~ 22:00
21:30 라스트오더
토(8/1)
07:30 ~ 22:00
21:30 라스트오더
일(8/2)
07:30 ~ 22:00
21:30 라스트오더
월(8/3)
07:00 ~ 23:00
22:30 라스트오더"
"1849329888","나이브플레이스","영업정보
접기
영업 전10:30 오픈
화(7/28)
10:30 ~ 20:00
수(7/29)
10:30 ~ 20:00
목(7/30)
10:30 ~ 20:00
금(7/31)
10:30 ~ 20:00
토(8/1)
11:00 ~ 17:00
일(8/2)
휴무일
월(8/3)
10:30 ~ 20:00"
"8544290","음악에","영업정보
접기
영업 전11:00 오픈
화(7/28)
11:00 ~ 17:00
수(7/29)
11:00 ~ 17:00
목(7/30)
11:00 ~ 17:00
금(7/31)
11:00 ~ 17:00
토(8/1)
휴무일
일(8/2)
휴무일
월(8/3)
11:00 ~ 17:00
영업정보 전체보기"
"1706081139","컴포즈커피 광주전남대생활관점","영업정보
접기
영업 전08:00 오픈
화(7/28)
08:00 ~ 21:00
수(7/29)
08:00 ~ 21:00
목(7/30)
08:00 ~ 21:00
금(7/31)
08:00 ~ 21:00
토(8/1)
08:00 ~ 21:00
일(8/2)
08:00 ~ 21:00
월(8/3)
08:00 ~ 21:00"
"2024566220","메가MGC커피 전대예대점","영업정보
접기
영업 전08:00 오픈
화(7/28)
08:00 ~ 21:30
수(7/29)
08:00 ~ 21:30
목(7/30)
08:00 ~ 21:30
금(7/31)
08:00 ~ 21:30
토(8/1)
08:00 ~ 21:30
일(8/2)
08:00 ~ 21:30
월(8/3)
08:00 ~ 21:30"
"1473003837","커피베이 전남대학교점","영업정보
접기
영업정보
일(8/2)
휴무일
영업정보 전체보기"
"495190309","카페인중독 전대상대점","영업정보
접기
영업 전13:00 오픈
화(7/28)
13:00 ~ 24:00
수(7/29)
13:00 ~ 24:00
목(7/30)
13:00 ~ 24:00
금(7/31)
13:00 ~ 24:00
토(8/1)
13:00 ~ 24:00
일(8/2)
13:00 ~ 24:00
월(8/3)
휴무일"
"1691090713","거북당 전대예대점","영업정보
접기
영업 전08:00 오픈
화(7/28)
08:00 ~ 22:00
수(7/29)
08:00 ~ 22:00
목(7/30)
08:00 ~ 22:00
금(7/31)
08:00 ~ 22:00
토(8/1)
10:00 ~ 21:00
일(8/2)
10:00 ~ 21:00
월(8/3)
08:00 ~ 22:00"
"1798429252","벌크커피 전철우사거리점","영업정보
접기
영업 전09:30 오픈
화(7/28)
09:30 ~ 01:00
수(7/29)
09:30 ~ 01:00
목(7/30)
09:30 ~ 01:00
금(7/31)
09:30 ~ 01:00
토(8/1)
09:30 ~ 01:00
일(8/2)
09:30 ~ 01:00
월(8/3)
09:30 ~ 01:00"
"1777706074","커피드림 2호점","영업정보
접기
영업 전08:00 오픈
리스트오더 ~ 19:50
화(7/28)
08:00 ~ 20:00
수(7/29)
08:00 ~ 20:00
목(7/30)
08:00 ~ 20:00
금(7/31)
08:00 ~ 20:00
토(8/1)
08:00 ~ 20:00
일(8/2)
휴무일
월(8/3)
08:00 ~ 20:00"
"185593911","온다방","영업정보
접기
영업 전09:00 오픈
화(7/28)
09:00 ~ 22:00
수(7/29)
09:00 ~ 22:00
목(7/30)
09:00 ~ 22:00
금(7/31)
09:00 ~ 22:00
토(8/1)
09:00 ~ 22:00
일(8/2)
09:00 ~ 22:00
월(8/3)
09:00 ~ 22:00"
"1595988573","미우미우","영업정보
접기
영업 전11:00 오픈
화(7/28)
11:00 ~ 20:00
수(7/29)
11:00 ~ 20:00
목(7/30)
11:00 ~ 20:00
금(7/31)
11:00 ~ 20:00
토(8/1)
휴무일
일(8/2)
휴무일
월(8/3)
11:00 ~ 20:00
영업정보 전체보기"
"22484798","비틀즈","영업정보
접기
영업 전20:00 오픈
화(7/28)
20:00 ~ 01:00
수(7/29)
20:00 ~ 01:00
목(7/30)
20:00 ~ 01:00
금(7/31)
20:00 ~ 01:00
토(8/1)
20:00 ~ 01:00
일(8/2)
휴무일
월(8/3)
20:00 ~ 01:00"
"8235034","네네치킨 용봉점","영업정보
접기
영업 전11:30 오픈
화(7/28)
11:30 ~ 23:50
수(7/29)
11:30 ~ 23:50
목(7/30)
11:30 ~ 23:50
금(7/31)
11:30 ~ 23:50
토(8/1)
11:30 ~ 23:50
일(8/2)
11:30 ~ 23:50
월(8/3)
11:30 ~ 23:50"
"136786347","투썸플레이스 광주용봉점","영업정보
접기
영업 전09:00 오픈
화(7/28)
09:00 ~ 22:00
수(7/29)
09:00 ~ 22:00
목(7/30)
09:00 ~ 22:00
금(7/31)
09:00 ~ 22:00
토(8/1)
09:00 ~ 22:00
일(8/2)
09:00 ~ 22:00
월(8/3)
09:00 ~ 22:00"
"289308327","굽네치킨 용봉점","영업정보
영업시간을 알려주세요"
"1363796377","60계치킨 광주용봉점","영업정보
접기
영업 전15:00 오픈
화(7/28)
15:00 ~ 24:00
수(7/29)
15:00 ~ 24:00
목(7/30)
15:00 ~ 24:00
금(7/31)
15:00 ~ 24:00
토(8/1)
15:00 ~ 24:00
일(8/2)
15:00 ~ 24:00
월(8/3)
휴무일"
"855570196","훌랄라참숯치킨 광주용봉점","영업정보
접기
영업 전16:30 오픈
화(7/28)
16:30 ~ 24:00
수(7/29)
16:30 ~ 24:00
목(7/30)
16:30 ~ 24:00
금(7/31)
16:30 ~ 24:00
토(8/1)
16:30 ~ 24:00
일(8/2)
16:30 ~ 24:00
월(8/3)
16:30 ~ 24:00
요기요 제공"
"2038127270","빛고을닭강정 전남대점","영업정보
접기
영업 중04:00 까지
월(7/27)
15:00 ~ 04:00
화(7/28)
15:00 ~ 04:00
수(7/29)
15:00 ~ 04:00
목(7/30)
15:00 ~ 04:00
금(7/31)
15:00 ~ 04:00
토(8/1)
15:00 ~ 04:00
일(8/2)
15:00 ~ 04:00"
"1911698553","굽네치킨 광주용봉점","영업정보
접기
영업 중02:50 까지
월(7/27)
11:00 ~ 02:50
화(7/28)
11:00 ~ 02:50
수(7/29)
11:00 ~ 02:50
목(7/30)
11:00 ~ 02:50
금(7/31)
11:00 ~ 02:50
토(8/1)
11:00 ~ 02:50
일(8/2)
11:00 ~ 02:50"
"26629911","호식이두마리치킨 오치매곡점","영업정보
접기
영업 전11:00 오픈
화(7/28)
11:00 ~ 23:00
수(7/29)
11:00 ~ 23:00
목(7/30)
11:00 ~ 23:00
금(7/31)
11:00 ~ 23:00
토(8/1)
11:00 ~ 23:00
일(8/2)
11:00 ~ 23:00
월(8/3)
11:00 ~ 23:00
요기요 제공"
"26829551","KFC 광주용봉DT점","영업정보
접기
영업 전10:00 오픈
화(7/28)
10:00 ~ 23:00
수(7/29)
10:00 ~ 23:00
목(7/30)
10:00 ~ 23:00
금(7/31)
10:00 ~ 23:00
토(8/1)
10:00 ~ 23:00
일(8/2)
10:00 ~ 23:00
월(8/3)
10:00 ~ 23:00"
"1039698136","노랑통닭 광주용봉점","영업정보
접기
영업 전14:00 오픈
화(7/28)
14:00 ~ 23:50
수(7/29)
14:00 ~ 23:50
목(7/30)
14:00 ~ 23:50
금(7/31)
14:00 ~ 23:50
토(8/1)
12:00 ~ 23:50
일(8/2)
12:00 ~ 23:50
월(8/3)
14:00 ~ 01:00"
"10168433","곱창마당 갈비마당","영업정보
접기
영업 전11:30 오픈
화(7/28)
11:30 ~ 22:00
15:00 ~ 17:00 브레이크타임
수(7/29)
11:30 ~ 22:00
15:00 ~ 17:00 브레이크타임
목(7/30)
11:30 ~ 22:00
15:00 ~ 17:00 브레이크타임
금(7/31)
11:30 ~ 22:00
15:00 ~ 17:00 브레이크타임
토(8/1)
11:30 ~ 22:00
15:00 ~ 17:00 브레이크타임
일(8/2)
11:30 ~ 22:00
15:00 ~ 17:00 브레이크타임
월(8/3)
휴무일"
"9431507","창평국밥","영업정보
접기
영업 전06:00 오픈
화(7/28)
06:00 ~ 21:50
21:25 라스트오더
수(7/29)
06:00 ~ 21:50
21:25 라스트오더
목(7/30)
06:00 ~ 21:50
21:25 라스트오더
금(7/31)
06:00 ~ 21:50
21:25 라스트오더
토(8/1)
06:00 ~ 21:50
21:25 라스트오더
일(8/2)
06:00 ~ 21:50
21:25 라스트오더
월(8/3)
06:00 ~ 21:50
21:25 라스트오더"
"18961213","참진미국밥","영업정보
접기
영업 전10:00 오픈
화(7/28)
10:00 ~ 21:00
수(7/29)
10:00 ~ 21:00
목(7/30)
10:00 ~ 21:00
금(7/31)
10:00 ~ 21:00
토(8/1)
10:00 ~ 21:00
일(8/2)
휴무일
월(8/3)
10:00 ~ 21:00"
"11512196","맥도날드 용봉DT점","영업정보
접기
영업 중24시간 영업
화(7/28)
00:00 ~ 24:00
수(7/29)
00:00 ~ 24:00
목(7/30)
00:00 ~ 24:00
금(7/31)
00:00 ~ 24:00
토(8/1)
00:00 ~ 24:00
일(8/2)
00:00 ~ 24:00
월(8/3)
00:00 ~ 24:00"
"1998849678","다현 정식","영업정보
접기
영업 전11:00 오픈
화(7/28)
11:00 ~ 21:00
수(7/29)
11:00 ~ 21:00
목(7/30)
11:00 ~ 21:00
금(7/31)
11:00 ~ 21:00
토(8/1)
11:00 ~ 21:00
일(8/2)
휴무일
월(8/3)
11:00 ~ 21:00"
"1122474809","바다로한상","영업정보
접기
영업 전10:00 오픈
화(7/28)
10:00 ~ 22:00
15:00 ~ 17:00 브레이크타임
수(7/29)
10:00 ~ 22:00
15:00 ~ 17:00 브레이크타임
목(7/30)
10:00 ~ 22:00
15:00 ~ 17:00 브레이크타임
금(7/31)
10:00 ~ 22:00
15:00 ~ 17:00 브레이크타임
토(8/1)
10:00 ~ 22:00
15:00 ~ 17:00 브레이크타임
일(8/2)
10:00 ~ 22:00
15:00 ~ 17:00 브레이크타임
월(8/3)
휴무일"
"1181915760","창평시장국밥 전대직영점","영업정보
접기
영업 중24시간 영업
화(7/28)
00:00 ~ 24:00
수(7/29)
00:00 ~ 24:00
목(7/30)
00:00 ~ 24:00
금(7/31)
00:00 ~ 24:00
토(8/1)
00:00 ~ 24:00
일(8/2)
00:00 ~ 24:00
월(8/3)
00:00 ~ 24:00"
"15659806","용봉골","영업정보
영업시간을 알려주세요"
"17188056","맛골",""
"21342004","이영미궁중한방삼계탕 본점","영업정보
접기
영업 전10:30 오픈
화(7/28)
10:30 ~ 20:30
20:00 라스트오더
수(7/29)
10:30 ~ 20:30
20:00 라스트오더
목(7/30)
10:30 ~ 20:30
20:00 라스트오더
금(7/31)
10:30 ~ 20:30
20:00 라스트오더
토(8/1)
10:30 ~ 20:30
20:00 라스트오더
일(8/2)
10:30 ~ 20:30
20:00 라스트오더
월(8/3)
10:30 ~ 20:30
20:00 라스트오더"
"967459302","코다리각시 광주점","영업정보
접기
영업 전10:30 오픈
연중무휴
화(7/28)
10:30 ~ 21:00
20:30 라스트오더
수(7/29)
10:30 ~ 21:00
20:30 라스트오더
목(7/30)
10:30 ~ 21:00
20:30 라스트오더
금(7/31)
10:30 ~ 21:00
20:30 라스트오더
토(8/1)
10:30 ~ 21:00
20:30 라스트오더
일(8/2)
10:30 ~ 21:00
20:30 라스트오더
월(8/3)
10:30 ~ 21:00
20:30 라스트오더"
"9632748","홍보석","영업정보
접기
영업 전10:30 오픈
화(7/28)
10:30 ~ 20:30
수(7/29)
10:30 ~ 20:30
목(7/30)
10:30 ~ 20:30
금(7/31)
10:30 ~ 20:30
토(8/1)
10:30 ~ 20:30
일(8/2)
10:30 ~ 20:30
월(8/3)
10:30 ~ 20:30
요기요 제공"
"1870639222","빛고을국밥&전골전문점","영업정보
접기
영업 전10:00 오픈
화(7/28)
10:00 ~ 21:00
수(7/29)
10:00 ~ 21:00
목(7/30)
10:00 ~ 21:00
금(7/31)
10:00 ~ 21:00
토(8/1)
10:00 ~ 21:00
일(8/2)
10:00 ~ 21:00
월(8/3)
휴무일"
"9925257","자금성중화요리","영업정보
접기
영업 전10:00 오픈
화(7/28)
10:00 ~ 20:00
수(7/29)
10:00 ~ 20:00
목(7/30)
휴무일
금(7/31)
10:00 ~ 20:00
토(8/1)
10:00 ~ 20:00
일(8/2)
10:00 ~ 20:00
월(8/3)
10:00 ~ 20:00"
"117517121","도원","영업정보
접기
영업 전10:00 오픈
화(7/28)
10:00 ~ 20:00
수(7/29)
10:00 ~ 20:00
목(7/30)
10:00 ~ 20:00
금(7/31)
10:00 ~ 20:00
토(8/1)
10:00 ~ 20:00
일(8/2)
10:00 ~ 20:00
월(8/3)
10:00 ~ 20:00"
"27434649","산으로간참치","영업정보
접기
영업 전15:00 오픈
화(7/28)
15:00 ~ 24:00
수(7/29)
15:00 ~ 24:00
목(7/30)
15:00 ~ 24:00
금(7/31)
15:00 ~ 24:00
토(8/1)
15:00 ~ 24:00
일(8/2)
휴무일
월(8/3)
15:00 ~ 24:00"
"1864877399","남촌황소곱창","영업정보
접기
영업 전17:00 오픈
화(7/28)
17:00 ~ 01:00
24:00 라스트오더
수(7/29)
17:00 ~ 01:00
24:00 라스트오더
목(7/30)
17:00 ~ 01:00
24:00 라스트오더
금(7/31)
17:00 ~ 01:00
24:00 라스트오더
토(8/1)
17:00 ~ 01:00
24:00 라스트오더
일(8/2)
17:00 ~ 01:00
24:00 라스트오더
월(8/3)
17:00 ~ 01:00
24:00 라스트오더"
"14507290","필링돈까스 본점","영업정보
접기
영업 전11:30 오픈
명절 전날 당일 휴무
화(7/28)
11:30 ~ 21:00
14:30 ~ 17:00 브레이크타임
수(7/29)
11:30 ~ 21:00
14:30 ~ 17:00 브레이크타임
목(7/30)
11:30 ~ 21:00
14:30 ~ 17:00 브레이크타임
금(7/31)
11:30 ~ 21:00
14:30 ~ 17:00 브레이크타임
토(8/1)
11:30 ~ 21:00
14:30 ~ 17:00 브레이크타임
일(8/2)
11:30 ~ 21:00
14:30 ~ 17:00 브레이크타임
영업정보 전체보기"
"1940697656","가화성","영업정보
접기
영업 전10:00 오픈
화(7/28)
10:00 ~ 20:00
19:55 라스트오더
수(7/29)
10:00 ~ 20:00
19:55 라스트오더
목(7/30)
10:00 ~ 20:00
19:55 라스트오더
금(7/31)
10:00 ~ 20:00
19:55 라스트오더
토(8/1)
10:00 ~ 20:00
19:55 라스트오더
일(8/2)
10:00 ~ 20:00
19:55 라스트오더
월(8/3)
10:00 ~ 20:00
19:55 라스트오더"
"23562449","오치반점","영업정보
접기
영업 전10:40 오픈
화(7/28)
10:40 ~ 20:00
수(7/29)
10:40 ~ 20:00
목(7/30)
휴무일
금(7/31)
10:40 ~ 20:00
토(8/1)
10:40 ~ 20:00
일(8/2)
10:40 ~ 20:00
월(8/3)
10:40 ~ 20:00"
"783768913","타루카츠","영업정보
접기
영업 전11:30 오픈
화(7/28)
11:30 ~ 20:30
15:00 ~ 17:00 브레이크타임
20:00 라스트오더
수(7/29)
11:30 ~ 20:30
15:00 ~ 17:00 브레이크타임
20:00 라스트오더
목(7/30)
11:30 ~ 20:30
15:00 ~ 17:00 브레이크타임
20:00 라스트오더
금(7/31)
11:30 ~ 20:30
15:00 ~ 17:00 브레이크타임
20:00 라스트오더
토(8/1)
11:30 ~ 20:30
15:00 ~ 17:00 브레이크타임
20:00 라스트오더
월(8/3)
11:30 ~ 20:30
15:00 ~ 17:00 브레이크타임
20:00 라스트오더"
"795254672","광주참치회초밥 어울림 오치본점","영업정보
접기
영업 전15:00 오픈
화(7/28)
15:00 ~ 23:00
22:00 라스트오더
수(7/29)
15:00 ~ 23:00
22:00 라스트오더
목(7/30)
15:00 ~ 23:00
22:00 라스트오더
금(7/31)
15:00 ~ 23:00
22:00 라스트오더
토(8/1)
15:00 ~ 23:00
22:00 라스트오더
일(8/2)
15:00 ~ 23:00
22:00 라스트오더
월(8/3)
15:00 ~ 23:00
22:00 라스트오더"
"1282118673","윤가츠당 용봉본점","영업정보
접기
휴무일내일 10:30 오픈
화(7/28)
휴무일
수(7/29)
10:30 ~ 20:00
목(7/30)
10:30 ~ 20:00
금(7/31)
10:30 ~ 20:00
토(8/1)
10:30 ~ 20:00
일(8/2)
10:30 ~ 20:00
월(8/3)
10:30 ~ 20:00"
"973069270","임실치즈피자 직영점","영업정보
접기
영업 전11:30 오픈
화(7/28)
11:30 ~ 24:00
수(7/29)
17:00 ~ 24:00
목(7/30)
11:30 ~ 24:00
금(7/31)
11:30 ~ 24:00
토(8/1)
11:30 ~ 24:00
일(8/2)
11:30 ~ 24:00
월(8/3)
11:30 ~ 24:00
요기요 제공"
"200382","하랑은 오치점","영업정보
접기
영업 전10:00 오픈
화(7/28)
10:00 ~ 22:00
수(7/29)
10:00 ~ 22:00
목(7/30)
10:00 ~ 22:00
금(7/31)
10:00 ~ 22:00
토(8/1)
10:00 ~ 22:00
일(8/2)
10:00 ~ 22:00
월(8/3)
10:00 ~ 22:00"
"797825271","피자파는집 전남대점","영업정보
영업시간을 알려주세요"
"22277761","피자스쿨 광주오치점","영업정보
접기
영업 전12:00 오픈
화(7/28)
12:00 ~ 22:50
수(7/29)
12:00 ~ 22:50
목(7/30)
12:00 ~ 22:50
금(7/31)
12:00 ~ 22:50
토(8/1)
12:00 ~ 22:50
일(8/2)
12:00 ~ 22:50
월(8/3)
12:00 ~ 22:50
요기요 제공"
"8223185","김가네 오치점","영업정보
접기
영업 전10:30 오픈
화(7/28)
10:30 ~ 20:30
수(7/29)
10:30 ~ 20:30
목(7/30)
10:30 ~ 20:30
금(7/31)
10:30 ~ 20:30
토(8/1)
10:30 ~ 20:30
일(8/2)
10:30 ~ 20:30
월(8/3)
휴무일
요기요 제공"
"1741988456","프랭크버거 광주오치사거리점","영업정보
접기
영업 전09:30 오픈
화(7/28)
09:30 ~ 23:00
수(7/29)
09:30 ~ 23:00
목(7/30)
09:30 ~ 23:00
금(7/31)
09:30 ~ 23:00
토(8/1)
09:30 ~ 23:00
일(8/2)
09:30 ~ 23:00
월(8/3)
09:30 ~ 23:00"
"830884555","전통손만두","영업정보
영업시간을 알려주세요"
"21361981","후왕김밥","영업정보
접기
영업 중24시간 영업
화(7/28)
00:00 ~ 24:00
14:30 ~ 15:30 브레이크타임
수(7/29)
00:00 ~ 24:00
14:30 ~ 15:30 브레이크타임
목(7/30)
00:00 ~ 24:00
14:30 ~ 15:30 브레이크타임
금(7/31)
00:00 ~ 24:00
14:30 ~ 15:30 브레이크타임
토(8/1)
00:00 ~ 24:00
14:30 ~ 15:30 브레이크타임
일(8/2)
00:00 ~ 24:00
14:30 ~ 15:30 브레이크타임
월(8/3)
00:00 ~ 24:00
14:30 ~ 15:30 브레이크타임"
"327214220","오치커피앤빙수","영업정보
접기
영업 전10:00 오픈
화(7/28)
10:00 ~ 21:00
수(7/29)
10:00 ~ 21:00
목(7/30)
10:00 ~ 21:00
금(7/31)
10:00 ~ 21:00
토(8/1)
휴무일
일(8/2)
10:00 ~ 21:00
월(8/3)
10:00 ~ 21:00"
"1148467977","뮤","영업정보
영업시간을 알려주세요"
"1370591908","대박꼬마김밥","영업정보
접기
영업 전08:30 오픈
화(7/28)
08:30 ~ 20:00
수(7/29)
08:30 ~ 20:00
목(7/30)
08:30 ~ 20:00
금(7/31)
08:30 ~ 20:00
토(8/1)
08:30 ~ 20:00
일(8/2)
08:30 ~ 20:00
월(8/3)
08:30 ~ 20:00"
"1111862694","꼬마김밥송촌 광주북구문흥점","영업정보
접기
영업 전08:00 오픈
화(7/28)
08:00 ~ 19:00
수(7/29)
08:00 ~ 19:00
목(7/30)
08:00 ~ 19:00
금(7/31)
08:00 ~ 19:00
토(8/1)
08:00 ~ 19:00
일(8/2)
08:00 ~ 19:00
월(8/3)
08:00 ~ 19:00"
"2141968333","커피앤스튜디오 나이브","영업정보
접기
영업 전10:20 오픈
화(7/28)
10:20 ~ 19:00
수(7/29)
10:20 ~ 19:00
목(7/30)
10:20 ~ 19:00
금(7/31)
10:20 ~ 19:00
토(8/1)
11:00 ~ 18:00
일(8/2)
10:20 ~ 19:00
월(8/3)
10:20 ~ 19:00
요기요 제공"
"26960990","불티나튀김","영업정보
접기
영업 전11:00 오픈
화(7/28)
11:00 ~ 21:30
16:00 ~ 17:00 브레이크타임
수(7/29)
11:00 ~ 21:30
16:00 ~ 17:00 브레이크타임
목(7/30)
11:00 ~ 21:30
16:00 ~ 17:00 브레이크타임
금(7/31)
11:00 ~ 21:30
16:00 ~ 17:00 브레이크타임
토(8/1)
11:00 ~ 21:30
16:00 ~ 17:00 브레이크타임
일(8/2)
11:00 ~ 21:30
16:00 ~ 17:00 브레이크타임
월(8/3)
11:00 ~ 21:30
16:00 ~ 17:00 브레이크타임"
"32860017","벌크커피 전대예대점","영업정보
접기
영업 전08:00 오픈
화(7/28)
08:00 ~ 22:30
수(7/29)
08:00 ~ 22:30
목(7/30)
08:00 ~ 22:30
금(7/31)
08:00 ~ 22:30
토(8/1)
08:00 ~ 22:30
일(8/2)
08:00 ~ 22:30
월(8/3)
08:00 ~ 22:30"
"1571740047","카페거북이","영업정보
접기
영업 전07:30 오픈
화(7/28)
07:30 ~ 22:30
수(7/29)
07:30 ~ 22:30
목(7/30)
07:30 ~ 22:30
금(7/31)
07:30 ~ 22:30
토(8/1)
07:30 ~ 22:30
일(8/2)
07:30 ~ 22:30
월(8/3)
07:30 ~ 22:30"
"681612912","빈드럭스","영업정보
접기
영업 전09:00 오픈
휴일이나 조기마감시 미리 공지합니다!
화(7/28)
09:00 ~ 20:00
수(7/29)
09:00 ~ 20:00
목(7/30)
09:00 ~ 20:00
금(7/31)
09:00 ~ 20:00
토(8/1)
09:00 ~ 20:00
일(8/2)
09:00 ~ 20:00
월(8/3)
09:00 ~ 20:00"
"2071881393","리앤츄러스","영업정보
접기
영업 전11:00 오픈
화(7/28)
11:00 ~ 21:00
수(7/29)
11:00 ~ 21:00
목(7/30)
11:00 ~ 21:00
금(7/31)
11:00 ~ 21:00
토(8/1)
11:00 ~ 21:00
일(8/2)
11:00 ~ 21:00
월(8/3)
11:00 ~ 21:00"
"437943828","카페EZ","영업정보
접기
영업 중24시간 영업
화(7/28)
00:00 ~ 24:00
수(7/29)
00:00 ~ 24:00
목(7/30)
00:00 ~ 24:00
금(7/31)
00:00 ~ 24:00
토(8/1)
00:00 ~ 24:00
일(8/2)
00:00 ~ 24:00
월(8/3)
00:00 ~ 24:00"
"1504640894","이바구하우스","영업정보
영업시간을 알려주세요"
"1667989590","이장님CAFE","영업정보
접기
영업 전10:00 오픈
화(7/28)
10:00 ~ 22:00
14:00 ~ 15:00 브레이크타임
수(7/29)
09:00 ~ 21:00
12:00 ~ 13:00 브레이크타임
목(7/30)
10:00 ~ 22:00
14:00 ~ 15:00 브레이크타임
금(7/31)
10:00 ~ 22:00
14:00 ~ 15:00 브레이크타임
토(8/1)
휴무일
일(8/2)
09:00 ~ 21:00
12:00 ~ 13:00 브레이크타임
월(8/3)
10:00 ~ 22:00
14:00 ~ 15:00 브레이크타임
영업정보 전체보기"
"47479822","빅스커피","영업정보
접기
영업 전08:30 오픈
화(7/28)
08:30 ~ 22:30
수(7/29)
08:30 ~ 22:30
목(7/30)
08:30 ~ 22:30
금(7/31)
08:30 ~ 22:30
토(8/1)
10:30 ~ 22:30
일(8/2)
10:30 ~ 22:30
월(8/3)
08:30 ~ 22:30
영업정보 전체보기"
"932253697","카페놀이터","영업정보
영업시간을 알려주세요"
"1445330300","카페밀리","영업정보
접기
영업 전10:00 오픈
화(7/28)
10:00 ~ 22:00
수(7/29)
10:00 ~ 22:00
목(7/30)
10:00 ~ 22:00
금(7/31)
10:00 ~ 22:00
토(8/1)
10:00 ~ 22:00
일(8/2)
10:00 ~ 22:00
월(8/3)
10:00 ~ 22:00"
"19188757","교촌치킨 오치점","영업정보
접기
영업 전12:00 오픈
화(7/28)
12:00 ~ 24:00
수(7/29)
12:00 ~ 24:00
목(7/30)
12:00 ~ 24:00
금(7/31)
12:00 ~ 24:00
토(8/1)
12:00 ~ 24:00
일(8/2)
12:00 ~ 24:00
월(8/3)
12:00 ~ 24:00"
"406742443","필라이크선데이","영업정보
접기
영업 전10:00 오픈
화(7/28)
10:00 ~ 21:00
수(7/29)
휴무일
목(7/30)
10:00 ~ 21:00
금(7/31)
10:00 ~ 21:00
토(8/1)
10:00 ~ 21:00
일(8/2)
10:00 ~ 21:00
월(8/3)
10:00 ~ 21:00"
"762663527","BBQ 광주오치점","영업정보
접기
영업 중02:00 까지
월(7/27)
11:00 ~ 02:00
화(7/28)
11:00 ~ 02:00
수(7/29)
11:00 ~ 02:00
목(7/30)
11:00 ~ 02:00
금(7/31)
11:00 ~ 02:00
토(8/1)
11:00 ~ 02:00
일(8/2)
11:00 ~ 02:00"
"1407206639","깜보","영업정보
영업시간을 알려주세요"
"847880345","스모프양념통닭 광주북구점","영업정보
접기
영업 전18:00 오픈
매장 상황에 따라 변동될 수 있으니 방문 전 확인해주세요
화(7/28)
18:00 ~ 23:00
수(7/29)
18:00 ~ 23:00
목(7/30)
18:00 ~ 23:00
금(7/31)
18:00 ~ 23:00
토(8/1)
18:00 ~ 23:00
일(8/2)
18:00 ~ 23:00
월(8/3)
18:00 ~ 23:00"
"1719350625","쿠크당","영업정보
접기
영업 중08:00 까지
월(7/27)
09:00 ~ 08:00
화(7/28)
09:00 ~ 08:00
수(7/29)
09:00 ~ 08:00
목(7/30)
09:00 ~ 08:00
금(7/31)
09:00 ~ 08:00
토(8/1)
09:00 ~ 08:00
일(8/2)
09:00 ~ 08:00"
"24529792","88켄터키치킨","영업정보
영업시간을 알려주세요"
"877265434","양동시장통닭 용봉점","영업정보
접기
영업 전08:00 오픈
화(7/28)
08:00 ~ 01:00
수(7/29)
08:00 ~ 01:00
목(7/30)
08:00 ~ 01:00
금(7/31)
08:00 ~ 01:00
토(8/1)
08:00 ~ 01:00
일(8/2)
08:00 ~ 01:00
월(8/3)
08:00 ~ 01:00
요기요 제공"
"21243217","원조양동통닭","영업정보
접기
영업 전09:00 오픈
화(7/28)
09:00 ~ 22:30
수(7/29)
09:00 ~ 22:30
목(7/30)
09:00 ~ 22:30
금(7/31)
09:00 ~ 22:30
토(8/1)
09:00 ~ 22:30
일(8/2)
09:00 ~ 22:30
월(8/3)
09:00 ~ 22:30
요기요 제공"
"346896076","멕시카나치킨 오치점","영업정보
접기
영업 전12:00 오픈
화(7/28)
12:00 ~ 00:30
수(7/29)
12:00 ~ 00:30
목(7/30)
12:00 ~ 00:30
금(7/31)
12:00 ~ 00:30
토(8/1)
12:00 ~ 00:30
일(8/2)
12:00 ~ 00:30
월(8/3)
12:00 ~ 00:30
요기요 제공"
"1886134319","오빠통닭 오치점","영업정보
접기
영업 전15:00 오픈
화(7/28)
15:00 ~ 01:30
수(7/29)
15:00 ~ 01:30
목(7/30)
15:00 ~ 01:30
금(7/31)
15:00 ~ 01:30
토(8/1)
14:00 ~ 01:30
일(8/2)
14:00 ~ 24:00
월(8/3)
휴무일"
"784029318","칠분통닭 오치점","영업정보
접기
영업 전15:00 오픈
화(7/28)
15:00 ~ 23:30
수(7/29)
15:00 ~ 23:30
목(7/30)
15:00 ~ 23:30
금(7/31)
15:00 ~ 23:30
토(8/1)
15:00 ~ 23:30
일(8/2)
15:00 ~ 23:30
월(8/3)
15:00 ~ 23:30"
"949177866","또망샌드위치","영업정보
접기
영업정보
월(8/3)
휴무일
영업정보 전체보기"
"10256991","참숯나라닭굽는마을","영업정보
접기
영업 전12:00 오픈
화(7/28)
12:00 ~ 24:00
수(7/29)
12:00 ~ 24:00
목(7/30)
12:00 ~ 24:00
금(7/31)
12:00 ~ 24:00
토(8/1)
12:00 ~ 24:00
월(8/3)
12:00 ~ 24:00"
"1931004859","맘스터치 광주오치매곡점","영업정보
접기
영업 전11:00 오픈
화(7/28)
11:00 ~ 22:30
수(7/29)
11:00 ~ 22:30
목(7/30)
11:00 ~ 22:30
금(7/31)
11:00 ~ 22:30
토(8/1)
11:00 ~ 22:30
일(8/2)
11:00 ~ 22:30
월(8/3)
11:00 ~ 22:30"
"1913208159","원더풀명품찹쌀꽈배기&통닭","영업정보
영업시간을 알려주세요"
"27495180","전대주먹구이","영업정보
접기
영업 전16:00 오픈
화(7/28)
16:00 ~ 01:00
24:00 라스트오더
수(7/29)
16:00 ~ 01:00
24:00 라스트오더
목(7/30)
16:00 ~ 01:00
24:00 라스트오더
금(7/31)
16:00 ~ 01:00
24:00 라스트오더
토(8/1)
16:00 ~ 01:00
24:00 라스트오더
일(8/2)
16:00 ~ 01:00
24:00 라스트오더
월(8/3)
16:00 ~ 01:00
24:00 라스트오더"
"706040814","오치통닭&J푸드","영업정보
접기
영업 전12:00 오픈
화(7/28)
12:00 ~ 22:00
수(7/29)
12:00 ~ 22:00
목(7/30)
12:00 ~ 22:00
금(7/31)
12:00 ~ 22:00
토(8/1)
12:00 ~ 22:00
일(8/2)
12:00 ~ 22:00
월(8/3)
휴무일
요기요 제공"
"16490137","매코미통닭발","영업정보
접기
영업 전17:00 오픈
화(7/28)
17:00 ~ 01:00
수(7/29)
17:00 ~ 01:00
목(7/30)
17:00 ~ 01:00
금(7/31)
17:00 ~ 01:00
토(8/1)
17:00 ~ 01:00
일(8/2)
휴무일
월(8/3)
17:00 ~ 01:00"
"1083507664","참돈 전남대점","영업정보
접기
영업 전14:00 오픈
화(7/28)
14:00 ~ 24:00
수(7/29)
14:00 ~ 24:00
목(7/30)
14:00 ~ 24:00
금(7/31)
14:00 ~ 24:00
토(8/1)
14:00 ~ 24:00
일(8/2)
14:00 ~ 24:00
월(8/3)
14:00 ~ 24:00"
"705480166","쭈군","영업정보
접기
영업 전16:00 오픈
화(7/28)
16:00 ~ 23:00
22:00 라스트오더
수(7/29)
16:00 ~ 23:00
22:00 라스트오더
목(7/30)
16:00 ~ 23:00
22:00 라스트오더
금(7/31)
16:00 ~ 23:00
22:00 라스트오더
토(8/1)
16:00 ~ 23:00
22:00 라스트오더
일(8/2)
16:00 ~ 23:00
22:00 라스트오더
월(8/3)
16:00 ~ 23:00
22:00 라스트오더"
"10366663","득량만횟집","영업정보
접기
영업 전11:00 오픈
화(7/28)
11:00 ~ 23:00
수(7/29)
11:00 ~ 23:00
목(7/30)
11:00 ~ 23:00
금(7/31)
11:00 ~ 23:00
토(8/1)
11:00 ~ 23:00
일(8/2)
11:00 ~ 23:00
월(8/3)
휴무일"
"667677325","송고집 전대후문점","영업정보
접기
영업 전11:30 오픈
화(7/28)
11:30 ~ 22:30
22:00 라스트오더
수(7/29)
11:30 ~ 22:30
22:00 라스트오더
목(7/30)
11:30 ~ 22:30
22:00 라스트오더
금(7/31)
11:30 ~ 22:30
22:00 라스트오더
토(8/1)
11:30 ~ 22:30
22:00 라스트오더
일(8/2)
11:30 ~ 22:30
22:00 라스트오더
월(8/3)
11:30 ~ 22:30
22:00 라스트오더"
"1507567950","광양재첩","영업정보
접기
영업 전11:00 오픈
화(7/28)
11:00 ~ 20:00
14:00 ~ 17:00 브레이크타임
19:30 라스트오더
수(7/29)
11:00 ~ 20:00
14:00 ~ 17:00 브레이크타임
19:30 라스트오더
목(7/30)
11:00 ~ 20:00
14:00 ~ 17:00 브레이크타임
19:30 라스트오더
금(7/31)
11:00 ~ 20:00
14:00 ~ 17:00 브레이크타임
19:30 라스트오더
토(8/1)
11:00 ~ 20:00
14:00 ~ 17:00 브레이크타임
19:30 라스트오더
일(8/2)
11:00 ~ 20:00
14:00 ~ 17:00 브레이크타임
19:30 라스트오더
월(8/3)
11:00 ~ 20:00
14:00 ~ 17:00 브레이크타임
19:30 라스트오더"
"1493822468","부대통령뚝배기 전남대점","영업정보
접기
영업 전09:30 오픈
화(7/28)
09:30 ~ 20:00
19:00 라스트오더
수(7/29)
09:30 ~ 20:00
19:00 라스트오더
목(7/30)
09:30 ~ 20:00
19:00 라스트오더
금(7/31)
09:30 ~ 20:00
19:00 라스트오더
메뉴 소진시 19:00 전 마감
토(8/1)
휴무일
일(8/2)
09:30 ~ 20:00
19:00 라스트오더
월(8/3)
09:30 ~ 20:00
19:00 라스트오더
메뉴 소진시 19:00 전 마감"
"86156811","정통집 전남대점","영업정보
접기
영업 전11:30 오픈
화(7/28)
11:30 ~ 23:30
15:00 ~ 16:00 브레이크타임
23:00 라스트오더
수(7/29)
11:30 ~ 23:30
15:00 ~ 16:00 브레이크타임
23:00 라스트오더
목(7/30)
11:30 ~ 23:30
15:00 ~ 16:00 브레이크타임
23:00 라스트오더
금(7/31)
11:30 ~ 23:30
15:00 ~ 16:00 브레이크타임
23:00 라스트오더
토(8/1)
11:30 ~ 23:30
15:00 ~ 16:00 브레이크타임
23:00 라스트오더
일(8/2)
11:30 ~ 23:30
15:00 ~ 16:00 브레이크타임
23:00 라스트오더
월(8/3)
11:30 ~ 23:30
15:00 ~ 16:00 브레이크타임
23:00 라스트오더"
"15223795","신쭈꾸미&돈 전대점","영업정보
접기
영업 전11:30 오픈
화(7/28)
11:30 ~ 23:00
14:30 ~ 16:30 브레이크타임
수(7/29)
11:30 ~ 23:00
14:30 ~ 16:30 브레이크타임
목(7/30)
11:30 ~ 23:00
14:30 ~ 16:30 브레이크타임
금(7/31)
11:30 ~ 23:00
14:30 ~ 16:30 브레이크타임
토(8/1)
16:30 ~ 23:00
일(8/2)
16:30 ~ 23:00
월(8/3)
11:30 ~ 23:00
14:30 ~ 16:30 브레이크타임
영업정보 전체보기"
"1622733233","석구고기","영업정보
접기
영업 중12:00 까지
월(7/27)
16:00 ~ 12:00
화(7/28)
16:00 ~ 12:00
수(7/29)
16:00 ~ 12:00
목(7/30)
16:00 ~ 12:00
금(7/31)
16:00 ~ 12:00
토(8/1)
16:00 ~ 12:00
일(8/2)
16:00 ~ 12:00"
"27275079","돼지고기듬뿍넣은김치찌개 전대점","영업정보
접기
영업 전10:00 오픈
화(7/28)
10:00 ~ 21:00
수(7/29)
10:00 ~ 21:00
목(7/30)
10:00 ~ 21:00
금(7/31)
10:00 ~ 21:00
토(8/1)
10:00 ~ 20:30
일(8/2)
휴무일
월(8/3)
10:00 ~ 21:00"
"24136764","전주현대옥 전남대점","영업정보
접기
영업 전07:30 오픈
화(7/28)
07:30 ~ 21:30
수(7/29)
07:30 ~ 21:30
목(7/30)
07:30 ~ 21:30
금(7/31)
07:30 ~ 21:30
토(8/1)
07:30 ~ 21:30
일(8/2)
07:30 ~ 21:30
월(8/3)
07:30 ~ 21:30"
"667773391","더진국 전남대점","영업정보
접기
영업 전09:00 오픈
화(7/28)
09:00 ~ 22:00
수(7/29)
09:00 ~ 22:00
목(7/30)
09:00 ~ 22:00
금(7/31)
09:00 ~ 22:00
토(8/1)
09:00 ~ 22:00
일(8/2)
09:00 ~ 22:00
월(8/3)
09:00 ~ 22:00"
"1260893528","서울깍두기 전남대점","영업정보
접기
영업 중24시간 영업
화(7/28)
00:00 ~ 24:00
수(7/29)
00:00 ~ 24:00
목(7/30)
00:00 ~ 24:00
금(7/31)
00:00 ~ 24:00
토(8/1)
00:00 ~ 24:00
일(8/2)
00:00 ~ 24:00
월(8/3)
00:00 ~ 24:00"
"26330176","풍남옥 전대후문점","영업정보
접기
영업 전08:00 오픈
화(7/28)
08:00 ~ 22:00
15:00 ~ 16:00 브레이크타임
수(7/29)
08:00 ~ 22:00
15:00 ~ 16:00 브레이크타임
목(7/30)
08:00 ~ 22:00
15:00 ~ 16:00 브레이크타임
금(7/31)
08:00 ~ 22:00
15:00 ~ 16:00 브레이크타임
토(8/1)
휴무일
일(8/2)
08:00 ~ 22:00
15:00 ~ 16:00 브레이크타임
월(8/3)
08:00 ~ 22:00
15:00 ~ 16:00 브레이크타임"
"24168643","중앙닭갈비 전대점","영업정보
접기
영업 전10:40 오픈
화(7/28)
10:40 ~ 22:00
21:00 라스트오더
수(7/29)
10:40 ~ 22:00
21:00 라스트오더
목(7/30)
10:40 ~ 22:00
21:00 라스트오더
금(7/31)
10:40 ~ 22:00
21:00 라스트오더
토(8/1)
10:40 ~ 22:00
21:00 라스트오더
일(8/2)
10:40 ~ 22:00
21:00 라스트오더
월(8/3)
10:40 ~ 22:00
21:00 라스트오더"
"809958342","금돼지 용봉점","영업정보
접기
영업 전16:30 오픈
화(7/28)
16:30 ~ 24:00
23:00 라스트오더
수(7/29)
16:30 ~ 24:00
23:00 라스트오더
목(7/30)
16:30 ~ 24:00
23:00 라스트오더
금(7/31)
16:30 ~ 24:00
23:00 라스트오더
토(8/1)
16:30 ~ 24:00
23:00 라스트오더
일(8/2)
휴무일
월(8/3)
16:30 ~ 24:00
23:00 라스트오더"
"1887545470","최정담","영업정보
접기
영업 전11:00 오픈
화(7/28)
11:00 ~ 21:00
15:00 ~ 17:00 브레이크타임
수(7/29)
11:00 ~ 21:00
15:00 ~ 17:00 브레이크타임
목(7/30)
11:00 ~ 21:00
15:00 ~ 17:00 브레이크타임
금(7/31)
11:00 ~ 21:00
15:00 ~ 17:00 브레이크타임
토(8/1)
11:00 ~ 15:00
일(8/2)
휴무일
월(8/3)
11:00 ~ 21:00
15:00 ~ 17:00 브레이크타임"
"1582228488","내가찜한닭 전남대점","영업정보
접기
영업 전10:00 오픈
화(7/28)
10:00 ~ 22:00
21:20 라스트오더
수(7/29)
10:00 ~ 22:00
21:20 라스트오더
목(7/30)
10:00 ~ 22:00
21:20 라스트오더
금(7/31)
10:00 ~ 22:00
21:20 라스트오더
토(8/1)
10:00 ~ 22:00
21:20 라스트오더
일(8/2)
10:00 ~ 22:00
21:20 라스트오더
월(8/3)
10:00 ~ 22:00
21:20 라스트오더"
"1525701535","원보","영업정보
접기
영업 전09:00 오픈
화(7/28)
09:00 ~ 21:00
수(7/29)
09:00 ~ 21:00
목(7/30)
09:00 ~ 21:00
금(7/31)
09:00 ~ 21:00
토(8/1)
09:00 ~ 21:00
일(8/2)
휴무일
월(8/3)
09:00 ~ 21:00"
"11232520","코끼리손짜장","영업정보
접기
영업 전10:00 오픈
화(7/28)
10:00 ~ 20:30
수(7/29)
10:00 ~ 20:30
목(7/30)
10:00 ~ 20:30
금(7/31)
10:00 ~ 20:30
토(8/1)
10:00 ~ 20:30
일(8/2)
10:00 ~ 20:30
월(8/3)
휴무일"
"1586471232","월계수식당 전대점","영업정보
접기
영업 전11:10 오픈
화(7/28)
11:10 ~ 21:00
20:20 라스트오더
수(7/29)
11:10 ~ 21:00
20:20 라스트오더
목(7/30)
11:10 ~ 21:00
20:20 라스트오더
금(7/31)
11:10 ~ 21:00
20:20 라스트오더
토(8/1)
11:10 ~ 21:00
20:20 라스트오더
일(8/2)
11:10 ~ 21:00
20:20 라스트오더
월(8/3)
11:10 ~ 21:00
20:20 라스트오더"
"1853880181","효자동솥뚜껑 전남대후문점","영업정보
접기
영업 전17:00 오픈
화(7/28)
17:00 ~ 24:00
수(7/29)
17:00 ~ 24:00
목(7/30)
17:00 ~ 24:00
금(7/31)
17:00 ~ 24:00
토(8/1)
17:00 ~ 24:00
일(8/2)
17:00 ~ 23:00
월(8/3)
17:00 ~ 24:00"
"666864681","다복향마라탕 동강대점","영업정보
접기
영업 전11:00 오픈
화(7/28)
11:00 ~ 22:00
21:00 라스트오더
수(7/29)
11:00 ~ 22:00
21:00 라스트오더
목(7/30)
11:00 ~ 22:00
21:00 라스트오더
금(7/31)
11:00 ~ 22:00
21:00 라스트오더
토(8/1)
11:00 ~ 22:00
21:00 라스트오더
일(8/2)
11:00 ~ 22:00
21:00 라스트오더
월(8/3)
11:00 ~ 22:00
21:00 라스트오더"
"1916445200","다연","영업정보
접기
영업 전08:20 오픈
화(7/28)
08:20 ~ 22:00
수(7/29)
휴무일
목(7/30)
08:20 ~ 22:00
금(7/31)
08:20 ~ 22:00
토(8/1)
08:20 ~ 22:00
일(8/2)
08:20 ~ 22:00
월(8/3)
08:20 ~ 22:00"
"1270232816","교동짬뽕","영업정보
접기
영업 전10:00 오픈
화(7/28)
10:00 ~ 21:00
20:30 라스트오더
수(7/29)
10:00 ~ 21:00
20:30 라스트오더
목(7/30)
10:00 ~ 21:00
20:30 라스트오더
금(7/31)
10:00 ~ 21:00
20:30 라스트오더
토(8/1)
10:00 ~ 21:00
20:30 라스트오더
일(8/2)
10:00 ~ 21:00
20:30 라스트오더
월(8/3)
10:00 ~ 21:00
20:30 라스트오더"
"1884395590","깐튀남 전대점","영업정보
접기
영업 중03:00 까지
월(7/27)
17:00 ~ 03:00
화(7/28)
17:00 ~ 03:00
수(7/29)
휴무일
목(7/30)
17:00 ~ 03:00
금(7/31)
17:00 ~ 03:00
토(8/1)
17:00 ~ 03:00
일(8/2)
17:00 ~ 03:00"
"2035221748","라티","영업정보
접기
영업 전11:00 오픈
화(7/28)
11:00 ~ 21:00
20:00 라스트오더
수(7/29)
11:00 ~ 21:00
20:00 라스트오더
목(7/30)
11:00 ~ 21:00
20:00 라스트오더
금(7/31)
11:00 ~ 21:00
20:00 라스트오더
토(8/1)
11:00 ~ 21:00
20:00 라스트오더
일(8/2)
11:00 ~ 21:00
20:00 라스트오더
월(8/3)
11:00 ~ 21:00
20:00 라스트오더"
"850248884","페퍼콘","영업정보
접기
영업 전11:00 오픈
화(7/28)
11:00 ~ 22:00
15:00 ~ 17:00 브레이크타임
21:20 라스트오더
수(7/29)
11:00 ~ 22:00
15:00 ~ 17:00 브레이크타임
21:20 라스트오더
목(7/30)
11:00 ~ 22:00
15:00 ~ 17:00 브레이크타임
21:20 라스트오더
금(7/31)
11:00 ~ 22:00
15:00 ~ 17:00 브레이크타임
21:20 라스트오더
토(8/1)
11:00 ~ 22:00
15:00 ~ 17:00 브레이크타임
21:20 라스트오더
일(8/2)
11:00 ~ 22:00
15:00 ~ 17:00 브레이크타임
21:20 라스트오더
월(8/3)
휴무일"
"1628305601","호주에서온스시 전대점","영업정보
영업시간을 알려주세요"
"1535648104","대박돈까스","영업정보
접기
영업 전09:00 오픈
화(7/28)
09:00 ~ 21:00
수(7/29)
09:00 ~ 21:00
목(7/30)
09:00 ~ 21:00
금(7/31)
09:00 ~ 21:00
토(8/1)
09:00 ~ 21:00
일(8/2)
09:00 ~ 21:00
월(8/3)
09:00 ~ 21:00"
"355489652","피자탑 전남대점","영업정보
접기
영업 전11:00 오픈
화(7/28)
11:00 ~ 01:00
수(7/29)
11:00 ~ 01:00
목(7/30)
11:00 ~ 01:00
금(7/31)
11:00 ~ 01:00
토(8/1)
11:00 ~ 01:00
일(8/2)
11:00 ~ 01:00
월(8/3)
11:00 ~ 01:00
영업정보 전체보기"
"1572391483","반올림피자 광주전남대점","영업정보
접기
영업 전12:00 오픈
화(7/28)
12:00 ~ 23:00
수(7/29)
12:00 ~ 23:00
목(7/30)
12:00 ~ 23:00
금(7/31)
12:00 ~ 23:00
토(8/1)
12:00 ~ 23:00
일(8/2)
12:00 ~ 23:00
월(8/3)
12:00 ~ 23:00"
"134897315","베르데","영업정보
접기
영업 전11:00 오픈
화(7/28)
11:00 ~ 20:30
수(7/29)
11:00 ~ 20:30
목(7/30)
11:00 ~ 20:30
금(7/31)
11:00 ~ 20:30
토(8/1)
11:00 ~ 20:30
일(8/2)
11:00 ~ 20:30
월(8/3)
휴무일"
"12526389","피자마루 우산주공점","영업정보
접기
영업 전10:00 오픈
화(7/28)
10:00 ~ 23:00
수(7/29)
10:00 ~ 23:00
목(7/30)
10:00 ~ 23:00
금(7/31)
10:00 ~ 23:00
토(8/1)
10:00 ~ 23:00
일(8/2)
10:00 ~ 23:00
월(8/3)
10:00 ~ 23:00"
"24945017","동대문엽기떡볶이 광주전남대점","영업정보
접기
영업 전10:30 오픈
화(7/28)
10:30 ~ 22:30
수(7/29)
10:30 ~ 22:30
목(7/30)
10:30 ~ 22:30
금(7/31)
10:30 ~ 22:30
토(8/1)
10:30 ~ 22:30
일(8/2)
10:30 ~ 22:30
홀 마감 시간 : 21:30
월(8/3)
휴무일"
"987044857","몽스피자 광주북구점","영업정보
접기
영업 전11:00 오픈
화(7/28)
11:00 ~ 22:30
수(7/29)
11:00 ~ 22:30
목(7/30)
11:00 ~ 22:30
금(7/31)
11:00 ~ 22:30
토(8/1)
11:00 ~ 22:30
일(8/2)
11:00 ~ 22:30
월(8/3)
11:00 ~ 22:30"
"25148431","피자스쿨 광주우산점","영업정보
접기
영업 전11:30 오픈
화(7/28)
11:30 ~ 21:30
수(7/29)
11:30 ~ 21:30
목(7/30)
11:30 ~ 21:30
금(7/31)
11:30 ~ 21:30
토(8/1)
11:30 ~ 21:30
일(8/2)
11:30 ~ 21:30
월(8/3)
11:30 ~ 21:30"
"741411525","프레드피자 광주북구점","영업정보
접기
영업 전14:00 오픈
화(7/28)
14:00 ~ 23:50
수(7/29)
14:00 ~ 23:50
목(7/30)
14:00 ~ 23:50
금(7/31)
14:00 ~ 23:50
토(8/1)
14:00 ~ 23:50
일(8/2)
14:00 ~ 23:50
월(8/3)
14:00 ~ 23:50
요기요 제공"
"8802160","김밥나라 우산점","영업정보
접기
영업 전09:00 오픈
화(7/28)
09:00 ~ 20:00
수(7/29)
09:00 ~ 20:00
목(7/30)
09:00 ~ 20:00
금(7/31)
09:00 ~ 20:00
토(8/1)
09:00 ~ 20:00
일(8/2)
09:00 ~ 20:00
월(8/3)
09:00 ~ 20:00
요기요 제공"
"929384810","오방김밥","영업정보
접기
영업 전10:00 오픈
화(7/28)
10:00 ~ 20:00
수(7/29)
10:00 ~ 20:00
목(7/30)
10:00 ~ 20:00
금(7/31)
10:00 ~ 20:00
토(8/1)
휴무일
일(8/2)
휴무일
월(8/3)
10:00 ~ 20:00"
"1578077436","원이네웰빙호떡튀김","영업정보
접기
영업 전09:30 오픈
화(7/28)
09:30 ~ 22:00
수(7/29)
09:30 ~ 22:00
목(7/30)
09:30 ~ 22:00
금(7/31)
09:30 ~ 22:00
토(8/1)
09:30 ~ 20:00
일(8/2)
휴무일
월(8/3)
09:30 ~ 22:00"
"635697756","이박사왕만두찐빵","영업정보
접기
영업 전09:00 오픈
화(7/28)
09:00 ~ 21:00
수(7/29)
09:00 ~ 21:00
목(7/30)
09:00 ~ 21:00
금(7/31)
09:00 ~ 21:00
토(8/1)
09:00 ~ 21:00
일(8/2)
09:00 ~ 21:00
월(8/3)
09:00 ~ 21:00"
"236705931","불아더두마리숯불바베큐치킨 북구점","영업정보
접기
영업 전11:00 오픈
화(7/28)
11:00 ~ 01:00
수(7/29)
11:00 ~ 01:00
목(7/30)
11:00 ~ 01:00
금(7/31)
11:00 ~ 01:00
토(8/1)
11:00 ~ 01:00
일(8/2)
11:00 ~ 01:00
월(8/3)
11:00 ~ 01:00
요기요 제공"
"43482154","백남옥달인손만두 광주북구우산점","영업정보
접기
영업 전10:30 오픈
화(7/28)
10:30 ~ 20:00
수(7/29)
10:30 ~ 20:00
목(7/30)
10:30 ~ 20:00
금(7/31)
10:30 ~ 20:00
토(8/1)
10:00 ~ 20:00
일(8/2)
10:00 ~ 20:00
월(8/3)
10:30 ~ 20:00"
"1842754088","광주든든김밥 우산자이점","영업정보
영업시간을 알려주세요"
"1701080779","이심김밥 북구직영점","영업정보
접기
영업 전08:00 오픈
화(7/28)
08:00 ~ 22:00
수(7/29)
08:00 ~ 22:00
목(7/30)
08:00 ~ 22:00
금(7/31)
08:00 ~ 22:00
토(8/1)
08:00 ~ 22:00
일(8/2)
08:00 ~ 22:00
월(8/3)
휴무일"
"1727627461","행운분식 말바우점","영업정보
접기
영업 전10:00 오픈
화(7/28)
10:00 ~ 19:00
수(7/29)
10:00 ~ 19:00
목(7/30)
10:00 ~ 19:00
금(7/31)
10:00 ~ 19:00
토(8/1)
10:00 ~ 19:00
일(8/2)
10:00 ~ 19:00
월(8/3)
휴무일"
"209101951","이삼김밥 북구직영점","영업정보
접기
영업 전08:00 오픈
화(7/28)
08:00 ~ 22:00
수(7/29)
08:00 ~ 22:00
목(7/30)
08:00 ~ 22:00
금(7/31)
08:00 ~ 22:00
토(8/1)
08:00 ~ 22:00
일(8/2)
08:00 ~ 22:00
월(8/3)
08:00 ~ 22:00"
"1459726890","진심어묵 광주말바우점","영업정보
접기
영업 전09:00 오픈
화(7/28)
09:00 ~ 16:00
수(7/29)
09:00 ~ 16:00
목(7/30)
09:00 ~ 16:00
금(7/31)
09:00 ~ 16:00
토(8/1)
09:00 ~ 16:00
일(8/2)
09:00 ~ 16:00
월(8/3)
09:00 ~ 16:00"
"214873581","김밥마을 우산점","영업정보
접기
영업 전07:30 오픈
화(7/28)
07:30 ~ 19:00
수(7/29)
07:30 ~ 19:00
목(7/30)
07:30 ~ 19:00
금(7/31)
07:30 ~ 19:00
토(8/1)
07:30 ~ 19:00
일(8/2)
07:30 ~ 19:00
월(8/3)
07:30 ~ 19:00"
"1797394851","읍천리382 전남대점","영업정보
접기
영업 전09:00 오픈
화(7/28)
09:00 ~ 23:00
수(7/29)
09:00 ~ 23:00
목(7/30)
09:00 ~ 23:00
금(7/31)
09:00 ~ 23:00
토(8/1)
09:00 ~ 23:00
일(8/2)
09:00 ~ 23:00
월(8/3)
09:00 ~ 23:00"
"24451899","설빙 광주전남대점","영업정보
접기
영업 전11:00 오픈
화(7/28)
11:00 ~ 22:30
수(7/29)
11:00 ~ 22:30
목(7/30)
11:00 ~ 22:30
금(7/31)
11:00 ~ 22:30
토(8/1)
11:00 ~ 22:30
일(8/2)
11:00 ~ 22:30
월(8/3)
11:00 ~ 22:30"
"26910025","투썸플레이스 광주전남대점","영업정보
접기
영업 전10:00 오픈
화(7/28)
10:00 ~ 24:00
수(7/29)
10:00 ~ 24:00
목(7/30)
10:00 ~ 24:00
금(7/31)
10:00 ~ 24:00
토(8/1)
10:00 ~ 24:00
일(8/2)
10:00 ~ 24:00
월(8/3)
10:00 ~ 24:00"
"2012118581","컴포즈커피 광주전대후문점","영업정보
접기
영업 전08:00 오픈
화(7/28)
08:00 ~ 23:00
수(7/29)
08:00 ~ 23:00
목(7/30)
08:00 ~ 23:00
금(7/31)
08:00 ~ 23:00
토(8/1)
09:00 ~ 23:00
일(8/2)
09:00 ~ 23:00
월(8/3)
08:00 ~ 23:00"
"27026010","파스쿠찌 전남대점","영업정보
접기
곧 영업 마감01:30 까지
월(7/27)
10:00 ~ 01:30
화(7/28)
10:00 ~ 01:30
수(7/29)
10:00 ~ 01:30
목(7/30)
10:00 ~ 01:30
금(7/31)
10:00 ~ 01:30
토(8/1)
10:00 ~ 02:00
일(8/2)
10:00 ~ 02:00"
"27253071","공차 전남대점","영업정보
접기
영업 전10:00 오픈
연중무휴
화(7/28)
10:00 ~ 23:00
22:40 라스트오더
수(7/29)
10:00 ~ 23:00
22:40 라스트오더
목(7/30)
10:00 ~ 23:00
22:40 라스트오더
금(7/31)
10:00 ~ 23:00
22:40 라스트오더
토(8/1)
10:00 ~ 23:00
22:40 라스트오더
일(8/2)
10:00 ~ 23:00
22:40 라스트오더
월(8/3)
10:00 ~ 23:00
22:40 라스트오더"
"27355617","스타벅스 광주북구청점","영업정보
접기
영업 전08:00 오픈
딜리버리 08:00 ~ 20:30
화(7/28)
08:00 ~ 21:00
수(7/29)
08:00 ~ 21:00
목(7/30)
08:00 ~ 21:00
금(7/31)
08:00 ~ 21:00
토(8/1)
08:00 ~ 21:00
일(8/2)
08:00 ~ 21:00
월(8/3)
08:00 ~ 21:00"
"600162182","할리스 광주북구청점","영업정보
접기
영업 전08:00 오픈
화(7/28)
08:00 ~ 22:00
수(7/29)
08:00 ~ 22:00
목(7/30)
08:00 ~ 22:00
금(7/31)
08:00 ~ 22:00
토(8/1)
08:00 ~ 22:00
일(8/2)
08:00 ~ 22:00
월(8/3)
08:00 ~ 22:00"
"1251422032","카페아빌라","영업정보
접기
영업 전09:30 오픈
화(7/28)
09:30 ~ 22:00
수(7/29)
09:30 ~ 22:00
목(7/30)
09:30 ~ 22:00
금(7/31)
09:30 ~ 22:00
토(8/1)
09:30 ~ 22:00
일(8/2)
09:30 ~ 22:00
월(8/3)
09:30 ~ 22:00"
"502352291","안전가옥커피","영업정보
접기
영업 전11:30 오픈
화(7/28)
11:30 ~ 18:30
수(7/29)
11:30 ~ 18:30
목(7/30)
11:30 ~ 18:30
금(7/31)
11:30 ~ 18:30
토(8/1)
휴무일
일(8/2)
휴무일
월(8/3)
11:30 ~ 18:30
영업정보 전체보기"
"13308571","토프레소 광주북구청점","영업정보
영업시간을 알려주세요"
"1692396767","용봉커피","영업정보
접기
영업 전12:00 오픈
화(7/28)
12:00 ~ 24:00
수(7/29)
12:00 ~ 24:00
목(7/30)
12:00 ~ 24:00
금(7/31)
12:00 ~ 24:00
토(8/1)
12:00 ~ 24:00
일(8/2)
12:00 ~ 22:00
월(8/3)
12:00 ~ 24:00"
"1929806364","꾀꾀로","영업정보
접기
영업 전12:00 오픈
화(7/28)
12:00 ~ 21:20
21:00 라스트오더
수(7/29)
12:00 ~ 21:20
21:00 라스트오더
목(7/30)
12:00 ~ 21:20
21:00 라스트오더
금(7/31)
12:00 ~ 21:20
21:00 라스트오더
토(8/1)
12:00 ~ 21:20
21:00 라스트오더
일(8/2)
12:00 ~ 20:20
20:00 라스트오더
월(8/3)
휴무일"
"134423234","고마다커피 전대후문점","영업정보
접기
영업 전10:00 오픈
화(7/28)
10:00 ~ 22:00
수(7/29)
10:00 ~ 22:00
목(7/30)
10:00 ~ 22:00
금(7/31)
10:00 ~ 22:00
토(8/1)
10:00 ~ 22:00
일(8/2)
10:00 ~ 22:00
월(8/3)
10:00 ~ 22:00"
"1068243416","010카페 2호점","영업정보
접기
영업 전10:00 오픈
화(7/28)
10:00 ~ 22:00
수(7/29)
10:00 ~ 22:00
목(7/30)
10:00 ~ 22:00
금(7/31)
10:00 ~ 22:00
토(8/1)
10:00 ~ 22:00
일(8/2)
13:30 ~ 22:00
월(8/3)
10:00 ~ 22:00"
"525117405","커피스미스 광주전남대점","영업정보
접기
영업 전10:00 오픈
화(7/28)
10:00 ~ 01:00
수(7/29)
10:00 ~ 01:00
목(7/30)
10:00 ~ 01:00
금(7/31)
10:00 ~ 01:00
토(8/1)
10:00 ~ 01:00
일(8/2)
10:00 ~ 01:00
월(8/3)
10:00 ~ 01:00
영업정보 전체보기"
"1261133831","몽하스 전대후문점","영업정보
접기
영업 전18:00 오픈
화(7/28)
18:00 ~ 23:00
수(7/29)
18:00 ~ 23:00
목(7/30)
18:00 ~ 23:00
금(7/31)
18:00 ~ 23:00
토(8/1)
12:00 ~ 23:30
일(8/2)
12:00 ~ 23:30
월(8/3)
18:00 ~ 23:00"
"552354852","별밭","영업정보
접기
영업 전11:00 오픈
화(7/28)
11:00 ~ 21:00
수(7/29)
11:00 ~ 21:00
목(7/30)
11:00 ~ 21:00
금(7/31)
11:00 ~ 21:00
토(8/1)
11:00 ~ 21:00
일(8/2)
11:00 ~ 21:00
월(8/3)
11:00 ~ 21:00
영업정보 전체보기"
"1606753237","후드","영업정보
접기
영업 전11:00 오픈
화(7/28)
11:00 ~ 23:00
수(7/29)
11:00 ~ 23:00
목(7/30)
11:00 ~ 23:00
금(7/31)
11:00 ~ 23:00
토(8/1)
11:00 ~ 23:00
일(8/2)
11:00 ~ 23:00
월(8/3)
11:00 ~ 23:00"
"519181871","메가MGC커피 전대후문점","영업정보
접기
영업 전08:00 오픈
화(7/28)
08:00 ~ 22:10
수(7/29)
08:00 ~ 22:10
목(7/30)
08:00 ~ 22:10
금(7/31)
08:00 ~ 22:10
토(8/1)
08:00 ~ 22:10
일(8/2)
08:00 ~ 22:10
월(8/3)
08:00 ~ 22:10"
"2041695741","다락","영업정보
접기
영업 전12:00 오픈
1월27일 12시~22시 정상영업합니다^^
화(7/28)
12:00 ~ 22:00
수(7/29)
12:00 ~ 22:00
목(7/30)
12:00 ~ 22:00
금(7/31)
12:00 ~ 22:00
토(8/1)
12:00 ~ 21:00
일(8/2)
12:00 ~ 21:00
월(8/3)
12:00 ~ 22:00
영업정보 전체보기"
"1492264288","노마딕커피","영업정보
접기
영업 전11:00 오픈
화(7/28)
11:00 ~ 21:00
수(7/29)
11:00 ~ 21:00
목(7/30)
11:00 ~ 21:00
금(7/31)
11:00 ~ 21:00
토(8/1)
11:00 ~ 21:00
일(8/2)
11:00 ~ 21:00
월(8/3)
11:00 ~ 21:00"
"175973282","사보르커피","영업정보
접기
영업정보
일(8/2)
휴무일
영업정보 전체보기"
"1494002841","헤이키커피 전남대점","영업정보
접기
영업 전09:00 오픈
화(7/28)
09:00 ~ 23:00
22:30 라스트오더
수(7/29)
09:00 ~ 23:00
22:30 라스트오더
목(7/30)
09:00 ~ 23:00
22:30 라스트오더
금(7/31)
09:00 ~ 23:00
22:30 라스트오더
토(8/1)
10:00 ~ 23:00
22:30 라스트오더
일(8/2)
10:00 ~ 23:00
22:30 라스트오더
월(8/3)
09:00 ~ 23:00
22:30 라스트오더"
"1899479405","숨바꼭질 2호점","영업정보
접기
영업 전11:00 오픈
화(7/28)
11:00 ~ 24:00
수(7/29)
11:00 ~ 24:00
목(7/30)
11:00 ~ 24:00
금(7/31)
11:00 ~ 24:00
토(8/1)
11:00 ~ 24:00
일(8/2)
11:00 ~ 24:00
월(8/3)
11:00 ~ 24:00"
"90083577","더리터 전남대점","영업정보
영업시간을 알려주세요"
"202970054","달롱도르요거트아이스크림 전남대점","영업정보
접기
영업 전17:00 오픈
화(7/28)
17:00 ~ 24:00
수(7/29)
휴무일
목(7/30)
17:00 ~ 24:00
금(7/31)
17:00 ~ 24:00
토(8/1)
17:00 ~ 24:00
일(8/2)
17:00 ~ 24:00
월(8/3)
17:00 ~ 24:00
요기요 제공"
"1558098583","카페블리 북구직영점","영업정보
접기
영업 전08:00 오픈
화(7/28)
08:00 ~ 21:00
수(7/29)
08:00 ~ 21:00
목(7/30)
08:00 ~ 21:00
금(7/31)
08:00 ~ 21:00
토(8/1)
08:00 ~ 21:00
일(8/2)
08:00 ~ 21:00
월(8/3)
08:00 ~ 21:00"
"1450241377","대설 전남대점","영업정보
접기
영업 전12:00 오픈
화(7/28)
12:00 ~ 24:00
수(7/29)
12:00 ~ 24:00
목(7/30)
12:00 ~ 24:00
금(7/31)
12:00 ~ 24:00
토(8/1)
12:00 ~ 24:00
일(8/2)
12:00 ~ 24:00
월(8/3)
12:00 ~ 24:00"
"399611008","베러데이즈","영업정보
접기
휴무일내일 10:30 오픈
화(7/28)
휴무일
수(7/29)
10:30 ~ 21:00
목(7/30)
10:30 ~ 21:00
금(7/31)
10:30 ~ 21:00
토(8/1)
10:30 ~ 21:00
일(8/2)
10:30 ~ 21:00
월(8/3)
휴무일"
"1272490846","화순하다랩","영업정보
접기
영업 전08:00 오픈
화(7/28)
08:00 ~ 20:30
수(7/29)
08:00 ~ 20:30
목(7/30)
08:00 ~ 20:30
금(7/31)
08:00 ~ 20:30
토(8/1)
08:00 ~ 20:30
일(8/2)
휴무일
월(8/3)
휴무일"
"2014563399","노랑통닭 광주전대후문점","영업정보
접기
영업 중02:00 까지
월(7/27)
17:00 ~ 02:00
화(7/28)
17:00 ~ 02:00
수(7/29)
17:00 ~ 02:00
목(7/30)
17:00 ~ 02:00
금(7/31)
17:00 ~ 02:00
토(8/1)
17:00 ~ 02:00
일(8/2)
17:00 ~ 02:00"
"237858475","더 펄스트 하우스","영업정보
접기
영업 전10:00 오픈
화(7/28)
10:00 ~ 21:00
수(7/29)
10:00 ~ 21:00
목(7/30)
10:00 ~ 21:00
금(7/31)
10:00 ~ 21:00
토(8/1)
10:00 ~ 21:00
일(8/2)
10:00 ~ 21:00
월(8/3)
휴무일"
"1673738205","동키치킨 전대점","영업정보
영업시간을 알려주세요"
"1756606015","텐퍼센트커피 광주전대후문점","영업정보
접기
영업 전08:00 오픈
화(7/28)
08:00 ~ 21:00
수(7/29)
08:00 ~ 21:00
목(7/30)
08:00 ~ 21:00
금(7/31)
08:00 ~ 21:00
토(8/1)
08:00 ~ 21:00
일(8/2)
08:00 ~ 21:00
월(8/3)
08:00 ~ 21:00"
"20149546","광주통닭","영업정보
접기
영업 전11:30 오픈
화(7/28)
11:30 ~ 22:30
수(7/29)
11:30 ~ 22:30
목(7/30)
11:30 ~ 22:30
금(7/31)
11:30 ~ 22:30
토(8/1)
11:30 ~ 22:30
일(8/2)
11:30 ~ 22:30
월(8/3)
11:30 ~ 22:30"
"1805628208","칠분통닭 문흥점","영업정보
접기
영업 전15:00 오픈
화(7/28)
15:00 ~ 23:20
수(7/29)
15:00 ~ 23:20
목(7/30)
15:00 ~ 23:20
금(7/31)
15:00 ~ 23:20
토(8/1)
15:00 ~ 23:20
일(8/2)
15:00 ~ 23:20
월(8/3)
15:00 ~ 23:20"
"1141139956","치밥대장숯불양념92치킨 전대점","영업정보
접기
영업 중24시간 영업
화(7/28)
00:00 ~ 24:00
수(7/29)
00:00 ~ 24:00
목(7/30)
00:00 ~ 24:00
금(7/31)
00:00 ~ 24:00
토(8/1)
00:00 ~ 24:00
일(8/2)
00:00 ~ 24:00
월(8/3)
00:00 ~ 24:00
요기요 제공"
"9826211","무등닭집","영업정보
접기
영업 전08:30 오픈
화(7/28)
08:30 ~ 18:30
18:00 라스트오더
수(7/29)
휴무일
목(7/30)
08:30 ~ 18:30
18:00 라스트오더
금(7/31)
08:30 ~ 18:30
18:00 라스트오더
토(8/1)
08:30 ~ 18:30
18:00 라스트오더
일(8/2)
08:30 ~ 18:30
18:00 라스트오더
월(8/3)
08:30 ~ 18:30
18:00 라스트오더"
"11784776","훌랄라숯불바베큐치킨 문흥1점","영업정보
접기
영업 전16:00 오픈
화(7/28)
16:00 ~ 24:00
수(7/29)
16:00 ~ 24:00
목(7/30)
16:00 ~ 24:00
금(7/31)
16:00 ~ 24:00
토(8/1)
16:00 ~ 24:00
일(8/2)
16:00 ~ 24:00
월(8/3)
16:00 ~ 24:00"
"500871151","오븐에구운황금닭 본점","영업정보
접기
영업 전10:00 오픈
화(7/28)
10:00 ~ 20:00
수(7/29)
10:00 ~ 20:00
목(7/30)
10:00 ~ 20:00
금(7/31)
10:00 ~ 20:00
토(8/1)
10:00 ~ 20:00
일(8/2)
10:00 ~ 20:00
월(8/3)
휴무일"
"1007947790","오븐마루치킨 무등산자이점","영업정보
접기
영업 전17:00 오픈
화(7/28)
17:00 ~ 00:30
수(7/29)
17:00 ~ 00:30
목(7/30)
17:00 ~ 00:30
금(7/31)
17:00 ~ 00:30
토(8/1)
17:00 ~ 00:30
일(8/2)
17:00 ~ 00:30
월(8/3)
17:00 ~ 00:30"
"818423823","치킨바보 사랑점","영업정보
접기
영업 전09:00 오픈
화(7/28)
09:00 ~ 24:00
수(7/29)
09:00 ~ 24:00
목(7/30)
09:00 ~ 24:00
금(7/31)
09:00 ~ 24:00
토(8/1)
09:00 ~ 24:00
일(8/2)
09:00 ~ 24:00
월(8/3)
09:00 ~ 24:00
요기요 제공"
"1291042674","치킨퐁237 서방점","영업정보
접기
영업 전15:00 오픈
화(7/28)
15:00 ~ 24:00
수(7/29)
15:00 ~ 24:00
목(7/30)
15:00 ~ 24:00
금(7/31)
15:00 ~ 24:00
토(8/1)
15:00 ~ 24:00
일(8/2)
15:00 ~ 24:00
월(8/3)
15:00 ~ 24:00"
"14614606","나들목순대국밥","영업정보
접기
영업 전10:00 오픈
화(7/28)
10:00 ~ 21:00
14:30 ~ 16:30 브레이크타임
수(7/29)
10:00 ~ 21:00
14:30 ~ 16:30 브레이크타임
목(7/30)
10:00 ~ 21:00
14:30 ~ 16:30 브레이크타임
금(7/31)
10:00 ~ 21:00
14:30 ~ 16:30 브레이크타임
토(8/1)
10:00 ~ 21:00
14:30 ~ 16:30 브레이크타임
일(8/2)
휴무일
월(8/3)
10:00 ~ 21:00
14:30 ~ 16:30 브레이크타임"
"188894092","쫑이부대찌개","영업정보
접기
영업 전11:00 오픈
화(7/28)
11:00 ~ 21:00
수(7/29)
11:00 ~ 21:00
목(7/30)
11:00 ~ 21:00
금(7/31)
11:00 ~ 21:00
토(8/1)
11:00 ~ 21:00
일(8/2)
휴무일
월(8/3)
11:00 ~ 21:00"
"1050097405","라플레버",""
"1032781519","중화루","영업정보
영업시간을 알려주세요"
"567594549","윤쓰메밀","영업정보
영업시간을 알려주세요"
"2147454731","샌디츄","영업정보
접기
영업 전12:00 오픈
화(7/28)
12:00 ~ 20:00
수(7/29)
12:00 ~ 20:00
목(7/30)
12:00 ~ 20:00
금(7/31)
12:00 ~ 20:00
토(8/1)
11:00 ~ 19:00
일(8/2)
휴무일
월(8/3)
12:00 ~ 20:00"
"9471605","청학동숯불갈비","영업정보
접기
휴무일내일 16:00 오픈
화(7/28)
휴무일
수(7/29)
16:00 ~ 23:00
22:00 라스트오더
목(7/30)
16:00 ~ 23:00
22:00 라스트오더
금(7/31)
16:00 ~ 23:00
22:00 라스트오더
토(8/1)
16:00 ~ 23:00
22:00 라스트오더
일(8/2)
16:00 ~ 23:00
22:00 라스트오더
월(8/3)
16:00 ~ 23:00
22:00 라스트오더"
"1572820612","대박분식","영업정보
영업시간을 알려주세요"
"1392412523","휴게소","영업정보
접기
영업 전12:00 오픈
20시 주문마감
화(7/28)
12:00 ~ 20:30
수(7/29)
12:00 ~ 20:30
목(7/30)
12:00 ~ 20:30
금(7/31)
12:00 ~ 20:30
토(8/1)
12:00 ~ 20:30
일(8/2)
12:00 ~ 20:30
월(8/3)
12:00 ~ 20:30"
"2080056436","바다상회","영업정보
접기
영업 전11:30 오픈
화(7/28)
11:30 ~ 22:00
14:00 ~ 17:00 브레이크타임
수(7/29)
11:30 ~ 22:00
14:00 ~ 17:00 브레이크타임
목(7/30)
11:30 ~ 22:00
14:00 ~ 17:00 브레이크타임
금(7/31)
11:30 ~ 22:00
14:00 ~ 17:00 브레이크타임
토(8/1)
11:30 ~ 22:00
14:00 ~ 17:00 브레이크타임
일(8/2)
11:30 ~ 22:00
14:00 ~ 17:00 브레이크타임
월(8/3)
11:30 ~ 22:00
14:00 ~ 17:00 브레이크타임"
"1076183360","7번가피자 문흥오치점","영업정보
접기
영업 전11:00 오픈
화(7/28)
11:00 ~ 23:00
수(7/29)
11:00 ~ 23:00
목(7/30)
11:00 ~ 23:00
금(7/31)
11:00 ~ 23:00
토(8/1)
11:00 ~ 23:00
일(8/2)
11:00 ~ 23:00
월(8/3)
11:00 ~ 23:00"
"1172746292","더벤티 전남대점","영업정보
접기
영업 전08:00 오픈
화(7/28)
08:00 ~ 23:00
수(7/29)
08:00 ~ 23:00
목(7/30)
08:00 ~ 23:00
금(7/31)
08:00 ~ 23:00
토(8/1)
08:30 ~ 21:00
일(8/2)
08:30 ~ 21:00
월(8/3)
08:00 ~ 23:00
영업정보 전체보기"
"1090494171","임실피자 앤치킨 오치문흥점","영업정보
접기
영업 중02:00 까지
월(7/27)
14:00 ~ 02:00
화(7/28)
14:00 ~ 02:00
수(7/29)
14:00 ~ 02:00
목(7/30)
14:00 ~ 02:00
금(7/31)
14:00 ~ 06:00
토(8/1)
14:00 ~ 06:00
일(8/2)
14:00 ~ 02:00"
"1899111512","비티씨인무드","영업정보
접기
영업 전12:00 오픈
화(7/28)
12:00 ~ 22:00
수(7/29)
12:00 ~ 22:00
목(7/30)
12:00 ~ 22:00
금(7/31)
12:00 ~ 22:00
토(8/1)
12:00 ~ 22:00
일(8/2)
12:00 ~ 18:00
월(8/3)
12:00 ~ 22:00"
"1928016817","커피블레싱","영업정보
접기
영업 전08:30 오픈
화(7/28)
08:30 ~ 22:30
22:20 라스트오더
수(7/29)
08:30 ~ 22:30
22:20 라스트오더
목(7/30)
08:30 ~ 22:30
22:20 라스트오더
금(7/31)
08:30 ~ 22:30
22:20 라스트오더
토(8/1)
10:00 ~ 22:00
21:50 라스트오더
일(8/2)
10:00 ~ 22:00
21:50 라스트오더
월(8/3)
08:30 ~ 22:30
22:20 라스트오더"
"149810030","텐퍼센트커피 전남대점","영업정보
접기
영업 전08:30 오픈
화(7/28)
08:30 ~ 22:00
21:30 라스트오더
수(7/29)
08:30 ~ 22:00
21:30 라스트오더
목(7/30)
08:30 ~ 22:00
21:30 라스트오더
금(7/31)
08:30 ~ 22:00
21:30 라스트오더
토(8/1)
08:30 ~ 21:30
21:00 라스트오더
일(8/2)
08:30 ~ 21:30
21:00 라스트오더
월(8/3)
08:30 ~ 22:00
21:30 라스트오더"
"1366996004","아루쿠히토","영업정보
접기
영업 전12:00 오픈
화(7/28)
12:00 ~ 22:00
수(7/29)
12:00 ~ 22:00
목(7/30)
12:00 ~ 22:00
금(7/31)
12:00 ~ 22:00
토(8/1)
12:00 ~ 22:00
일(8/2)
12:00 ~ 22:00
월(8/3)
휴무일"
"2103328185","새시","영업정보
접기
영업 전09:00 오픈
화(7/28)
09:00 ~ 22:00
21:00 라스트오더
수(7/29)
09:00 ~ 22:00
21:00 라스트오더
목(7/30)
09:00 ~ 22:00
21:00 라스트오더
금(7/31)
09:00 ~ 22:00
21:00 라스트오더
토(8/1)
09:00 ~ 22:00
21:00 라스트오더
일(8/2)
휴무일
월(8/3)
09:00 ~ 22:00
21:00 라스트오더"
"22791224","투썸플레이스 광주용봉CGV점","영업정보
접기
영업 전09:00 오픈
화(7/28)
09:00 ~ 22:00
수(7/29)
09:00 ~ 22:00
목(7/30)
09:00 ~ 22:00
금(7/31)
09:00 ~ 23:00
토(8/1)
09:00 ~ 23:00
일(8/2)
09:00 ~ 22:00
월(8/3)
09:00 ~ 22:00"
"21313693","두마리양동시장통닭","영업정보
접기
영업 전11:00 오픈
화(7/28)
11:00 ~ 24:00
수(7/29)
11:00 ~ 24:00
목(7/30)
11:00 ~ 24:00
금(7/31)
11:00 ~ 24:00
토(8/1)
11:00 ~ 24:00
일(8/2)
11:00 ~ 24:00
월(8/3)
11:00 ~ 24:00
요기요 제공"
"1644415206","치킨은핑계","영업정보
접기
영업 전13:00 오픈
화(7/28)
13:00 ~ 24:00
수(7/29)
13:00 ~ 24:00
목(7/30)
13:00 ~ 24:00
금(7/31)
13:00 ~ 24:00
토(8/1)
13:00 ~ 24:00
일(8/2)
13:00 ~ 24:00
월(8/3)
휴무일"
"21362026","팬도로시 전남대점","영업정보
접기
영업 전08:00 오픈
화(7/28)
08:00 ~ 20:00
수(7/29)
08:00 ~ 20:00
목(7/30)
08:00 ~ 20:00
금(7/31)
08:00 ~ 20:00
토(8/1)
08:00 ~ 19:00
일(8/2)
08:00 ~ 19:00
월(8/3)
08:00 ~ 20:00"
"1886096568","솜리치킨 문흥점","영업정보
접기
영업 전11:00 오픈
화(7/28)
11:00 ~ 22:00
수(7/29)
11:00 ~ 22:00
목(7/30)
11:00 ~ 22:00
금(7/31)
11:00 ~ 22:00
토(8/1)
11:00 ~ 22:00
일(8/2)
11:00 ~ 22:00
월(8/3)
휴무일"
"1894092407","피자스웨그 전남대점","영업정보
접기
영업 전09:00 오픈
화(7/28)
09:00 ~ 21:00
수(7/29)
09:00 ~ 21:00
목(7/30)
09:00 ~ 21:00
금(7/31)
09:00 ~ 21:00
토(8/1)
09:00 ~ 21:00
일(8/2)
17:00 ~ 21:00
월(8/3)
09:00 ~ 21:00"
"9690627","고향회관","영업정보
접기
영업 전11:30 오픈
화(7/28)
11:30 ~ 22:00
14:00 ~ 17:30 브레이크타임
수(7/29)
11:30 ~ 22:00
14:00 ~ 17:30 브레이크타임
목(7/30)
11:30 ~ 22:00
14:00 ~ 17:30 브레이크타임
금(7/31)
11:30 ~ 22:00
14:00 ~ 17:30 브레이크타임
토(8/1)
11:30 ~ 22:00
14:00 ~ 17:30 브레이크타임
일(8/2)
휴무일
월(8/3)
11:30 ~ 22:00
14:00 ~ 17:30 브레이크타임"
"8220674","굽네치킨 광주문흥점","영업정보
접기
영업 전10:00 오픈
화(7/28)
10:00 ~ 01:00
수(7/29)
10:00 ~ 01:00
목(7/30)
10:00 ~ 01:00
금(7/31)
10:00 ~ 01:00
토(8/1)
10:00 ~ 01:00
일(8/2)
10:00 ~ 01:00
월(8/3)
10:00 ~ 01:00
요기요 제공"
"1232485857","부리나치킨 문흥점","영업정보
접기
영업 중12:00 까지
월(7/27)
16:00 ~ 12:00
11:30 라스트오더
화(7/28)
16:00 ~ 12:00
11:30 라스트오더
수(7/29)
16:00 ~ 12:00
11:30 라스트오더
목(7/30)
16:00 ~ 12:00
11:30 라스트오더
금(7/31)
16:00 ~ 12:00
11:30 라스트오더
토(8/1)
16:00 ~ 12:00
11:30 라스트오더
일(8/2)
16:00 ~ 12:00
11:30 라스트오더"
"306153271","무야호닭강정피자","영업정보
영업시간을 알려주세요"
"8947341","동흥루","영업정보
접기
영업 전11:00 오픈
화(7/28)
11:00 ~ 20:00
15:00 ~ 16:30 브레이크타임
수(7/29)
11:00 ~ 20:00
15:00 ~ 16:30 브레이크타임
목(7/30)
11:00 ~ 20:00
15:00 ~ 16:30 브레이크타임
금(7/31)
11:00 ~ 20:00
15:00 ~ 16:30 브레이크타임
토(8/1)
11:00 ~ 20:00
15:00 ~ 16:30 브레이크타임
일(8/2)
휴무일
월(8/3)
11:00 ~ 20:00
15:00 ~ 16:30 브레이크타임"
"669222344","대주당가","영업정보
접기
영업 중04:00 까지
월(7/27)
18:00 ~ 04:00
화(7/28)
18:00 ~ 04:00
수(7/29)
18:00 ~ 04:00
목(7/30)
18:00 ~ 04:00
금(7/31)
18:00 ~ 04:00
토(8/1)
18:00 ~ 04:00
일(8/2)
18:00 ~ 04:00"
"1872798644","900달러 전남대점","영업정보
접기
영업 전11:30 오픈
화(7/28)
11:30 ~ 23:00
22:00 라스트오더
수(7/29)
11:30 ~ 23:00
22:00 라스트오더
목(7/30)
11:30 ~ 23:00
22:00 라스트오더
금(7/31)
11:30 ~ 23:00
22:00 라스트오더
토(8/1)
11:30 ~ 23:00
22:00 라스트오더
일(8/2)
휴무일
월(8/3)
11:30 ~ 23:00
22:00 라스트오더"
"305837332","미스터홍","영업정보
접기
영업 전11:00 오픈
화(7/28)
11:00 ~ 20:00
수(7/29)
11:00 ~ 20:00
목(7/30)
11:00 ~ 20:00
금(7/31)
11:00 ~ 20:00
토(8/1)
11:00 ~ 20:00
일(8/2)
휴무일
월(8/3)
11:00 ~ 20:00"
"827384497","김삼철","영업정보
접기
영업 전16:00 오픈
화(7/28)
16:00 ~ 01:00
수(7/29)
16:00 ~ 01:00
목(7/30)
16:00 ~ 01:00
금(7/31)
16:00 ~ 01:00
토(8/1)
16:00 ~ 01:00
일(8/2)
16:00 ~ 01:00
월(8/3)
16:00 ~ 01:00"
"311551605","010카페 1호점","영업정보
영업시간을 알려주세요"
"1027417747","면식당 전남대점","영업정보
접기
영업 전10:30 오픈
화(7/28)
10:30 ~ 21:00
20:30 라스트오더
수(7/29)
10:30 ~ 21:00
20:30 라스트오더
목(7/30)
10:30 ~ 21:00
20:30 라스트오더
금(7/31)
10:30 ~ 21:00
20:30 라스트오더
토(8/1)
10:30 ~ 21:00
20:30 라스트오더
일(8/2)
10:30 ~ 21:00
20:30 라스트오더
월(8/3)
10:30 ~ 21:00
20:30 라스트오더"
"633881024","코지루프스","영업정보
접기
영업 전10:30 오픈
화(7/28)
10:30 ~ 20:30
수(7/29)
10:30 ~ 20:30
목(7/30)
10:30 ~ 20:30
금(7/31)
10:30 ~ 20:30
토(8/1)
10:30 ~ 20:30
일(8/2)
10:30 ~ 20:30
월(8/3)
휴무일"
"13309346","춘부집 상대점","영업정보
접기
영업 중02:00 까지
월(7/27)
17:00 ~ 02:00
화(7/28)
17:00 ~ 02:00
수(7/29)
17:00 ~ 02:00
목(7/30)
17:00 ~ 02:00
금(7/31)
17:00 ~ 02:00
토(8/1)
17:00 ~ 02:00
일(8/2)
17:00 ~ 02:00"
"456422583","금커피별빙수 광주전대점","영업정보
접기
영업 중02:00 까지
월(7/27)
11:00 ~ 02:00
화(7/28)
11:00 ~ 02:00
수(7/29)
11:00 ~ 02:00
목(7/30)
11:00 ~ 02:00
금(7/31)
11:00 ~ 02:00
토(8/1)
11:00 ~ 02:00
일(8/2)
11:00 ~ 02:00"
"1250033002","케주베이커리 전대상대점","영업정보
접기
영업 전08:00 오픈
화(7/28)
08:00 ~ 20:00
수(7/29)
08:00 ~ 20:00
목(7/30)
08:00 ~ 20:00
금(7/31)
08:00 ~ 20:00
토(8/1)
휴무일
일(8/2)
휴무일
월(8/3)
08:00 ~ 20:00"
"990459089","훼이보릿커피","영업정보
접기
영업 전10:30 오픈
화(7/28)
10:30 ~ 21:00
수(7/29)
10:30 ~ 21:00
목(7/30)
10:30 ~ 21:00
금(7/31)
10:30 ~ 21:00
토(8/1)
12:00 ~ 18:00
일(8/2)
휴무일
월(8/3)
10:30 ~ 21:00"
"1239694225","술돼지","영업정보
접기
영업 중02:00 까지
월(7/27)
17:00 ~ 02:00
화(7/28)
17:00 ~ 02:00
수(7/29)
17:00 ~ 02:00
목(7/30)
17:00 ~ 02:00
금(7/31)
17:00 ~ 02:00
토(8/1)
17:00 ~ 02:00
일(8/2)
17:00 ~ 02:00"
