id,name,lat,lng,phone,address,category_name,delivery_suspect,전체메뉴_가격
1239694225,술돼지,35.17237808601571,126.90629040294854,062-511-9295,전남광주통합특별시 북구 용봉로 88,"음식점 > 한식 > 육류,고기",False,"이베리코황금살(180G) 18,000원, 이베리코악어살(180G) 18,000원, 이베리코늑간살(180G) 19,000원, 매운치즈닭발 20,000원, 초벌막창구이 18,000원, 돼지껍데기 6,000원, 이베리코끝판살(180G) 20,000원, 이베리코항정살(180G) 18,000원, 이베리코갈매기살(180G) 18,000원"
8679773,청자골강진식육식당,35.17025972721003,126.91084394046713,062-526-6733,전남광주통합특별시 북구 우치로27번길 4,"음식점 > 한식 > 육류,고기",False,"항정살 (200g) 18,000원, 생삼겹살 (200g) 16,000원, 살치살 (200g) 54,000원, 등심 (200g) 49,000원, 돼지모듬 (900g) 63,000원, 가브리 (200g) 18,000원, 목살(200g) 15,000원"
11203033,해송,35.1708121657062,126.905951907121,062-523-0204,전남광주통합특별시 북구 서양로41번길 9,"음식점 > 한식 > 해물,생선",False,"낙지비빔밥 18,000원, 연포탕 20,000원, 낙지회무침(중) 60,000원, 낙지볶음(중) 60,000원, 낙지전골(중) 65,000원, 낙지회무침(대) 70,000원, 낙지볶음(대) 70,000원, 낙지전골(대) 75,000원"
1971334566,오우가,35.1712520959625,126.906039218436,,전남광주통합특별시 북구 서양로41번길 19,"음식점 > 한식 > 육류,고기",False,
1446094650,골목,35.17145304323605,126.90367338701556,062-412-7171,전남광주통합특별시 북구 용봉로 62-6,음식점 > 한식,False,"시금치카레 8,000원, 마늘새우크림카레 8,000원, 청양카레 8,000원, 규동 8,500원, 우동 6,000원, 새우튀김우동 7,000원, 치킨가라아게 9,000원"
14517683,동산회관,35.175313634354346,126.91332269542426,062-265-0392,전남광주통합특별시 북구 우치로90번길 12-1,음식점 > 한식 > 한정식,False,"한방양념삼겹살 10,000원"
8025577,옥천면옥 본점,35.166419140463994,126.89945882578645,062-528-3888,전남광주통합특별시 북구 무등로 144,음식점 > 한식 > 냉면,False,"물냉면 14,000원, 비빔냉면 14,000원, 옥천면 14,000원, 온면(계절메뉴) 14,000원, 불냉면 15,000원, 설렁탕 12,000원, 수육 (도가니) 45,000원, 수육 (양지) 45,000원, 도가니탕 20,000원, 야채냉면 16,000원, 양념갈비살 (1인분) (2인분이상) 35,000원, 영양갈비탕 18,000원, 칼칼면 15,000원, 회냉면 16,000원"
1324485849,예향정 전대점,35.1747583650468,126.913276080639,062-266-4328,전남광주통합특별시 북구 호동로 5,음식점 > 한식,False,"두루치기단품 (중) 28,000원, 두루치기 2인세트 28,000원, 두루치기 3인세트 41,000원, 두루치기 4인세트 54,000원, 매콤쭈꾸미볶음 2인세트 33,000원, 매콤쭈꾸미볶음 3인세트 48,000원, 매콤쭈꾸미볶음 4인세트 63,000원, 김치찌개단품 10,000원, 두루치기단품 (소) 19,000원, 두루치기단품 (대) 36,000원, 된장찌개 10,000원, 쭈꾸미볶음단품 (소) 24,000원, 쭈꾸미볶음단품 (중) 35,000원, 쭈꾸미볶음단품 (대) 46,000원"
19357708,경민회관,35.1728392833916,126.911899350756,062-267-1700,전남광주통합특별시 북구 우치로 61,"음식점 > 한식 > 육류,고기",False,"육회비빔밥 10,000원, 돌솥비빔밥 11,000원, 안창살(130g) 48,000원, 꽃살(130g) 46,000원, 갈비살(130g) 38,000원, 생고기(한접시)(500g) 85,000원, 생고기(반접시)(250g) 45,000원, 불백(150g) 18,000원, 생삼겹(180g) 14,000원, 생목살(180g) 14,000원, 익힘비빔밥 10,000원, 야채비빔밥 9,000원, 특육회비빔밥 17,000원, 곰탕 10,000원, 김치찌개 9,000원, 떡국 10,000원, 냉면 9,000원, 경민삼계탕 15,000원"
969560632,옹고집보쌈,35.1758944915049,126.895530260754,062-525-1260,전남광주통합특별시 북구 저불로 18-4,"음식점 > 한식 > 육류,고기 > 족발,보쌈",False,"옹고집보쌈 (중) 42,000원, 쟁반국수 12,000원, 해물파전 18,000원, 옹고집보쌈 (소) 35,000원, 옹고집보쌈 (대) 48,000원, 홍어삼합보쌈 (소) 49,000원, 홍어삼합보쌈 (중) 56,000원, 홍어삼합보쌈 (대) 63,000원, 오리훈제보쌈 (소) 35,000원, 오리훈제보쌈 (중) 42,000원, 오리훈제보쌈 (대) 48,000원, 굴보쌈 (10월~3월 계절메뉴)(소) 49,000원, 굴보쌈 (10월~3월 계절메뉴)(중) 56,000원, 굴보쌈 (10월~3월 계절메뉴)(대) 63,000원, 보쌈정식 (2인이상) 11,000원, 항아리누룽지 5,000원, 2인세트 39,000원, 3인세트 51,000원, 4인세트 71,000원"
9474885,초가왕족발,35.1694260478525,126.903872265677,062-512-9303,전남광주통합특별시 북구 자미로 40,"음식점 > 한식 > 육류,고기 > 족발,보쌈",False,"앞다리 41,000원, 뒷다리 37,000원, 미니족 23,000원, (양념추가시)기본양념셋트 5,000원, 공기 1,000원, 음료수 2,000원, 콜라 3,000원, 킨사이다 3,000원"
1933426004,천지연삼겹살,35.17761119032402,126.90264076927562,062-522-9210,전남광주통합특별시 북구 설죽로214번길 90,"음식점 > 한식 > 육류,고기 > 삼겹살",False,"참치돌판비빔밥 4,500원, 고기돌판비빔밥 4,500원, 고기치즈돌판비빔밥 7,000원, 와인숙성삼겹살(200g)(2인이상) 9,900원, 김치찌개 4,500원, 호박찌개 3,500원, 된장찌개 4,500원, 순두부찌개 4,500원, 물냉면 4,000원, 비빔냉면 4,000원, 고기치즈돌판비빔밥 곱빼기 9,000원, 야채돌판비빔밥 4,000원, 갈비탕 7,000원, 육개장 7,000원, 참치비빔밥 3,500원, 고기돌판비빔밥 곱빼기 6,500원, 참치치즈돌판비빔밥 7,000원, 참치치즈돌판비빔밥 곱빼기 9,000원, 참치돌판비빔밥 곱빼기 6,500원"
1480682796,삼일집,35.17735155510775,126.91452482511122,062-262-8892,전남광주통합특별시 북구 호동로15번길 50,"음식점 > 한식 > 육류,고기",False,"모소리살 15,000원, 오돌뼈 14,000원, 잔치국수 7,000원, 숯불막창 14,000원, 껍데기 7,000원, 가브리살 16,000원, 함흥냉면(비빔,물) 7,000원, 삼겹살 15,000원, 매운닭발 14,000원, 차돌 된장술밥 7,000원, 숯불쭈꾸미 15,000원, 숯불갈비 15,000원, 특목살 15,000원"
26540939,박준기감자탕,35.1783796930649,126.901090829768,062-529-6777,전남광주통합특별시 북구 반룡로28번길 11,음식점 > 한식 > 감자탕,False,"우거지 감자탕(소) 32,000원, 우거지 감자탕(중) 39,000원, 묵은지 감자탕(소) 35,000원, 뼈 해장국（우거지） 12,000원, 뼈해장국(우거지)＋우거지추가 14,700원, 뼈해장국(우거지)＋당면사리 15,200원, 우거지 감자탕(대) 45,000원, 묵은지 감자탕(중) 42,000원, 묵은지 감자탕(대) 48,000원, 묵은지 해장국 12,000원, 감자탕 우거지 추가 6,000원, 감자탕 묵은지 추가 7,000원, 감자탕 뼈 추가 18,000원, 묵은지해장국＋묵은지추가 15,200원, NEW [배 터지게] 뼈 해장국(우거지) 뼈 추가 세트 18,500원, NEW [배 터지게] 묵은지 해장국 뼈추가 세트 18,500원, NEW [실속있게] 뼈 해장국(우거지) 투풀러스 세트 17,400원, NEW [실속있게] 묵은지 해장국 투풀러스 세트 17,400원, 뼈해장국(우거지)＋수제비사리 14,700원, 묵은지해장국＋수제비사리 14,700원, 묵은지해장국＋당면사리 15,200원, 뼈해장국(우거지)＋만두사리 15,500원, 묵은지해장국＋만두사리 15,500원, [가성비] 든든한 1kg 뼈해장국 + 사이드 선택1 16,900원, [가성비] 든든한 1kg 묵은지해장국 + 사이드 선택1 16,900원, [1박2일 먹자] 뼈해장국(우거지) + 사이드 선택1 16,900원, 참이슬 후레쉬19세 이상 4,000원, 잎새주19세 이상 4,000원, 진로이즈백19세 이상 4,000원, 카스19세 이상 4,000원"
21361090,돼지똥꼬 본점,35.174690521749,126.914202670515,062-525-9285,전남광주통합특별시 북구 서방로9번길 27,"음식점 > 한식 > 육류,고기",False,"연탄갈매기살 16,000원, 닭목살구이 15,000원, 막창 15,000원, 연탄오돌뼈 15,000원, 주먹밥 4,000원, 공기밥 2,000원, 고스치즈 3,000원, 치즈곱배기 5,000원, 콜라 355mL 2,000원, 사이다 355mL 2,000원, 환타 355mL 2,000원"
12689524,제주돈사촌,35.1765361847921,126.895446007425,062-522-8985,전남광주통합특별시 북구 저불로 24,"음식점 > 한식 > 육류,고기 > 삼겹살",False,"제주산 근고기 (600g)(2인기준) 51,000원, 김치찌개 (1인분) 9,000원, 김치찌개 (2인분) 18,000원, 김치찌개 (3인분) 27,000원, 물/비빔냉면 8,000원"
1711969750,다원,35.1774868464594,126.902694710096,062-266-1648,전남광주통합특별시 북구 설죽로202번길 98,"음식점 > 한식 > 육류,고기 > 삼겹살",False,
537058265,만선,35.1744123242903,126.913388420269,,전남광주통합특별시 북구 호동로 6,"음식점 > 한식 > 해물,생선",False,"알곤이탕(공기미포함) 28,000원, 복지리탕(공기미포함 비조리) 28,000원, 낙지덮밥(공기포함) 24,000원, 꼬막비빔밥(공기포함) 11,000원, 왕새우튀김 12,000원, 오징어젓갈 (350g) 9,000원, 갑오징어덮밥(공기포함) 26,000원, 순살아구후라이드 15,000원, 꼴뚜기젓갈 (350g) 11,000원, 고추무침 (350g) 7,000원, 미나리 2,000원"
21362219,골목대장,35.1751369001339,126.913227376505,,전남광주통합특별시 북구 호동로 9-10,음식점 > 한식,False,"라볶이 5,000원, 돌솥비빔밥 6,000원, 김치찌개 6,000원, 순두부찌게 6,000원, 라면 4,000원, 뚝배기불백 7,000원, 된장찌게 6,000원, 콩나물국밥 5,000원, 떡만두국 5,500원, 해물국밥 6,000원, 만두국 5,000원, 떡라면 4,500원, 비빔밥 5,500원"
1434986865,뚱땅찌개&갈비찜 본점,35.1707661759244,126.904771914189,,전남광주통합특별시 북구 서양로 31,음식점 > 한식,False,
589043835,채우담 본점,35.1714237939203,126.902043298527,,전남광주통합특별시 북구 서양로 5,음식점 > 한식,False,"애호박찌개 10,000원, 순두부 애호박찌개 11,000원, 애호박찌개(특) 12,000원, 순두부 애호박찌개(특) 13,000원, 된장짜글이 11,000원, 순두부 된장 짜글이 12,000원, 제육볶음 13,000원, 쭈꾸미볶음 14,000원, 계란후라이 2,000원, 메밀전병 6,000원, 순살고등어 9,000원, 공기밥 1,000원, 콜라 355mL 2,000원, 사이다 355mL 2,000원, 제로 콜라 355mL 2,000원"
1229072760,돼지꿈꾸다,35.1658371013762,126.901949014186,062-526-3392,전남광주통합특별시 북구 자동차로 73,"음식점 > 한식 > 육류,고기",False,
9690627,고향회관,35.1789973171338,126.90244260535,062-511-6708,전남광주통합특별시 북구 반룡로41번길 3,"음식점 > 한식 > 육류,고기",False,"생삼겹살(180g) 15,000원, 오리탕(1마리) 70,000원, 참옻오리백숙(1마리) 70,000원, 한방오리백숙(1마리) 70,000원, 오리로스+탕(소) 35,000원, 뒷고기(180g) 12,000원, 암돼지 목살(180g) 15,000원, 오리주물럭 14,000원, 김치찌개 8,000원, 오리탕 9,000원"
26895435,쭉심,35.1753684970659,126.914421514026,,전남광주통합특별시 북구 호동로15번길 6,"음식점 > 한식 > 해물,생선",False,"쭈꾸미+삼겹 12,000원, 쭈꾸미 11,000원, 쭈꾸미+새우 12,000원"
1005848579,해수니보쌈,35.17062316430625,126.90867884931727,062-521-2080,전남광주통합특별시 북구 우치로27번길 45,"음식점 > 한식 > 육류,고기 > 족발,보쌈",False,"닭볶음탕 35,000원, 보쌈 (1인분)(2인이상) 15,000원, 제육볶음 (1인분)(2인이상) 10,000원, 촌닭백숙 (3시간전 예약) 60,000원, 오리백숙 (3시간전 예약) 65,000원, 김치찌개 9,000원"
10554581,수진식당,35.1776958939321,126.902611027405,062-528-8251,전남광주통합특별시 북구 설죽로214번길 90,음식점 > 한식,False,"참치비빔밥 5,000원, 김치찌개 백반 3,500원, 오징어볶음백반 (2인이상) 9,000원, 참치김치찌개 백반 3,500원, 제육볶음 백반 4,000원"
27432627,노릇노릇식당,35.17318837487568,126.91479154474806,010-2778-4234,전남광주통합특별시 북구 서방로 16-1,"음식점 > 한식 > 해물,생선",False,"삼치구이 13,000원, 고등어구이 12,000원, 버섯소불고기 11,000원, 수육백반 12,000원, 수육백반(1인) 12,000원"
10833692,청죽골한우식육식당,35.17989971293413,126.90149958054491,062-511-5566,전남광주통합특별시 북구 반룡로27번길 20,"음식점 > 한식 > 육류,고기",False,"생비빔밥 10,000원, 육회 (중) 40,000원, 갈비살 (150g) 38,000원, 등심 (150g) 35,000원, 안심 (150g) 28,000원, 배삼겹 (180g) 14,000원, 꽃살 (150g) 43,000원, 항정살 (180g) 15,000원, 육회 (대) 45,000원, 차돌구이 (150g) 28,000원, 생고기 (180g) 25,000원, 안창살 (150g) 43,000원, 목삼겹 (180g) 14,000원, 가브리살 (180g) 15,000원, 야채돌솥비빔밥 10,000원, 김치찌개 (점심특선) 8,000원, 돼지주물럭 (점심특선) 10,000원, 애호박찌개 (점심특선) 8,000원"
17548193,한접시 본점,35.1694335715919,126.90201275442898,010-5242-3373,전남광주통합특별시 북구 서암대로 161,"음식점 > 한식 > 육류,고기 > 갈비",False,"생돼지갈비 양념구이(한접시) 16,000원, 생돼지갈비 소금구이(한접시) 16,000원"
439850494,벼락,35.1776155476328,126.901342055869,,전남광주통합특별시 북구 설죽로214번길 70-6,"음식점 > 한식 > 육류,고기",False,"물냉면＋ 숯불고기（80g） 13,000원, 비빔냉면＋ 숯불고기（80g） 13,000원, 쌈밥＋ 숯불고기（80g） 12,000원, 비빔밥＋ 숯불고기（80g） 12,000원, 참치비빔밥＋ 숯불고기（80g） 12,500원, 물냉면＋숯불고기（80g）＋만두（4p） 15,500원, 물냉면＋[특] 숯불고기（135g） 15,500원, 비빔냉면＋[특] 숯불고기（135g） 15,500원, 쌈밥＋[특] 숯불고기（135g） 14,500원, 비빔밥＋[특] 숯불고기（135g） 14,500원, 참치비빔밥＋[특] 숯불고기（135g） 15,000원, 비빔냉면＋숯불고기（80g）＋만두（4p） 15,500원, 쌈밥＋숯불고기（80g）＋만두（4p） 14,500원, 비빔밥＋숯불고기（80g）＋만두（4p） 14,500원, 참치비빔밥＋숯불고기（80g）＋만두（4p） 15,000원, 고기 만두 （6p ） 4,500원, 김치 만두 （6p） 4,500원, 반반 만두 （6p） 4,500원, 숯불고기 추가（135g） 6,500원, 냉면 면 추가 2,500원, 냉면 양념장 추가（40g） 1,500원, 냉면 육수 추가（400g） 2,000원, 냉면 육수 추가（200g） 1,000원, 된장국 추가 1,500원, 공기밥 1,000원, 계란후라이 추가 700원, 비빔밥 야채 추가 2,000원, 비빔밥 양념장 추가（60g） 1,500원, 참치 추가（60g） 1,500원, 쌈&반찬 추가 3,000원"
1148199265,만미당 본점,35.1788452803009,126.897343386865,062-527-9233,전남광주통합특별시 북구 설죽로 215,"음식점 > 한식 > 해물,생선 > 장어",False,"장어 소금구이 31,000원, 장어 양념구이 31,000원, 특장어덮밥 33,000원, 장어덮밥 28,000원, 장어초밥 25,000원, 스테이크덮밥 20,000원, 생연어덮밥 20,000원, 장어샐러드 20,000원, 아나고튀김 22,000원, 돈까스정식 12,000원, 우마끼(장어계란말이) 18,000원, 왕새우튀김 15,000원, 공기밥 2,000원, 코카콜라355mL 2,000원, 코카콜라 제로355mL 2,000원, 스프라이트355mL 2,000원, 환타 파인355mL 2,000원"
252228904,올능이능이버섯백숙 본점,35.1749930902125,126.895478720764,062-528-3335,전남광주통합특별시 북구 설죽로171번길 7,"음식점 > 한식 > 육류,고기 > 닭요리",False,"닭（촌닭）능이백숙 69,000원, 청둥오리전골(샤브) 79,000원, 닭(촌닭)볶음탕 64,000원, 능이 삼계탕 16,000원, 오리 능이백숙 69,000원, 청둥오리 능이백숙 79,000원, 오리 특수부위 볶음 35,000원, 찰밥 5,000원"
13083741,숯과닭발 용봉점,35.1785453175466,126.896506126124,062-527-1588,전남광주통합특별시 북구 용봉택지로 91,"음식점 > 한식 > 육류,고기 > 닭요리",False,"마늘돼지 16,000원, 닭발 21,000원, 모듬셋트 47,000원, 빨간돼지 16,000원, 가브리 16,000원, 똥집 19,000원, 돼지막창 16,000원, 라면 3,000원, 주먹밥 3,000원, 누룽지 2,000원"
910263067,모퉁이집,35.1748501292323,126.915581304581,070-4038-2714,전남광주통합특별시 북구 호동로 28-1,음식점 > 한식 > 국수,False,"멸치국수 5,500원, 비빔국수 6,000원, 비빔밥 6,500원, 유부초밥 4개 3,000원, 주먹밥 3,000원, 꼬마복만두 꼬마10개 4,000원, 열무냉국수 7,500원, 열무비빔국수 7,500원, 김치（배추）냉국수 7,500원, 콩물국수 8,500원, 떡만두국 7,500원, 캔콜라 245mL 1,000원, 캔사이다 245mL 1,000원"
11159904,장가네생태탕,35.17898581079658,126.89724769918864,062-523-5556,전남광주통합특별시 북구 설죽로217번길 3,"음식점 > 한식 > 해물,생선 > 매운탕,해물탕",False,"탕탕이(한우육회+산낙지) (특대) 100,000원, 탕탕이 한접시(한우육회+산낙지) (2인기준) 45,000원, 1인 탕탕이(한우육회+산낙지) 60,000원, 탕비/탕익비(한우육회+산낙지) 10,000원, 생비/생익비(한우육회) 10,000원, 낙비/낙익비(산낙지) 10,000원, 삼비/생익비(한우육회+산낙지+전복) 15,000원, 육비(한우육회) 10,000원, 뚝배기동태탕 10,000원, 지리동태탕 10,000원, 연포탕 18,000원, 탕탕이(한우육회+산낙지) (대) 80,000원, 탕탕이(한우육회+산낙지) (중) 60,000원, 탕탕이삼합(한우육회+산낙지+전복) (특대) 120,000원, 탕탕이삼합(한우육회+산낙지+전복) (대) 100,000원, 탕탕이삼합(한우육회+산낙지+전복) (중) 70,000원, 산낙지초무침(대) 80,000원, 산낙지초무침(중) 60,000원, 산낙지볶음(대) 80,000원, 산낙지볶음(중) 60,000원, 육회한접시 40,000원"
1241915637,어우러기,35.178026715887,126.901525991943,062-527-3828,전남광주통합특별시 북구 설죽로214번길 69,음식점 > 한식,False,"생선구이백반 5,000원, 참치돌솥비빔밥 5,000원, 된장찌개 5,000원, 참치김치찌개 5,000원, 라면 3,000원"
8460928,옴팡골콩나물국밥,35.1750322955955,126.913161621183,062-262-9885,전남광주통합특별시 북구 호동로 9-7,음식점 > 한식 > 국밥,False,"콩나물국밥 5,000원, 순두부찌개 6,000원, 김치찌개 6,000원, 파전 8,000원, 김치전 8,000원, 해물파전 10,000원, 두부김치 18,000원, 육전 18,000원, 비빔밥 6,000원, 잔치국수 5,000원, 뚝불 7,000원, 제육볶음 14,000원, 오징어볶음 15,000원"
27503877,뼈대있는집,35.17488701595143,126.91548246691605,062-251-6789,전남광주통합특별시 북구 호동로 28,음식점 > 한식 > 감자탕,False,"뼈해장국(공기밥0, 반찬x) 13,000원, 감자탕 小(공기밥x, 반찬x) 36,000원, 감자탕 中(공기밥x, 반찬x) 46,000원, 배추김치200g 4,000원, 공기밥추가 1,500원, 배추김치100g 2,000원, 깍두기100g 2,000원, 깍두기200g 4,000원, 배추김치1kg 20,000원, 깍두기1kg 20,000원, 묵은지해장국(공기밥0, 반찬x) 13,500원, 감자탕 大(공기밥x, 반찬x) 55,000원, 묵은지감자탕 小(공기밥x, 반찬x) 39,000원, 묵은지감자탕 中(공기밥x, 반찬x) 48,000원, 묵은지감자탕 大(공기밥x, 반찬x) 58,000원, 국물간장뼈찜 보통맛(공기&반찬없음) 38,000원, 국물간장뼈찜 맛있게 매운맛(공기&반찬없음) 38,000원, 펩시콜라P/T 2,500원, 칠성사이다P/T 2,500원, 탐스제로P/T 2,500원, 참이슬 후레쉬19세 이상 3,500원, 카스 후레쉬19세 이상 3,500원, 테라19세 이상 3,500원, 잎새주19세 이상 3,500원"
925624779,고향보쌈칼국수 용봉점,35.172371453646,126.897011225836,0503-7152-5067,전남광주통합특별시 북구 설죽로 136,"음식점 > 한식 > 육류,고기 > 족발,보쌈",False,"고향생배추보쌈 31,900원, 한우사골칼국수 9,900원, 낙지비빔칼국수 14,900원"
16198175,한국식당,35.17779904866008,126.90088185109846,062-527-5595,전남광주통합특별시 북구 용봉동 1251-20,음식점 > 한식,False,"돼지갈비(250g) 13,000원, 삼겹살(200g) 13,000원"
1808492143,민속촌 용봉점,35.1746616805115,126.894772181473,0507-1382-9286,전남광주통합특별시 북구 저불로 1,음식점 > 한식,False,"양념돼지갈비 16,000원, 양념소갈비 33,000원, 마늘갈비 17,000원, 생갈비 17,000원, 제육볶음(2인) 24,000원, 갈비탕 13,000원, 애호박찌개(2인) 16,000원, 김치찌개 8,000원, 돌판비빔밥 10,000원, 생고기비빔밥 10,000원, 익힌비빔밥 8,000원, 떡국(계절메뉴 10월~5월) 8,000원, 물냉면 8,000원, 비빔냉면 8,000원, 수육쟁반냉면 14,000원, 육회쟁반냉면 20,000원"
8453791,예송추어탕,35.1702548189685,126.907897691447,062-523-8884,전남광주통합특별시 북구 신흥로 26-1,"음식점 > 한식 > 해물,생선 > 추어",False,"추어탕 8,000원, 오리탕 9,000원, 추어튀김 20,000원, 오리탕(반마리) 40,000원, 메기탕(중) 35,000원, 아구찜(중) 40,000원, 빠가탕(중) 40,000원, 한방닭백숙(예약시) 65,000원, 한방오리백숙(예약시) 65,000원"
21999861,김동현의용곱창,35.1775495303076,126.91406792959,062-268-9266,전남광주통합특별시 북구 우치로110번길 31,"음식점 > 한식 > 육류,고기 > 곱창,막창",False,"모둠(중)+곱창전골 68,000원, 용모듬 (중) 38,000원, 용곱창(200g) (2인이상) 18,000원, 대창(200g) (2인이상) 18,000원, 막창(200g) (2인이상) 18,000원, 곱창전골 (중) 32,000원"
21022108,담양숯불갈비,35.1746938091093,126.913754776907,062-266-1799,전남광주통합특별시 북구 호동로 10,"음식점 > 한식 > 육류,고기 > 갈비",False,"김치양념전골 8,000원, 비빔밥(돌비) 8,000원, 냉면 8,000원"
1883905944,돼지촌,35.1745930662999,126.914049085294,062-266-0890,전남광주통합특별시 북구 호동로 12-6,"음식점 > 한식 > 육류,고기",False,"숯불구이 10,000원, 삼겹살(1인분) 13,000원, 오돌뼈(1인분) 13,000원, 갈매기살(1인분) 13,000원, 돼지갈비(1인분) 13,000원, 목살(1인분) 13,000원, 주물럭 10,000원, 김치찌개 10,000원"
1869248209,대풍수,35.177370339532,126.901294048677,,전남광주통합특별시 북구 설죽로202번길 71-1,음식점 > 중식 > 중국요리,False,
295407511,소중대,35.17163922153804,126.90545039041183,062-522-3368,전남광주통합특별시 북구 자미로66번길 15,음식점 > 중식,False,"탕수육＋짬뽕1＋짜장1＋군만두＋콜라 27,000원, 차돌짬뽕 11,500원, 고급탕수육 25,000원, 맛있는 술국 25,000원, 탕수육＋짜장1＋군만두＋콜라 18,000원, 탕수육＋짬뽕1＋군만두＋콜라 20,500원, 탕수육＋고추짬뽕1＋군만두＋콜라 23,000원, 탕수육＋고추국밥1＋군만두＋콜라 23,000원, 탕수육＋고추짜장1＋군만두＋콜라 20,000원, 탕수육＋볶음밥1＋군만두＋콜라 20,000원, 탕수육＋쟁반짜장1＋군만두＋콜라 21,000원, 탕수육＋차돌짬뽕1＋군만두＋콜라 23,000원, 탕수육＋차돌국밥1＋군만두＋콜라 23,000원, 탕수육＋짜장2＋군만두＋콜라 24,500원, 탕수육＋짬뽕2＋군만두＋콜라 29,500원, 탕수육＋고추짬뽕2＋군만두＋콜라 34,500원, 탕수육＋고추짜장2＋군만두＋콜라 28,500원, 탕수육＋고추국밥2＋군만두＋콜라 34,500원, 탕수육＋고추짬뽕1＋고추짜장1＋군만두＋콜라 31,500원, 탕수육＋간짜장2＋군만두＋콜라 29,500원, 탕수육＋쟁반짜장2＋군만두＋콜라 30,500원, 탕수육＋볶음밥2＋군만두＋콜라 28,500원, 탕수육＋차돌짬뽕2＋군만두＋콜라 34,500원, 탕수육＋차돌국밥2＋군만두＋콜라 34,500원, 짜장면 7,000원, 고추짬뽕 11,500원, 고추짜장 8,500원, 삼선짬뽕 11,500원, 쟁반짜장 9,500원, 간짜장 9,000원"
8616265,평화반점,35.1646237552557,126.904053538256,062-527-1518,전남광주통합특별시 북구 중흥로83번길 18-9,음식점 > 중식 > 중국요리,False,"매운짬뽕 10,000원, 탕수육(소) 23,000원, 짜장면 7,000원, 짬뽕 9,000원, 볶음밥 9,500원, 삼선짬뽕 15,000원, 삼선매운짬뽕 16,000원, 군만두 8,000원, 국밥 9,000원, 매운국밥 10,000원, 짜장밥 9,000원, 오므라이스 12,000원, 삼선국밥 15,000원, 삼선매운국밥 16,000원, 해물덮밥 17,000원, 소고기덮밥 15,000원, 송이덮밥 15,000원, 우동 9,000원, 콩물쑥국수 10,000원, 간짜장 9,000원"
9213899,스피드반점,35.17871999912593,126.9122618749548,062-268-4260,전남광주통합특별시 북구 우치로 126,음식점 > 중식 > 중국요리,False,"짜장 4,000원, 짬뽕 5,000원, 탕수육(소) 14,000원, 우동 5,000원, 간짜장 5,000원, 울면 5,000원, 삼선짜장 7,000원, 삼선짬뽕 7,000원, 삼선우동 7,000원, 국밥 6,000원, 볶음밥 6,000원, 짜장밥 6,000원, 잡채밥 6,000원, 해물덮밥 7,000원, 삼선국밥 7,000원, 삼선볶음밥 7,000원, 차돌짬뽕 8,000원"
8947341,동흥루,35.1783603924862,126.903989095728,062-521-2754,전남광주통합특별시 북구 반룡로 56,음식점 > 중식 > 중국요리,False,"세트（탕수육＋짬짜2＋군만두＋펩시500ml） 27,000원, 세트（탕수육＋짬짜1＋군만두＋펩시500ml） 22,000원, 세트（탕수육＋짜장1＋군만두＋펩시500ml） 20,000원, 세트（탕수육＋짜장2＋군만두＋펩시500ml） 25,000원, 세트（탕수육＋짜장1＋짬뽕1＋군만두＋펩시500ml） 26,000원, 세트（탕수육＋짬뽕2＋군만두＋펩시500ml） 27,000원, 세트（탕수육＋볶음밥2＋군만두＋펩시500ml） 27,000원, 세트（탕수육＋쟁반짜장＋군만두＋펩시500ml） 29,000원, 세트（탕수육＋짬뽕1＋군만두＋펩시500ml） 21,000원, 세트（탕수육＋국밥2＋군만두＋펩시500ml） 27,000원, 세트 （사천 탕수육＋짜장1＋군만두＋펩시500ml） 21,000원, 세트 （사천 탕수육＋짬뽕1＋군만두＋펩시500ml） 22,000원, 세트（사천 탕수육＋짜장2＋군만두＋펩시500ml） 26,000원, 세트（사천 탕수육＋짜장1＋짬뽕1＋군만두＋펩시500ml） 27,000원, 세트（사천 탕수육＋짬뽕2＋군만두＋펩시500ml） 28,000원, 세트（사천 탕수육＋볶음밥2＋군만두＋펩시500ml） 28,000원, 세트（사천 탕수육＋삼선쟁반짜장＋군만두＋펩시500ml） 30,000원, 세트（사천 탕수육＋짬짜면2＋군만두＋펩시500ml） 28,000원, 세트（사천 탕수육＋짬짜면1＋군만두＋펩시500ml） 23,000원, 세트（사천 탕수육＋국밥2＋군만두＋펩시500ml） 28,000원, 짜장 7,000원, 연태 大19세 이상 40,000원, 연태 中19세 이상 20,000원, 연태 小19세 이상 10,000원, 공부가주19세 이상 40,000원, 고량주19세 이상 7,000원, 이과주19세 이상 5,000원, 참이슬19세 이상 4,000원, 테라19세 이상 4,000원, 카스19세 이상 4,000원"
27210013,이비가짬뽕 광주전남대점,35.17182591591594,126.89781984396562,062-511-5576,전남광주통합특별시 북구 용봉로 10,음식점 > 중식 > 중국요리 > 이비가짬뽕,False,"이비가 탕수육 17,000원, 이비가 볶음짬뽕 13,000원, 이비가짬뽕 12,000원, 백짬뽕 12,000원, 이비가 한우짜장 10,000원, HOT이비가맵짬뽕 13,000원, HOT한우맵짜장 11,000원, NEW 매콤로제짬뽕 13,500원, 이비가 고추만두（6EA） 5,000원, 공기밥 1,500원, 코카콜라 500mL 2,500원, 코카콜라 제로（캔）355mL 2,500원, 스프라이트 500mL 2,500원, 환타（파인애플）500mL 2,500원"
1780481632,도향,35.17121625929489,126.90632027679408,062-523-0467,전남광주통합특별시 북구 서양로41번길 20,음식점 > 중식,False,"찹쌀탕수육(소) 20,000원, 도향짜장 7,000원, 도향짬뽕 9,000원, 유산슬밥 13,000원, 찹쌀탕수육(중) 28,000원, 쓰촨탕수육(소) 21,000원, 쓰촨탕수육(중) 29,000원, 비빔짬뽕 12,000원, 해물볶음간짜장 11,000원, 고추잡채 35,000원, 팔보채 35,000원, 도향우동 9,000원"
792701540,신사천마라탕,35.1755091148579,126.91443014891125,062-262-5656,전남광주통합특별시 북구 호동로15번길 8,음식점 > 중식 > 중국요리,False,"마라탕 13,000원, 마라샹궈 18,000원, 꿔바로우 9,000원, 원남미시엔 10,000원, 계란볶음밥 7,500원, 토마토계란덮밥 8,500원, 학생 인기NO.1 마라탕세트 (증정음료수 ) 17,900원, 커플세트( 증정 공기밥2개+음료수1개) 29,800원, 마라새우 20,000원, 마파두부 12,000원, 쯔란양고기 20,000원, 건두부볶음 12,000원, 공기밥 1,000원, 중국음료수 빙홍차 3,000원, 중국음료수 차파이(복숭아티) 3,000원, 사이다 2,000원, 콜라 2,000원, 환타 2,000원, 중국음료수 코코넛주스 3,000원, 중국음료수 차파이(레몬맛) 3,000원, 중국음료수 빙탕쉐리(배맛) 3,000원, 콜라제로 2,000원, 환타제로 2,000원"
26071022,청미반점,35.1692305526965,126.902867005805,062-528-0233,전남광주통합특별시 북구 서암대로 169,음식점 > 중식 > 중국요리,False,"짜장 6,000원, 세트 0（탕수육＋짜장1＋음료 500mL） 19,000원, 세트 1（탕수육＋짜장2＋음료 500mL＋만두 23,000원, 세트 1.5（탕수육＋짜장1＋짬뽕1＋음료 500mL＋만두） 24,000원, 세트 2（탕수육＋짬뽕2＋음료 500mL＋만두） 25,000원, 세트 2.5（탕수육＋간짜장2＋음료 500mL＋만두） 25,000원, 세트 3（탕수육＋국밥2＋음료 500mL＋만두） 27,000원, 세트 4（탕수육＋볶음밥2＋음료 500mL＋만두） 27,000원, 세트 5（탕수육＋쟁반짜장2＋음료 500mL＋만두） 27,000원, 세트 6（탕수육＋잡채밥2＋음료 500mL＋만두） 28,000원, 세트 7（탕수육＋양장피＋음료 500mL＋만두） 40,000원, 세트 8（탕수육＋깐풍기＋음료 500mL＋만두） 40,000원, 세트 9（탕수육＋팔보채＋음료 500mL＋만두） 40,000원, 세트 10（탕수육＋유산슬＋탕수육＋음료 500mL＋만두） 40,000원, 짬짜면 10,000원, 볶짜면 10,000원, 볶짬면 10,000원, 탕짜면 11,000원, 탕짬면 11,000원, 탕볶밥 11,000원, 우동 8,000원, 짬뽕 8,000원, 간짜장 8,000원, 울면 8,000원, 삼선쟁반짜장 2인 18,000원, 삼선간짜장 10,000원, 삼선우동 10,000원, 삼선짬뽕 10,000원, 차돌짬뽕 10,000원, 물 냉면 10,000원"
1925236191,일미양꼬치,35.1754148848276,126.913740842012,062-267-0333,전남광주통합특별시 북구 호동로 13-6,음식점 > 중식 > 양꼬치,False,"볶음밥 5,000원, 고급양갈비(250g) 20,000원, 향라대하 20,000원, 어향육슬 18,000원, 꿔보러우 16,000원"
470335320,탕화쿵푸마라탕 전대점,35.1726378567307,126.91255821344245,010-2030-6166,전남광주통합특별시 북구 우치로 60,음식점 > 중식 > 중국요리 > 탕화쿵푸마라탕,False,"[따라올수없는명품.프리미엄]취향저격마라탕 13,000원, [따라올수없는명품.프리미엄]마라샹궈 (소=1~2인) 25,000원, [따라올수없는명품.프리미엄]마라샹궈 (대=3~4인) 40,000원, [따라올수없는명품.프리미엄]꿔바로우 13,000원, 공기밥 1,000원, 햇반 2,000원, 차파이（복숭아맛） 3,000원, 차파이（레몬맛） 3,000원, 빙홍차（레몬아이스티） 3,000원, 빙탕쉐리（배를 얼려서 갈아만든） 3,000원, 제로콜라500mL 3,000원, 콜라 2,000원, 환타 오렌지 2,000원, 환타 파인애플 2,000원, 코코팜 2,000원, 사이다 2,000원, 탐스（사과） 2,000원, 탐스（포도） 2,000원"
953930264,하늘성,35.1792768519525,126.900368467713,,전남광주통합특별시 북구 반룡로 21,음식점 > 중식 > 중국요리,False,"세트1,탕수육+짜장2개+만두+캔콜라 25,000원, 세트2,탕수육+짬뽕2개+만두+캔콜라 27,000원, 세트3,탕수육+짜장1개+짬뽕1개+만두+캔콜라 26,000원, 세트4,탕수육+짜장1개+만두 17,000원, 세트5,탕수육+짬뽕1개+만두 19,000원, 라조육 20,000원, 깐풍기 20,000원, 깐쇼중새우 22,000원, 깐풍육 20,000원, 미니탕수육 10,000원, 매콤왕짜장 10,000원, 매콤왕짜장 곱배기 12,000원, 짜장면 6,500원, 짜장면곱배기 8,500원, 짬뽕 9,000원, 짬뽕곱배기 10,000원, 우동 9,000원, 우동곱배기 10,000원, 간짜장 9,000원, 간짜장곱배기 10,000원, 해물간짜장 13,000원, 해물간짜장곱배기 15,000원, 해물고추간짜장 13,000원, 참이슬후레쉬19세 이상 5,000원, 소주(진로)19세 이상 5,000원, 카스19세 이상 5,000원, 이과두주19세 이상 4,000원, 고량주19세 이상 10,000원, 연태고량주(소)19세 이상 15,000원, 연태고량주(중)19세 이상 25,000원"
112736157,마라미녀 전대점,35.17771190798019,126.90234972942102,010-2143-6662,전남광주통합특별시 북구 설죽로214번길 86,음식점 > 중식 > 중국요리,False,"마라탕 1,800원, 궈바로우(소) 9,800원, 마라샹궈 3,000원, 궈바로우(대) 16,800원, 메보샤 8,000원, 볶음밥 8,000원"
1859068427,이런이궈마라탕 전남대점,35.1741723574794,126.913101060872,062-268-5158,전남광주통합특별시 북구 호동로 4-6,음식점 > 중식 > 중국요리,False,"마라탕（8000원）＋꿔바로우 17,800원, [ 중독적인 ] 마라샹궈(볶음요리) 20,000원, 꿔바로우 소 10,000원, [ 단골's pick ] 마라탕(국물요리) 14,000원, 꿔바로우 대 16,000원, 1인세트(마라탕8000원+꿔바로우) 17,800원, 공기밥 1,000원, 라면사리 2,000원, 콜라（캔） 2,000원, 환타 파인맛（캔） 2,000원, 빙탕설리 3,000원, 중국식 녹차음료 3,000원"
8711642,금룡,35.17811563827888,126.90225373661941,062-524-2282,전남광주통합특별시 북구 반룡로42번길 12,음식점 > 중식 > 중국요리,False,"세트1（탕수육＋짜장2＋군만두＋콜라 500mL） 23,000원, 세트2（탕수육＋짬뽕2＋군만두＋콜라 500mL） 25,000원, 세트3（탕수육＋간짜장2＋군만두＋콜라 500mL） 28,000원, 세트4（탕수육＋볶음밥2＋군만두＋콜라 500mL） 26,000원, 세트5（탕수육＋쟁반짜장＋군만두＋콜라 500mL） 27,000원, 황제쟁반짜장 9,500원, 황제쟁반볶음밥＋짜장 10,500원, 황제사천짬뽕 11,000원, 황제쟁반볶음짬뽕 （국물없음） 11,000원, 황제쟁반사천탕수육 中 31,000원, 황제쟁반사천탕수육 大 36,000원, 황제쟁반잡채밥 10,000원, 황제쟁반해물잡탕밥 17,000원, 황제화이트짬뽕 11,000원, 황제세트1（탕수육＋황제쟁반짜장1인분＋군만두） 23,000원, 황제세트2（탕수육＋황제쟁반짜장2인분＋군만두） 28,000원, 황제세트3（탕수육＋황제사천짬뽕2인분＋군만두） 31,000원, 황제세트4（탕수육＋황제쟁반볶음밥＋짜장 2인분＋군만두） 30,000원, 황제세트5（탕수육＋황제쟁반볶음짬뽕2인분＋군만두） 31,000원, 짜장 7,000원, 우동 8,500원, 짬뽕 8,500원, 간짜장 10,000원, 연태구냥 250ml19세 이상 15,000원, 참이슬19세 이상 4,000원, 카스 프레시 병맥주 500ml19세 이상 4,000원, 잎새주19세 이상 4,000원, 진로이즈백19세 이상 4,000원, 고량주 248mm19세 이상 8,000원, 이과두주 125mL19세 이상 5,000원"
669222344,대주당가,35.1778746451469,126.89964452453,062-463-4577,전남광주통합특별시 북구 반룡로18번길 29,음식점 > 중식 > 중국요리,False,"마라샤브한판 27,000원, 크림새우 16,000원"
1531841123,황후쟁반짜장,35.16988752039389,126.9073130286851,,전남광주통합특별시 북구 서양로 56,음식점 > 중식 > 중국요리,False,"물냉면 11,000원, 비빔냉면 11,000원, 콩물국수 11,000원, 탕수육+콩물국수1+만두+음료 23,000원, 탕수육+콩물국수2+만두+음료 32,000원, 탕수육+물냉면1+만두+음료 23,000원, 탕수육+물냉면2+만두+음료 32,000원, 탕수육+비빔냉면1+만두+음료 23,000원, 탕수육+비빔냉면2+만두+음료 32,000원, 탕수육+물냉면1+비빔냉면1+만두+음료 32,000원, 짜장 7,000원, 짬뽕 9,500원, 간짜장 9,500원, 삼선짜장 12,000원, 삼선짬뽕 12,000원, 삼선우동 12,000원, 차돌짬뽕 14,000원, 황후쟁반짜장(1인) 10,500원, 황후쟁반짜장(2인) 21,000원, 신(辛)왕짜장 12,000원, 황후볶음짬뽕(1인) 12,000원, 황후볶음짬뽕(2인) 24,000원, 황후사천짬뽕 12,000원, 황후화이트짬뽕 12,000원, 황후사천국밥 12,000원, 황후볶음밥 12,000원, 짬뽕밥 9,500원, 참이슬 후레쉬19세 이상 4,000원, 잎새주19세 이상 4,000원, 카스19세 이상 4,000원"
696355561,효자반점 전대직영점,35.1756390403105,126.914614440261,062-267-8808,전남광주통합특별시 북구 호동로 19-14,음식점 > 중식 > 중국요리,False,"육미짜장면 6,500원, 생 바지락 고추짬뽕 9,500원, 고추육미짜장면 8,000원, 마늘차돌짬뽕 11,000원, 불효자짬뽕 10,500원, 쟁반해물짜장 19,000원, 쟁반볶음짬뽕 20,000원, 효볶음밥 8,500원, 효짬뽕밥 9,500원, 순두부짬뽕밥 10,000원, 가마솥 생등김 탕수육 1박스(260g) 15,000원"
12559151,차이나궁,35.1759704601955,126.914218890348,062-251-0153,전남광주통합특별시 북구 호동로43번길 45,음식점 > 중식 > 중국요리,False,"불타는 쟁반자장(1인) 6,000원, 자장면 4,000원, 짬뽕 5,000원, 볶음밥 5,500원, 찹쌀탕수육(소) 11,000원"
2104380651,화궁방마라탕,35.17457492690147,126.91389102573721,,전남광주통합특별시 북구 호동로 10-5,음식점 > 중식 > 중국요리,False,"마라탕 12,000원, 마라샹궈 20,000원, 꿔바로우 (소스따로 안됩니다) 10,000원, 새우볶음밥 7,000원, 코카콜라 350mL 2,000원, 환타파인 350mL 2,000원, 스프라이트 350mL 2,000원, 빙훙차 3,000원, 우룽차 3,000원"
1909694463,푸다회전훠궈,35.1758785272947,126.912963119842,010-8465-3889,전남광주통합특별시 북구 우치로90번길 7-7,음식점 > 중식,False,"회전훠궈-점심 19,900원, 회전훠궈-저녁 22,900원, 회전훠궈-어린이 12,900원"
1449779133,라쿵푸마라탕 광주전남대점,35.1752917570219,126.912981309682,,전남광주통합특별시 북구 우치로90번길 8-4,음식점 > 중식,False,"JMT마라탕 14,000원, 마약마라샹궈 1~2인 20,000원, 꿔바로우 12,000원, 쇼룽보우 8P 10,000원, 꿔바로우 주는 마라탕 19,000원, 소고기 추가 100g 3,000원, 하가우 딤섬 10P 10,000원, 얼린두부 추가 2,000원, 건두부 추가 2,000원, 치즈떡사리 추가 2,000원, 고구마떡사리 추가 2,000원, 메추리알 추가 2,000원, 갑오징어완자 추가 2,000원, 크랩피쉬볼 추가 2,000원, 새우피쉬볼 추가 2,000원, 두부모양피쉬볼 추가 2,000원, 새우꼬치（한마리） 1,000원, 비엔나소시지 추가 2,000원, 옥수수콘소세지 추가 2,000원, 숯불향갈비소세지 추가 2,000원, 분모자 추가 2,000원, 넙적샤브당면 추가 2,000원, 뉴진면（옥수수로만든면）추가 2,000원, 미센（쌀면）추가 2,000원, 당면 추가 2,000원, 생면사리 추가 2,000원, 실타리면 추가 2,000원, 햇반 추가 2,000원, 숙주 추가 2,000원, 배추 추가 2,000원"
449293113,엄마손중국식분식,35.1779176456429,126.903761271172,,전남광주통합특별시 북구 설죽로214번길 111,음식점 > 중식,False,"꿔바로우 锅包肉 2인분 20,000원, 류육단고기요리 溜肉段 2인분 21,000원, 오징어쯔란볶음 孜然鱿鱼 2인분 18,000원, 고추잡채 青椒肉丝配花卷 2인분 17,000원, 피망고기채볶음 青椒肉丝 2인분 16,000원, 마라뼈다귀 麻辣大骨头 2인분 19,000원, 돼지곱창볶음 溜肥腸 2인분 20,000원, 궁바우지딩 宫保鸡丁 2인분 20,000원, 제육쯔란볶음 孜然肉片 2인분 19,000원, 훙사오러우 红烧肉 2인분 20,000원, 삼색야채볶음 地三鲜 2인분 17,000원, 위샹러우쓰볶음 魚香肉絲 2인분 17,000원, 마파두부 麻婆豆腐 2인분 15,000원, 피망감자채볶음 青椒土豆丝 2인분 15,000원, 토마토계란볶음 番茄鸡蛋 2인분 15,000원, 쯔란제육볶음요리와 밥 孜然肉片盖饭 1인분 8,500원, 갈비찜덮밥 排骨肉盖浇饭 1인분 9,000원, 마라뼈다귀와 밥 麻辣大骨盖浇饭 1인분 8,000원, 홍사오러우덮밥 红烧肉盖浇饭 1인분 9,000원, 오이제육요리와 밥 溜肉片盖饭 1인분 8,500원, 궁바우지딩요리와 밥 宫保鸡丁盖饭 1인분 9,000원, 쯔란오징어볶음요리와 밥 孜然鱿鱼盖饭 1인분 8,500원, 위샹러우쓰덮밥 鱼香肉丝盖浇饭 1인분 7,500원, 닭고기카레덮밥 咖喱鸡肉盖浇饭 1인분 8,500원, 카스 韩国啤酒19세 이상 4,000원, 참이슬 후레쉬 韩国烧酒19세 이상 4,000원, 칭따오 青岛19세 이상 6,000원, 설원 林海雪原250ml19세 이상 10,000원, 연태고량주 烟台 500ml19세 이상 20,000원, 설원 林海雪原500ml19세 이상 20,000원"
222777500,태극반점,35.1771464797591,126.897646320559,062-511-5110,전남광주통합특별시 북구 설죽로196번길 3,음식점 > 중식 > 중국요리,False,"짜장 7,000원, 짬뽕 9,000원, 쟁반짜장2人 18,000원, 볶음밥 9,000원, 우동 9,000원, 간짜장 9,000원, 차돌박이짬뽕 12,000원, 불짬뽕 13,000원, 불짜장 11,000원, 고추짬뽕 12,000원, 삼선짬뽕 12,000원, 삼선우동 12,000원, 쟁반짜장3人 24,000원, 왕짜장 10,000원, 공기밥 2,000원, 짜장밥 9,000원, 국밥（짬뽕밥） 9,000원, 차돌박이국밥 12,000원, 김치볶음밥 11,000원, 새우볶음밥 12,000원, 오므라이스 11,000원, 삼선국밥 12,000원, 고추국밥 12,000원, 왕돈까스정식 9,000원, 군만두5개 3,000원, 군만두10개 6,000원, 탕수만두5개 4,000원, 탕수만두 10개 8,000원, 탕수육 22,000원"
1181525217,도야짬뽕 용봉점,35.180639440312,126.903382598383,062-515-0969,전남광주통합특별시 북구 용주로30번길 50,음식점 > 중식 > 중국요리 > 도야짬뽕,False,"도야짬뽕 11,000원, 콩국수 11,000원, 소고기짬뽕 13,000원, 해물짬뽕 13,000원, 해물쟁반짜장 25,000원, 해물쟁반짬뽕!! 27,000원, 청양고추짬뽕 12,500원, 해물백짬뽕 13,000원, 순두부짬뽕 13,000원, 크림짬뽕 13,000원, 마라짬뽕 13,000원, 도야짜장면 8,000원, 간짜장 11,000원, 청양고추짜장 9,500원, 도야볶음밥 11,000원, 불고기잡채밥 13,000원, 크림 마라짬뽕 13,000원, 새우고추짬뽕 13,000원, [청양듬뿍]새우고추짜장 10,000원, [불맛 신메뉴]중화제육덮밥 13,500원, 꼬막 짬뽕 14,000원, 참이슬 후레쉬19세 이상 5,000원, 진로이즈백19세 이상 5,000원, 카스19세 이상 5,000원, 칭따오19세 이상 7,000원, 연태고량주（125ml）19세 이상 15,000원, 연태고량주（250ml）19세 이상 25,000원, 연태고량주（500ml）19세 이상 40,000원, 공부가주19세 이상 25,000원, 이과두주19세 이상 5,000원"
10427755,삼호반점,35.1813077386602,126.901631820617,062-522-3180,전남광주통합특별시 북구 용주로30번길 9,음식점 > 중식 > 중국요리,False,"볶음밥 6,500원, 탕수육(소) 18,000원, 짜장 5,500원, 우동 6,000원, 짬뽕 6,000원, 간짜장 6,000원, 울면 7,000원, 기스면 10,000원, 잡채밥 8,000원, 해물덮밥 10,000원, 삼선짜장 8,500원, 삼선짬뽕 8,500원, 삼선간짜장 8,500원, 잡탕밥 12,000원, 오므라이스 8,000원, 야끼만두 5,000원, 쟁반짜장(2인) 14,000원, 쟁반짜장(3인) 19,000원, 국밥 6,500원, 삼선국밥 10,000원, 육개장 8,000원, 계란탕 15,000원, 잡채 13,000원, 탕수육(중) 22,000원, 탕수육(대) 26,000원, 팔보채 30,000원, 양장피 30,000원, 난자완스 30,000원, 콩물국수(계절메뉴) 8,000원, 떡국(계절메뉴) 8,000원"
604660663,보배반점 중흥점,35.17233366759608,126.91576503259176,062-522-7903,전남광주통합특별시 북구 당뫼로 70-2,음식점 > 중식 > 중국요리 > 보배반점,False,"통오징어짬뽕 16,000원, 해물쟁반짜장 23,000원, 보배간짜장 12,000원, 불고기볶음밥 11,000원, 중화비빔밥 13,000원, 해물백짬뽕 13,000원, 짜장＋탕수육 22,000원, 짬뽕＋탕수육 24,000원, 볶음밥＋탕수육 23,000원, 불고기잡채밥＋탕수육 26,000원, 짜장＋짜장＋탕수육 29,000원, 짜장＋짬뽕＋탕수육 32,000원, 짬뽕＋짬뽕＋탕수육 34,000원, 짜장＋볶음밥＋탕수육 31,000원, 짬뽕＋볶음밥＋탕수육 33,000원, 짜장＋잡채밥＋탕수육 34,000원, 짬뽕＋잡채밥＋탕수육 36,000원, 냉짬뽕 11,500원, 중화냉면 11,500원, [NEW]통오징어짬뽕 16,000원, [NEW]통오징어쟁반짜장 27,000원, 보배짬뽕 10,500원, 해물짬뽕 13,000원, 소고기짬뽕 14,000원, 크림짬뽕 14,000원, [NEW]해장수제비짬뽕 12,000원, 새우고추짬뽕 12,000원, 새우고추짜장 11,000원, 보배짜장면 8,000원, 해물간짜장 12,000원"
1453657934,애상마라탕우육면,35.177266898327,126.913355751853,,전남광주통합특별시 북구 면앙로6번길 68,음식점 > 중식 > 중국요리,False,"애상마라탕 13,000원, 애상마라샹궈 19,000원, 꿔바로우(중) 12,000원, 크림새우(대12마리) 20,000원, 즈란양고기 22,000원, 탄산음료 2,000원, 소고기 볶음면 13,000원, 볶음밥 7,000원, 마라탕세트 麻辣湯套餐（1~2인） 23,000원, 마라탕세트 麻辣湯套餐（2~3인） 34,000원, 마라탕세트 麻辣湯套餐 （ 3~4인 ） 40,000원, 수주육편 25,000원, 마파두부 12,000원, 중국음료 3,000원"
191101836,김정호깐풍기,35.1817993056803,126.904291356223,062-511-7184,전남광주통합특별시 북구 용주로30번길 87,음식점 > 중식 > 중국요리,False,"[감스트도먹고반한]깐풍기 21,900원, [새우와사랑에빠진]깐풍기 24,900원, 치즈볼（3） 3,000원, 갈비만두튀김（4） 3,000원, 김말이 볶아드림（5） 3,000원, 햇반 200g_데워드림 1,500원, 통마늘 튀김 볶아드림 3,000원"
1597621790,중화반점 칭칭,35.1773156470165,126.896248602685,062-512-8288,전남광주통합특별시 북구 운용로95번길 5-6,음식점 > 중식 > 중국요리,False,"짜장면 6,500원, 짬뽕 8,500원, 볶음밥 8,500원, 탕수육 20,000원, 양장피 30,000원, 팔보채 25,000원, 간짜장 8,500원, 해물쟁반짜장1인분 13,000원, 짬뽕국물 3,000원, 탕수육＋짜장1＋만두 18,000원, 탕수육＋짬뽕1＋만두 19,000원, 탕수육＋간짜장1＋만두 19,000원, 탕수육＋우동1＋만두 19,000원, 탕수육＋삼선간짜장1＋만두 22,000원, 탕수육＋볶음밥1＋만두 19,000원, 탕수육＋삼선짜장1＋만두 22,000원, 탕수육＋짬뽕밥1＋만두 19,000원, 탕수육＋잡채밥1＋만두 20,000원, 탕수육＋해물덮밥1＋만두 23,000원, 탕수육＋차돌국밥1＋만두 24,000원, 탕수육＋차돌짬뽕1＋만두 24,000원, 참이슬 후레쉬19세 이상 5,000원, 잎새주19세 이상 5,000원, 진로19세 이상 5,000원, 카스19세 이상 5,000원, 이과두주19세 이상 5,000원, 북경고량주19세 이상 7,000원, 연태고량주（소）19세 이상 15,000원, 연태고량주（중）19세 이상 25,000원, 연태고량주（대）19세 이상 40,000원"
397020354,백두산,35.164656674015,126.90238509442,062-522-2777,전남광주통합특별시 북구 중흥로73번길 9,음식점 > 중식 > 중국요리,False,"짜장 6,500원, 짬뽕 9,000원, 우동 9,000원, 간짜장 9,000원, 울면 9,000원, 불짜장 9,000원, 쟁반짜장 2인 17,000원, 해물볶음짬뽕2인 18,000원, 통큰짜장 12,000원, 삼선홍합짬뽕 13,000원, [NEW] 백두산 볶음밥짜장 10,000원, 알뜰1 25,000원, 알뜰2 26,000원, 알뜰3 25,000원, 알뜰4 27,000원, 알뜰5 28,000원, 알뜰6 28,000원, 알뜰7 29,000원, 알뜰8 30,000원, 알뜰9 28,000원, 알뜰10 28,000원, 알뜰11 29,000원, 알뜰12 27,000원, 삼선짜장 10,000원, 삼선우동 10,000원, 삼선간짜장 10,000원, 삼선울면 10,000원, 삼선짬뽕 10,000원, 삼선왕짜장 11,000원, 삼선왕짬뽕 11,000원"
596883620,마라푸우 상대점,35.1773063686761,126.902438038795,,전남광주통합특별시 북구 설죽로202번길 90,음식점 > 중식 > 중국요리,False,"중국식 셀프 마라탕 6,000원, 마라푸우 마라탕 1人 14,900원, 마라푸우 마라탕 1~2人 18,900원, 마라푸우 마라탕 2~3人 28,900원, 마라푸우 마라샹궈 1~2人 19,900원, 마라푸우 마라샹궈 2~3人 29,900원, 마라푸우 마라샹궈 1人 16,900원, 공기밥 1,500원, 딱:）한입 고추 튀김 5개 3,500원, 딱:） 한입 만두 튀김 10개 3,500원, ®꽉찬속:） 야끼만두 튀김 5개 3,500원, 야채볶음밥 3,500원, 꿔바로우+소스 8,000원, ❤New:） 멘보샤 6p＋칠리소스❤ 7,000원, 중국전:） 수라전 2,500원, 사이다 355mL 2,000원, 팹시콜라 355mL 2,000원, 팹시콜라 1.25L 3,000원, 사이다 1.25L 3,000원, 빙홍차 500mL 3,000원, 차파이복숭아500mL 3,000원, 땅콩소스（즈마장） 700원, 칠리소스 추가 1,000원"
559190141,북경깐풍기,35.17725480122827,126.90109219235177,062-524-8592,전남광주통합특별시 북구 용봉동 1251-8,음식점 > 중식 > 중국요리,False,
1024491681,넘버원마라탕,35.1756244860964,126.914426734671,,전남광주통합특별시 북구 호동로15번길 10,음식점 > 중식 > 중국요리,False,
194154829,상무초밥 용봉점,35.17851079929838,126.89725159041421,062-514-2535,전남광주통합특별시 북구 설죽로 211,"음식점 > 일식 > 초밥,롤",False,"진심 모둠 초밥 (10p) 16,900원, 상무 모둠 초밥 (12p) 24,900원, 대광어, 도미회 (8p) 25,000원, 연어회 (8p) 18,000원, 자부심 모둠 초밥 (10p) 18,900원, 상무 스페셜 초밥 (14p) 28,900원, 스시사시미 정식 30,900원, 새우초밥 3종 (12p) 22,500원, 연어초밥 3종 (12p) 24,500원, 어린이초밥 (8p) 9,900원, 장어초밥 (4p) + 소고기불초밥 (4p) 19,500원, 연어초밥 (4p) + 소고기불초밥 (4p) 18,500원, 활어초밥 (5p) + 소고기불초밥 (4p) 19,500원, 활어초밥 (5p) + 연어초밥 (4p) 19,500원, 연어초밥 (4p) + 참치초밥 (5p) 20,500원, 대광어초밥 1p 2,500원, 대광어지느러미초밥 1p 2,700원, 대광어묵은지초밥 1p 2,700원, 도미초밥 1p 2,700원, 연어초밥 1p 2,500원, 소고기불초밥 1p 2,500원, 장어초밥 1p 3,000원, 간장새우초밥 1p 2,000원, 새우초밥 1p 1,700원, 랍스터새우초밥 1p 2,500원, 소라초밥 1p 2,000원, 갑오징어초밥 1p 2,000원, 날치알초밥 1p 1,800원, 단새우초밥 1p 2,500원, 황새치초밥 1p 3,000원"
8102203,K2,35.172290650905026,126.90512799915454,062-529-5700,전남광주통합특별시 북구 신안동 226-7,"음식점 > 일식 > 돈까스,우동",False,"돈까스 10,000원"
26880620,카츠앤맘,35.17782933424063,126.90266026979381,062-514-7577,전남광주통합특별시 북구 설죽로214번길 93,"음식점 > 일식 > 돈까스,우동",False,"치즈돈가스도시락 9,500원, 옛날돈가스 9,500원, 카레돈가스 9,000원, 냉메밀 6,900원, 돈가스도시락 9,000원, 온메밀 6,900원, 비빔메밀 6,900원, 가쯔오우동 6,900원, 새우튀김우동 7,900원, 김치우동＋공기밥 8,000원, 냉우동 6,900원, 치돈정식 13,900원, 세트（온메밀＋돈가스） 13,900원, 세트（온메밀＋치즈돈가스） 14,900원, 세트（냉메밀＋돈가스） 13,900원, 세트（비빔메밀＋돈가스） 13,900원, 세트（비빔메밀＋치즈돈가스） 14,900원, 세트（냉우동＋돈가스） 13,900원, 세트（냉우동＋치즈돈가스） 14,900원, 세트（알밥＋온메밀） 13,900원, 세트（알밥＋냉메밀） 13,900원, 세트（알밥＋우동） 11,900원, 세트（알밥＋돈가스） 13,900원, 세트（알밥＋치즈돈가스） 14,900원, 세트（알밥＋김치우동） 13,900원, 세트（가쯔오우동＋돈가스） 13,900원, 세트（가쯔오우동＋치즈돈가스） 14,900원, 세트（김치우동＋돈가스） 13,900원, 세트（김치우동＋치즈돈가스） 14,900원, 튀김추가 2,000원"
26481884,미스터초밥왕 전대점,35.1760777081274,126.91293656062,062-431-8859,전남광주통합특별시 북구 우치로100번길 10-6,"음식점 > 일식 > 초밥,롤",False,"모듬초밥 14,500원, 특초밥 16,500원, 생연어초밥 17,000원, 유부초밥 8,000원, 캘리포니아롤 4,300원, 생새우초밥 14,000원, 생연어롤 7,400원, 생연어 크림치즈롤 7,400원, 구운연어롤 7,400원, 새우치즈롤 7,400원, 2인세트A 26,000원, 2인세트B 35,900원, 연어세트 A 24,000원, 연어세트B 34,000원, 프랜즈세트（2~3인） 45,900원, 생연어샐러드 14,500원, 우동샐러드 6,000원"
26841915,미스터초밥 용봉점,35.177353753468424,126.89760105071957,062-526-8898,전남광주통합특별시 북구 설죽로 200,"음식점 > 일식 > 초밥,롤",False,"프리미엄 A 세트 33,000원, 프리미엄B 세트 35,000원, 특모둠초밥 24,900원, 특선초밥 20,900원, 활어(광어,도미) 초밥 21,500원, 스테이크초밥 21,000원, 미스터초밥 스페셜 130,000원, 모둠 초밥 16,900원, 냉모밀정식세트 21,500원, 물회정식세트 26,500원, 튀김 우동 세트 24,500원, 야끼우동 세트 23,000원, 매운구운초밥세트 19,000원, 미스터초밥 정식 80,000원, 미니우동 700원, 미니 냉모밀 700원, 리뷰튀김 1,000원, 랜덤음료 1,000원, 미니 물회 1,500원, 미니 회 비빔밥 1,500원, 활어(광어만) 초밥 20,500원, 연어초밥 20,000원, 연어구이초밥 20,000원, 참치 초밥 25,500원, 소라초밥 18,500원, 새우초밥 16,000원, 장어 초밥 21,000원, 유부초밥 10,000원, 스테이크, 활어반반초밥 4P／4P 19,500원, 스테이크, 연어 반반초밥 4P／4P 20,500원"
16426670,까동,35.1780075744645,126.904639416727,,전남광주통합특별시 북구 설죽로214번길 129,"음식점 > 일식 > 돈까스,우동",False,"해물라면 6,000원, 돈가스 8,000원, 치즈롤가스 9,900원, 치즈품은돈가스 9,900원, 돈가스카레 9,000원, 치즈롤카레 9,900원, 치즈품은카레 9,900원, 우동 5,000원, 메밀소바 6,000원"
1874097305,라멘키노리,35.1750622611053,126.913470064074,062-265-7920,전남광주통합특별시 북구 호동로 9-1,음식점 > 일식 > 일본식라면,False,"토리파이탄 10,500원, 카라파이탄 10,500원, 마제소바 10,000원"
16195787,다다 전대점,35.17403981851535,126.91431093473722,062-269-7789,전남광주통합특별시 북구 서방로9번길 12,"음식점 > 일식 > 초밥,롤",False,"새우초밥 8,000원, 모듬초밥 10,000원, 등심 수제 돈까스+월남쌈 (4pcs)+샐러드 10,000원, 월남쌈 (4pcs) 3,000원, 연어쌈 (1pcs) 2,000원"
1135174500,산카쿠 광주본점,35.1722384233247,126.911138169472,0503-7152-1706,전남광주통합특별시 북구 용봉로138번길 24,음식점 > 일식 > 일본식라면,False,"카라이 산카쿠라멘 9,500원, 라멘 세트 9,900원, 산카쿠라멘 8,900원, 니꾸우동 8,900원, 미소 돈코츠 8,900원, 카라이 미소 돈코츠 9,500원, 들깨크림우동 9,500원, 카케우동 7,500원, 유부우동 8,500원, 참깨마요 냉우동 10,500원, 우동 세트 8,900원"
27271466,전대별식,35.1755869515667,126.91361112198284,,전남광주통합특별시 북구 우치로90번길 17,음식점 > 일식,False,"사케동 14,000원, 매콤돈토로동 11,500원, 새우장덮밥 12,000원, 뱃살사케동 15,000원, 별식삼계탕 15,000원, 반반사케동 14,000원, 돈토토동 11,000원, 규동 10,000원, 매콤규동 10,500원, 믹스가츠동 11,000원, 가츠동 9,500원, 매콤가츠동 10,000원, 에비동 9,500원, 생연어초밥(4p) 9,500원, 생연어초밥(8p) 18,000원, 생연어불초밥(4p) 9,500원, 생연어불초밥(8p) 18,000원, 연어사시미 22,000원, 연어샐러드 19,000원, 데리야끼연어덮밥 14,000원, 야키토리쥬 10,000원, 매콤야끼토리 10,500원, 콘포트라멘 8,500원, 매운돈코츠라멘 9,000원, 새우튀김우동 6,500원, 냉우쌈샐러드 13,000원, 연어냉우동샐러드 15,000원, 치킨가라아게 6,000원, 에비후라이(2p) 4,000원, 에비후라이(3p) 6,000원, 감자고로케(2p) 3,000원, 감자고로케(3p) 4,500원"
1716729568,소코아 전대점,35.1736597912006,126.913528633392,070-7580-2588,전남광주통합특별시 북구 서방로 3,음식점 > 일식,False,
1862857716,후토후토 전남대점,35.1757169624831,126.91265481481534,062-710-4009,전남광주통합특별시 북구 우치로 92-1,음식점 > 일식,False,"[당일 손질 숙성] 생연어 후토마키 14,900원, (하루한정)육회 후토마키 14,900원, [당일 손질 숙성]특 생연어 후토마키 17,900원, [치즈러버들 원픽] 치즈덮은 후토마키 14,900원, [스트레스 해소 직빵]불닭 후토마키 11,900원, [통으로들어간]치킨 후토마키 김밥 11,900원, [믿고먹는 맛]고소 참치 후토마키 김밥 12,000원, [기력회복 만땅]장어 후토마키 15,900원, [부드러움의끝]크래미 후토마키 10,900원, [살이 찔 수가 없어] 생연어 그린 키토마키 15,500원, [다이어트 최고] 고소 참치 그린키토마키 13,000원, [칼로리와 영양까지] 장어 그린 키토마키 16,500원, [식단관리] 크래미 그린 키토마키 10,900원, [꾸준한 인기] 치킨 그린 키토마키 13,000원, [식단관리 최고] 메밀 소바마키 10,500원, [맛과건강 한번에] 연어 소바마키 15,400원, [건강 영양 한번에] 장어 소바마키 15,500원, [혼밥 최고] 1인세트 13,500원, [실속 세트] 후토 A세트 33,900원, [맛과 가성비 최고] 후토 B세트 34,900원, 연어 부빔밥 12,500원, 육회 부빔밥 11,500원, 불닭부빔밥 10,000원, 참치 부빔밥 10,500원, 크래미 부빔밥 10,000원, 장어 부빔밥 13,500원, [파스타 전문 매장 맛] 매콤 새우 크림 파스타 13,000원, [파스타 전문 매장 맛] 매콤 베이컨 크림파스타 13,000원, [양과 가성비 갑] 우동 7,900원, [해장 직빵] 매콤우동 8,900원"
1727202511,마카나이 전대점,35.1756021758965,126.913472785321,062-251-0154,전남광주통합특별시 북구 우치로90번길 15,음식점 > 일식 > 일본식라면,False,"(해장직빵) 매운 돈코츠라멘 11,000원, 매운 두툼차슈라멘 13,000원, 돈코츠라멘 11,000원, 두툼차슈 라멘 13,000원, (야~들야들한) 햄라멘 11,500원, (나고야 명물) 나고야라멘 11,000원, (감칠맛) 마제소바+밥 반공기 11,000원, (고소칼칼) 탄탄멘 11,000원, 미니야끼차슈밥+포뇨햄라멘 16,000원, 차슈덮밥 11,000원, (든든메뉴) 가츠동 11,000원, (나고야 명물) 미소카츠덮밥 11,500원, 규동 11,000원, 삼겹살 덮밥 11,500원, (일본식) 돈가스카레 11,500원, 가라아게카레 11,500원, 두툼차슈 카레 11,500원, 구운 차슈 1장 3,000원, 생면추가 1인분 3,000원, 숙주추가 1,500원, 계란 완숙 1,500원, 목이버섯추가 1,000원, 야끼차슈밥 4,500원, 등심 돈가스 6,000원, 야끼교자 4,500원, 가라아게5개 4,000원, 공기밥 1,000원, 볶음 김치 추가 1,000원, 콜라 355mL 2,000원, 스프라이트 355mL 2,000원"
2048336778,초밥마을,35.1738533480661,126.913200198603,062-268-3601,전남광주통합특별시 북구 우치로 72,"음식점 > 일식 > 초밥,롤",False,"초밥마을 득템 메뉴 100원, [전국최저가] 오징어물회 + 소면 13,900원, [싱싱한활어] 광어물회 + 소면 16,900원, [재주문1위]모듬초밥 10p 12,900원, [가성비] 특선 초밥 16,500원, 초특선 초밥 19,500원, 어린이초밥 세트 8,900원, 오마카세 초밥 10p 21,900원, 오마카세 스페셜초밥 12p 25,900원, 오마카세 프리미엄초밥 13p 28,900원, 광어 초밥 8p 16,500원, 연어 초밥 (8p) 15,500원, 연어 불초밥 8p 16,500원, 스테이크 초밥 8p 16,500원, 참치 초밥 8p 17,500원, 민물장어 초밥 8p 18,500원, 생새우 초밥 8p 14,900원, 간장새우 초밥 8p 15,500원, 초새우 초밥 10p 12,900원, 매운 초새우초밥 10p 13,900원, 뿔소라 초밥 10p 16,500원, 매운 뿔소라초밥 10p 17,500원, 참다랑어뱃살 초밥 8p 38,900원, 게맛살 초밥 10p 9,900원, 계란 초밥 10p 9,900원, 유부 초밥 10p 8,500원, 광어4p+연어4p 16,500원, 광어4p+참치4p 16,900원, 연어4p+참치4p 16,900원, 스테이크4p+민물장어4p 17,500원"
15706607,행복한혼끼 전대본점,35.1762254041675,126.91276075666,,전남광주통합특별시 북구 우치로 98-3,음식점 > 일식 > 일본식라면,False,"쇼유라멘 7,500원, 돈코츠 라멘 8,000원, 매운동코츠라멘 8,000원, 카라미소라멘 8,000원, 난니꾸라멘 8,500원"
19382323,타카라카레,35.1756322046542,126.91387124858575,,전남광주통합특별시 북구 우치로90번길 21,음식점 > 일식,False,"야끼카레 8,900원, 가츠동 6,900원, 새우튀김 오뎅우동 6,200원, 오뎅우동 5,100원, 반반카레우동 6,500원, 고추카레우동 5,500원, 36시간 매콤카레 5,900원, 72시간 크림카레 5,900원, 반반카레 6,900원, 새우크림카레 8,900원, 크림카레파스타 6,900원, 매콤카레우동 5,900원, 김치얼큰우동 4,900원, 김치얼큰 오뎅우동 5,600원, 김치얼큰 새우튀김우동 6,700원, 김치얼큰오뎅 새우튀김우동 7,400원, 경양식돈까스 정식 8,900원, 눈꽃치즈돈가스 정식 11,400원"
1785316555,정동 전대점,35.1756476501372,126.914043584196,,전남광주통합특별시 북구 우치로90번길 25,"음식점 > 일식 > 돈까스,우동",False,"숯불규카츠 18,500원, 숯불로스카츠 13,000원, 숯불히레카츠 14,000원, 정통치즈카츠 14,500원, 숯불모드카츠 17,000원, 사사미카츠(닭인심) 7,900원, 숯불특로스가즈(한정) 15,000원, 숯불경양식순한맛 12,900원, 정통경양식매운맛 12,900원, 카레경양식순한맛 12,900원, 카레경양식매운맛 12,900원"
344257355,후토루 전대점,35.1744845410307,126.913539835548,0507-1306-1735,전남광주통합특별시 북구 호동로 6-3,음식점 > 일식 > 후토루,False,"연어후토마키 14,900원, 소바후토마키 9,500원, 샐러드후토마키 9,500원, 우엉후토마키(소스X) 8,900원, 지단후토마키(소스X) 8,900원, 핫도그후토마키 9,500원, 참치 후토마키 9,500원, 연어 그린 키토 15,900원, 샐러드 그린 키토 10,500원, 핫도그 그린 키토 10,500원, 텐더 그린 키토 10,500원, 참치 그린 키토 10,500원, 직접만든 치즈 돈가스 10,900원, 사이다 2,500원, 콜라 2,500원, 제로콜라 2,500원"
1809593474,오늘하루가 전대후문점,35.1752943791917,126.914129582733,,전남광주통합특별시 북구 호동로 15-1,음식점 > 일식,False,"[주문폭주] 연어사시미 22,900원, [인기만점] 고추장육회 22,900원, [위대한탄생] 연육참 34,900원, [오직연어] 연어플래터 34,900원, 치킨가라아게 19,800원, 양념치킨 20,900원, 오돌뼈볶음 21,900원, 무뼈닭발볶음 22,900원, 피카츄돈까스 2,000원, [제육x돈까스] 소울세트 14,500원, [씬스틸러] 유부초밥세트 13,500원, [가성비甲] 덮밥세트 13,500원, [쓱싹한끼] 비빔밥세트 13,500원, [뜨끈뜨끈] 우동세트 12,000원, [냉면홀릭] 냉면세트 13,500원, 하루가 유부초밥 4p 11,000원, 돈까스덮밥 11,000원, 제육덮밥 11,500원, 쭈삼덮밥 11,500원, 참치비빔밥 11,000원, 생연어비빔밥 12,500원, 육회비빔밥 12,500원, 참치마요덮밥 11,000원, 참이슬 후레쉬19세 이상 3,500원, 진로19세 이상 3,500원, 새로19세 이상 3,500원, 잎새주19세 이상 3,500원, 카스19세 이상 3,500원, 테라19세 이상 3,500원, 청하19세 이상 4,500원"
191704303,백소정 전남대점,35.1754945223068,126.914188652437,010-4040-1213,전남광주통합특별시 북구 우치로90번길 28,음식점 > 일식,False,"마제소바 10,900원, 돈카츠(등심카츠) 11,500원, 모짜렐라치즈카츠 (4pcs) 13,500원, 오꼬노미카즈 13,500원, 체다치즈카츠 13,500원, 에비텐모듬카츠 14,500원, 치즈모듬카츠 14,500원"
1926578052,길성유부,35.1785895849978,126.912652839844,062-266-1202,전남광주통합특별시 북구 우치로126번길 8,"음식점 > 일식 > 초밥,롤",False,"참치마요유부 4,900원, 볶음김치유부 4,900원, 탕수육 6,000원, 라면 4,000원, 푸짐세트(2~3인) 19,900원, 길성유부 4,500원, 순대 4,500원, 오뎅 3,500원, 반반유부 4,900원, 길성세트(1~2인) 12,900원, 간단세트(1~2인) 15,900원"
1088450966,맛드림홍게우동집 전남대중흥점,35.1702529182046,126.910167758378,062-512-7770,전남광주통합특별시 북구 우치로27번길 13,"음식점 > 일식 > 돈까스,우동",False,"홍게우동 6,400원, 볶음우동 9,900원, 홍게내장크림우동 9,400원, 홍게내장볶음밥 9,900원, 모짜렐라돈까스정식 9,400원, 모듬튀김세트（소） 5,000원, 모듬튀김세트（중） 11,500원, 강추모듬튀김 6,000원, 피카츄 돈까스 4,500원, 우동＋피카츄 돈까스 10,400원, [여름별미]판모밀＋돈까스（밥이랑 샐러드는 안나갑니다） 13,500원, 우동＋돈까스 12,900원, 우동＋돈까스정식（200g） 14,500원, 우동＋볶음알밥 15,500원, [별미]판모밀（마른모밀） 7,500원, 홍담튀김우동 7,900원, 뚝배기김치우동 7,900원, 김치어묵우동 8,900원, 홍담진짬뽕 8,900원, 명란크림우동 9,400원, 김치치즈볶음밥 8,400원, 꼬막비빔밥 9,900원, 홍담짬뽕밥 8,900원, 명란볶음밥 9,900원, 볶음알밥 9,400원, 불고기샐러드김밥 5,000원, 새우튀김샐러드김밥 6,000원, 김치샐러드김밥 5,000원, 소주19세 이상 4,500원, 맥주19세 이상 4,500원"
703648105,돈부리가게,35.1779563113815,126.903644857344,,전남광주통합특별시 북구 설죽로214번길 109,"음식점 > 일식 > 돈까스,우동",False,"친구세트A 23,000원, 친구세트B 23,000원, 더블가쯔동 8,500원, 더블치킨동 8,500원, 믹스동 7,000원, 가쯔동 6,000원, 치킨동 6,000원, 에비동 6,000원, 오야꼬동 6,000원, 치즈가쯔동 7,500원, 치즈치킨동 7,500원, 치즈에비동 7,500원, 치즈믹스동 8,500원, 갈비제육동 7,000원, 등심까스 6,000원, 치킨까스 6,000원, 모듬까스 7,500원, 돈까스카레 6,500원, 치킨까스카레 6,500원, 새우튀김카레 6,500원, 모듬까스+미니카레 9,500원, 새우튀김 유부우동 6,500원, 새우튀김 김치우동 6,500원"
1678288128,동명카츠 중흥점,35.1699662273108,126.911310786063,062-525-9253,전남광주통합특별시 북구 우치로 28,"음식점 > 일식 > 돈까스,우동",False,"진짜 생등심 돈까스 1장（소스 미포함） 5,400원, 치즈 돈까스 1장（소스 미포함） 6,400원, 두툼 생 안심돈까스（2ps）소스 미포함 7,400원, 치킨 순살까스（4ps）소스 미포함 5,500원, 생선커틀렛（1ps） 4,000원, 왕새우튀김（1ps） 2,000원, 등심도시락 10,000원, 안심도시락 12,000원, 치즈도시락 11,000원, 고구마치즈도시락 11,000원, 더블 치즈 돈까스 1장（소스미포함） 7,400원, 고구마 치즈 돈까스 1장（소스미포함） 6,400원, 왕새우튀김（3ps） 5,000원, 등심카츠 3장(소스 미포함) 15,200원, 안심카츠 6장(소스 미포함) 21,200원, 고추송송고기말이（4ea） 3,000원, 롱치즈스틱 2,000원, 신선（양배추）야채샐러드 4,000원, 공기밥 1,000원, 피클 1,000원, 돈까스 소스 1,000원, 타르타르소스 1,000원, 콜라 캔 355mL 2,000원, 콜라 500mL 2,500원, 칠성사이다 캔 355mL 2,000원, 칠성사이다 500mL 2,500원"
1027417747,면식당 전남대점,35.17623070226649,126.91260815810247,062-710-7726,전남광주통합특별시 북구 우치로 98-1,음식점 > 일식 > 면식당,False,"면종류 1 + 카츠half + 음료 1세트 16,800원, 면종류 택1 + 미니덮밥 1 + 음료 1+ 세트 15,900원, [푸짐]2인 세트 (메인메뉴2 + 미니부타동 2 + 음료1) 29,800원, [밥심] 카츠 1 + 미니덮밥 1 + 음료 1 세트 17,000원, [완벽] 덮밥 1 + 사이드 1 + 음료 1 세트 16,500원, 돈코츠라멘 10,500원, [해장] 매운 돈코츠라멘 11,000원, [토핑가득] 산더미 돈코츠라멘 15,500원, 에비돈코츠라멘 11,900원, [깔끔] 소유라멘 9,900원, [토핑가득] 산더미 소유라멘 15,500원, '마라' 돈코츠라멘 10,900원, [토핑가득] 산더미 마라돈코츠라멘 16,500원, 카레멘 + 미니밥 11,400원, [해장] 샤브쌀국수 10,900원, [해장] 매운 샤브 쌀국수 11,500원, '마라' 샤브 쌀국수 11,900원, 사누끼어묵우동 9,500원, 얼큰김치우동 9,900원, [일본식 비빔면] 마제소바+미니밥 10,900원, 카제소바+미니밥 11,500원, 냉소바 (살얼음) 10,000원, 비빔소바 9,900원, [new]물비빔소바 11,500원, 들기름소바 10,900원, [두툼] 수제등심카츠 11,000원, 치즈듬뿍 모짜치즈돈카츠 13,000원, 매운 파 돈카츠 12,000원, 더블 체다 카츠 12,400원, 반반카츠 12,400원"
1437375872,텐진야끼니꾸 용봉점,35.1781572927552,126.89599064425,062-531-1011,전남광주통합특별시 북구 용봉택지로 86,음식점 > 일식 > 일식집,False,"갈비살(120g) 15,000원, 부채살(120g) 17,000원, 특상부채살(120g) 19,000원, 안창살(120g) 20,000원, 꽃갈비살(120g) 25,000원, 채끝등심(150g) 25,000원, 상우설(100g) 20,000원, 우설(100g) 16,000원, 아카미소특양구이우설(150g) 18,000원, 아카미소대창구이(150g) 18,000원, 테루야끼(소꼬리구이)(150g) 18,000원, 미소염통구이(150g) 10,000원, 미수지(낙엽살)(120g) 20,000원, 자부동(꽃살치살)(100g) 25,000원, 항아리숙성갈비(150g) 18,000원, 갈릭안창살(120g) 20,000원, 모츠나베(1~2인) 14,000원, 나가사끼짬뽕 20,000원, 매운홍합짬뽕 20,000원, 해물오뎅탕 20,000원"
21223583,얌얌 전대상대점,35.177906025647,126.90388423993,062-523-7075,전남광주통합특별시 북구 설죽로214번길 115,"음식점 > 일식 > 돈까스,우동",False,"하프돈까스 5,000원, 김치도리아 6,000원, 왕생돈까스 7,000원, 매콤돈까스 5,500원, 치즈돈까스 6,500원, 치킨까스 5,500원, 치즈철판돈까스 7,000원, 돈 크림스파 7,000원, 왕매콤생돈까스 7,500원, 매돈 스파 7,500원, 매돈크림스파 7,500원, 매돈 로제스파 7,500원, 치즈스파게티 6,000원, 칩오므라이스 4,500원, 하우스오므라이스 5,000원, 모찌렐라오므 5,500원, 제육오므 5,500원, 까르보나라오므 6,000원, 돈까스오므 6,000원, 목살김치찌개 5,000원, 라면김치찌개 5,000원, 돈까스리면찌개 6,500원, 진라면 3,300원, 치즈라면 3,800원, 날치일김치무쇠 5,000원, 치즈김치무쇠 5,500원, 제육철판 5,000원, 치즈제육철판 6,000원, 매콤돈까스덮밥 5,500원, 매콤돈마요덮밥 5,800원, 돈까스크림키레덮밥 6,500원, 날치일덮밥 4,500원"
16980164,마니마니 전대상대점,35.1775635735738,126.90283404033742,062-434-6765,전남광주통합특별시 북구 설죽로202번길 100,"음식점 > 일식 > 돈까스,우동",False,"가마솥제육볶음밥 4,500원, 라돼지철판볶음밥 5,000원, 등심수제돈가스 6,500원, 마니 오므라이스 5,000원, 등심수제왕돈가스 7,500원, 치즈돈가스 7,000원, 고구마치즈돈가스 7,000원, 새우튀김(3p)오므라이스 5,500원, 베이컨까르보나오므라이스 6,500원, 토마토치즈스파게티 6,500원, 베이컨까르보나스파게티 6,500원, 베이컨로제스파게티 6,500원, 철판참치김치볶음밥 5,000원, 참치비빔밥 4,500원, 날치알비빔밥 5,000원, 참치돌솥밥 5,500원, 날치알돌솥밥 6,000원, 치즈돌솥밥 6,000원, 라면 3,500원"
882000346,미카도스시 광주용봉점,35.1781560762905,126.896675683197,062-461-0402,전남광주통합특별시 북구 용봉택지로 94,"음식점 > 일식 > 초밥,롤 > 미카도스시",False,
1910174796,덮밥장사장 전남대점,35.1753768666124,126.913514739662,062-269-2800,전남광주통합특별시 북구 우치로90번길 16,음식점 > 일식,False,"매콤 부타동 9,400원, 장사장 야끼규동 10,400원, 매콤 돈토로동 11,400원, 장사장 부타동 9,400원, 장사장 야끼도리동 9,400원, 매콤 야끼도리동 9,400원, 돈토로동 11,400원, 소유 에비동 11,400원, 사와라동 11,900원, 소시지 카레 10,900원, 카키아게 카레 10,400원, 에비후라이 카레 10,900원"
166017208,숙성돈까스전문점백돈 광주용봉점,35.1775673386598,126.898629429391,062-512-2236,전남광주통합특별시 북구 설죽로202번길 17,"음식점 > 일식 > 돈까스,우동",False,
1388821146,만배식탁 광주전남대점,35.1756603827106,126.91420384711,,전남광주통합특별시 북구 호동로15번길 9,음식점 > 일식 > 일본식라면,False,"차슈덮밥 12,500원, 스테이크덮밥 12,500원, 매운만배라멘 9,500원, 육회덮밥 10,900원, 제육덮밥 9,500원, 닭갈비덮밥 9,500원, 김치대패삼겹덮밥 9,900원, 간장대패삼겹덮밥 9,900원, 돈까스덮밥 9,500원, 치킨마요덮밥 9,500원, 스팸마요덮밥 9,500원, 매운만쁘라멘 9,500원, 김치돈까스나베 12,500원, 부대찌개면 9,500원, 새우튀김냉소바 9,500원, 만배라멘 9,500원"
1767025820,정성카츠 광주용봉직영점,35.180639440312,126.903382598383,0507-1362-4313,전남광주통합특별시 북구 용주로30번길 50,"음식점 > 일식 > 돈까스,우동 > 정성카츠",False,"로스카츠 정식 13,900원, 항정카츠정식 15,900원, 김치치즈나베 14,900원, 정성모듬카츠 정식 14,900원, 정성 함바그 정식 12,900원, 히레카츠 정식 13,900원, 특로스카츠 정식 14,900원, 왕돈까스 정식 14,900원, 경양식왕돈까스 정식 14,900원, 치즈듬뿍카츠 정식 14,900원, 고구마치즈카츠 정식 15,900원, 고구마치즈(2p)+치즈카츠(2p) 정식 15,400원, [辛]매운돈까스정식 14,900원, 트리플 모듬카츠 정식 15,900원, 특로스카츠정식: 14,900원, 특로스카츠 (노컷팅불가) 11,900원, 치즈듬뿍카츠(2p) 6,900원, 치즈듬뿍카츠(4p) 11,900원, 고구마치즈카츠(2p) 7,400원, 고구마치즈카츠(4p) 12,900원, 로스카츠미니 5,900원, 로스카츠 9,900원, 히레카츠(4p) 6,900원, 히레카츠(8p) 11,900원, 우동+카츠단품 14,500원, 살얼음냉모밀+카츠단품 14,500원, 쫄면or비빔만두+카츠단품 14,500원, 파스타+카츠단품 16,500원, 카츠정식&우동세트 22,400원, 카츠정식&모밀세트 22,400원"
765437340,가인초밥,35.1774674165007,126.91394067036,,전남광주통합특별시 북구 우치로110번길 27,음식점 > 일식,False,"리뷰 이벤트 500원, 가인 특선 18,500원, 가인모둠 14,000원, 가인특모둠 21,000원, 커플 세트 36,000원, 혼밥 세트 18,000원, 돈까스정식 18,000원, 냉우동 정식 18,000원, 냉모밀정식 18,000원, 어묵우동 정식 18,000원, 내맘대로 반반초밥 10p 8,000원, 활어초밥 10P 20,000원, 매운소라 8P 16,000원, 스테이크초밥 8P 17,000원, 연어초밥 8P 17,500원, 간장새우 8P 16,500원, 민물장어 8P 19,500원, 특참치초밥 10P 22,000원, 구운매운연어 8P 17,500원, 소라 8P 15,000원, 활어4P ＋ 연어4P 18,000원, 활어4P ＋ 간장새우4P 17,500원, 활어4P ＋ 참치4P 18,000원, 스테이크4P ＋ 연어4P 17,000원, 스테이크4P ＋ 민물장어4P 18,000원, 매운소라4P ＋ 간장새우4P 16,000원, 매운소라4P ＋ 소라4P 15,500원, 생새우4P ＋ 간장새우4P 16,000원, 카스19세 이상 5,000원, 참이슬 후레쉬19세 이상 4,000원"
2132855758,젠키,35.1770778648259,126.898585027161,,전남광주통합특별시 북구 설죽로196번길 27,음식점 > 일식,False,
219157523,잭슨식탁,35.1752398776852,126.911049276904,062-511-7405,전남광주통합특별시 북구 용봉로 77,음식점 > 일식,False,
502788605,오이시코코로,35.1691613380939,126.910119562607,,전남광주통합특별시 북구 서양로 82,음식점 > 일식,False,
169381781,정지현 메밀소바,35.1784934478094,126.899127788165,062-522-3434,전남광주통합특별시 북구 설죽로214번길 25,음식점 > 일식,False,"냉메밀（카케소바） 9,000원, 판메밀（자루소바） 9,000원, 고기만두 8pcs 4,500원, 김치만두 8pcs 4,500원, 냉모밀1인세트 12,500원, 판모밀1인세트 12,500원, 계란찜 3,000원, 날치알주먹밥 4,000원, 공기밥 1,500원, 콜라 500ml 1,500원, 콜라 1.25L 2,500원, 사이다 500ml 1,500원, 사이다 1.25L 2,500원"
709152508,팔레트,35.172311316291946,126.91221387334076,062-511-8484,전남광주통합특별시 북구 우치로 56,음식점 > 양식 > 이탈리안,False,"로제감베리파스타 15,000원, 스테이크와송로버섯리조또 17,000원, 프로슈토와 루꼴라의 페이스트리 피자 19,000원, 비프샐러드 14,000원, 팔레트 파스타 13,000원, 라자냐라구 18,000원, 페스카토레 파스타 14,000원, 아라비아따 비프 파스타 15,000원, 콰트로 풍기 파스타 15,000원, 오징어먹물 리조또 15,000원, 고를곤졸라 페이스트리 피자 17,000원, 안심 스테이크 27,000원, 치킨시저샐러드 13,000원, 카프레제 샐러드 12,000원, 오리엔탈 찹스테이크 19,000원, 해산물 볶음 16,000원, 뻬세 16,000원"
14722719,도스마스 전남대점,35.177707815184746,126.90286460738676,070-4306-9033,전남광주통합특별시 북구 설죽로214번길 94,"음식점 > 양식 > 멕시칸,브라질",False,"닭고기부리또 7,500원, 섞어서（소＋닭）부리또 8,000원, 소고기부리또 9,000원, 텐더부리또 8,000원, 닭고기부리또＋음료set 9,000원, 섞어서（소＋닭）부리또＋음료set 9,500원, 소고기부리또＋음료set 10,500원, 텐더부리또＋음료set 9,500원, 닭고기부리또＋음료＋감자튀김set 11,500원, 섞어서（소＋닭）부리또＋음료＋감자튀김set 12,000원, 소고기부리또＋음료＋감자튀김set 13,000원, 텐더부리또＋음료＋감자튀김set 12,000원, 감자튀김 4,000원, 새우튀김 3마리 4,000원, 어니언 링 3,000원, 콜라 355mL 1,500원, 사이다 355mL 1,500원, 탐스쥬시오렌지 355mL 1,500원, 펩시제로 355mL 1,500원, 탐스제로파인애플 355mL 1,500원, 생수 1,000원"
20458935,로니로티 광주전남대점,35.175761348652,126.914223501149,062-267-0203,전남광주통합특별시 북구 호동로15번길 13,음식점 > 양식 > 이탈리안,False,"목살 스테이크 샐러드S 16,900원, 오이스터 크림 스파게티S 11,900원, 베이컨까르보나라S 10,900원, 해산물 야끼 필라프S 11,900원, 오이스터 크림 리조또S 11,900원, 목살스테이크샐러드M 26,900원, 함박스테이크샐러드S 15,900원, 오이스터크림스파게티M 17,900원, 로제 쉬림프 파스타S 12,900원, 로제쉬림프파스타M 18,900원, 치킨 크림 스파게티S 10,900원, 치킨크림스파게티M 16,900원, 해산물토마토 스파게티S 10,900원, 해산물토마토스파게티M 16,900원, 베이컨까르보나라M 16,900원, 목살 버섯 필라프S 10,900원, 목살버섯필라프M 16,900원, 새우 필라프S 9,900원, 새우필라프M 15,900원, 갈릭삼겹살 필라프S 10,900원, 갈릭삼겹살필라프M 16,900원, 해산물야끼필라프M 17,900원, 김치 필라프S 8,900원, 김치필라프M 14,900원, 로제 쉬림프 리조또S 12,900원, 로제쉬림프리조또M 18,900원, 치즈 볼로네제 리조또 13,900원, 함박스테이크리조또 15,900원, 오이스터크림리조또M 17,900원, 해산물 토마토 리조또S 10,900원"
13035628,피자스쿨 광주전대정문점,35.17143580372681,126.90466904491362,062-511-7666,전남광주통합특별시 북구 자미로 64,음식점 > 양식 > 피자 > 피자스쿨,False,"프리미엄스테이크피자 17,900원, 콘치즈피자 12,900원, 치즈피자 10,900원, 페퍼로니피자 11,900원, 고구마피자 12,900원, 콤비네이션피자 12,900원, 핫치킨피자 12,900원, 불고기피자 13,900원, 포테이토피자 13,900원, 나폴리피자 14,900원, 고르곤졸라피자 14,900원, 까르보네피자 14,900원, 아이리쉬포테이토피자 14,900원, 더블갈릭바베큐피자 15,900원, 비프퀘사디아피자 15,900원, 야채퀘사디아피자 15,900원, 트러플머쉬룸피자 15,900원, 직화파인애플피자 15,900원, 치킨퀘사디아피자 15,900원, 트러플포테이토피자 15,900원, 깐쇼새우피자 16,900원, 닭안심살피자 16,900원, 불닭고구마피자 15,900원, 오지치즈포테이토피자 16,900원, 도이치바이트피자 16,900원, 멕시칸바이트피자 16,900원, 직화홀릭바이트피자 16,900원, 미트러버피자 17,900원, 크림치즈볼 4,900원, 새우링 5,900원"
86220365,스테이,35.1739026139776,126.914031150065,062-412-7882,전남광주통합특별시 북구 서방로9번길 7,음식점 > 양식 > 이탈리안,False,"명란바질오일파스타 15,000원, 통베이컨로제리조또 17,000원, 해물오징어먹물리조또 15,000원, 페퍼로니피자 18,000원, 해물오일파스타 14,000원, 차돌미소크림파스타 16,000원, 베이컨크림파스타 12,500원, 킹새우로제파스타 16,000원, 새우베이컨토마토파스타 13,500원, 킹새우바질크림리조또 16,000원, 트리플치즈피자 17,000원, 수제등심돈까스 13,000원, 통치즈돈까스 14,000원, 큐브스테이크시저샐러드 19,000원, 토마토카프레제 15,000원"
2118817647,깁미타코 전대점,35.1763496472565,126.912560825741,0507-1354-5934,전남광주통합특별시 북구 우치로 100,"음식점 > 양식 > 멕시칸,브라질",False,"쉬림프 타코 4,900원, 비프앤치즈 퀘사디아 1Pcs 7,500원, 비리아 타코 5,900원, SET A 36,000원, SET B 39,000원, 깁미 파히타 23,000원, 프레쉬 바베큐 보울 12,000원, 치폴레 포크 타코 4,500원, 케이엔 치킨 타코 4,500원, 폴드 바베큐 타코 4,500원, 갈비 후라이드 타코 4,900원, 폴드포크 퀘사디아 1Pcs 7,000원, 폴드포크 퀘사디아 2Pcs 13,500원, 치폴레 퀘사디아 1Pcs 7,000원, 치폴레 퀘사디아 2Pcs 13,500원, 비프앤치즈 퀘사디아 2Pcs 14,500원, 오리지널 프라이즈 4,500원, 깁미 프라이즈 6,500원, 제육칠리라구 & 나쵸 4,000원, 과카몰리 & 나쵸 4,500원"
1843789911,온오프피자 전남대점,35.1770133757754,126.901261546141,062-522-0032,전남광주통합특별시 북구 설죽로202번길 68,음식점 > 양식 > 피자,False,"페퍼로니피자 13,900원, 고르곤졸라 (feat. 꿀) 14,900원, 콰트로풍기피자 16,500원, 루꼴라렌치피자 16,900원, 트러플크림콰트로풍기피자 17,500원, 마르게리타피자 17,500원, 5ive 치즈피자 17,500원, 바질마스카포네피자 18,900원, [두가지 올리브의 환상의 조합] 올리브클래시카피자 21,500원, 직화스테이크피자 25,900원, 비프파스트라미피자 26,500원, 마르게리타콘부팔라피자 26,500원, 잠봉피자 22,500원, 퍼플스위트포테이토피자 15,900원, 트러플뇨끼 5,900원, 바질뇨끼 5,900원, 떡볶이뇨끼 5,900원, 토마토미트볼 6,900원, 로제미트볼 6,900원, 루꼴라 추가 3,000원, 생오이피클 500원, 꿀 500원, 레드페퍼 500원, 발사믹그레이즈 500원, 바질페스토 700원, 올리브유 700원, 트러플오일 700원, 코카콜라 355mL 1,500원, 코카콜라1.25L 2,500원, 스프라이트 355mL 1,500원"
21658151,파파존스 전남대점,35.175176358171,126.912946303803,062-265-1122,전남광주통합특별시 북구 우치로90번길 8-6,음식점 > 양식 > 피자 > 파파존스,False,"수퍼 파파스 오리지널 크러스트 L 28,500원, 그린잇 식물성 마가리타 오리지널 크러스트 L 26,500원, 그린잇 식물성 가든 스페셜 오리지널 크러스트 L 29,500원, 수퍼 파파스 오리지널 라지 사이즈+코카콜라 1.25L 31,000원, 존스 페이버릿 오리지널 라지 사이즈 +코카콜라 1.25L 32,000원, 스파이시 치킨랜치 오리지널 라지 사이즈 +코카콜라 1.25L 32,000원, 올미트 오리지널 라지 사이즈 +코카콜라 1.25L 32,000원, 치킨 바베큐 오리지널 라지 사이즈 +코카콜라 1.25L 30,000원, 아이리쉬 포테이토 오리지널 라지 사이즈 +코카콜라 1.25L 30,000원, 존스 페이버릿 오리지널 크러스트 L 29,500원, 올미트 오리지널 크러스트 L 29,500원, 스파이시 치킨랜치 오리지널 크러스트 L 29,500원, 스파이시 이탈리안 오리지널 크러스트 L 27,500원, 햄 머쉬룸 식스 치즈 오리지널 크러스트 L 28,500원, 위스콘신 치즈 포테이토 오리지널 크러스트 L 29,500원, 더블 치즈버거 오리지널 크러스트 L 29,500원, 아이리쉬 포테이토 오리지널 크러스트 L 27,500원, 치킨 바베큐 오리지널 크러스트 L 27,500원, 프리미엄 직화불고기 오리지널 크러스트 L 29,500원, 식스 치즈 오리지널 크러스트 L 26,500원, 마가리타 오리지널 크러스트 L 23,500원, 페퍼로니 오리지널 크러스트 L 25,500원, 하와이안 오리지널 크러스트 L 26,500원, 가든 스페셜 오리지널 크러스트 L 26,500원, 골든 체다 페퍼 체다치즈롤 크러스트 L 31,500원, 스파이시 치킨 랜치 체다치즈롤 크러스트 L 33,500원, 프리미엄 직화 불고기 체다치즈롤 크러스트 L 33,500원, 더블치즈버거 피자 체다치즈롤 크러스트 L 33,500원, 수퍼 파파스 체다치즈롤 크러스트 L 32,500원, 존스 페이버릿 체다치즈롤 크러스트 L 33,500원"
1600273078,알랭,35.1748592485056,126.913180467323,,전남광주통합특별시 북구 호동로 3-6,음식점 > 양식 > 프랑스음식,False,
251811061,어나더키친 전대점,35.1751641887424,126.911083390412,062-530-5333,전남광주통합특별시 북구 용봉로 77,음식점 > 양식,False,"필레미뇽 안심 스테이크 29,900원, 왕새우 매운크림파스타 19,900원, 쉬림프 로제 파스타 19,900원, 바질토마토 파스타 17,900원, 눈꽃 살치 스테이크 26,900원"
1887798745,레커버거 전남대점,35.1772376841226,126.902213071026,062-434-0005,전남광주통합특별시 북구 설죽로202번길 88,음식점 > 양식 > 햄버거,False,"[1인]레커닭강정세트 17,000원, [1인]레커매콤점보닭다리세트 16,500원, 레커버거 8,000원, 레커버거+매콤점보닭다리+해쉬팩(닭다리1+해쉬1) 15,000원, 레커버거+해쉬콤보+음료팩(해쉬2+치즈1+어니언링1+너겟2) 15,000원, 레커버거+텐더콤보+음료팩(텐더2+치즈1+어니언링1+너겟2) 15,000원, 레커버거+새우콤보+음료팩(새우링2+치즈1+어니언링1+너겟2) 15,000원, 콜팝한마리+음료팩 15,000원, [2인]레커닭강정세트 32,000원, [2인]레커매콤점보닭다리세트 31,000원, [1인]레커콜팝치킨세트 15,000원, [2인]레커콜팝치킨세트 28,000원, [NEW]왕커버거(패티3장) 14,000원, 레커앵그리버거 9,000원, 레커치즈버거 9,000원, 레커베이컨치즈버거 10,000원, 레커더블치즈버거 11,500원, 레커맥앤치즈불고기버거 10,000원, 레커맥앤치즈치킨버거 11,000원, 레커통치킨버거 9,000원, 레커더블통치킨버거 12,000원, 레커통치킨불고기버거 11,500원, 레커뿌링치킨버거 10,000원, 레커새우버거 8,500원, 레커더블새우버거 11,500원, 레커새우불고기버거 11,000원, 레커그릴바베큐스테이크버거 10,500원, 레커오징어버거 8,000원, 레커더블오징어버거 10,500원, 레커오징어불고기버거 10,500원"
7883358,미스터피자 전남대점,35.172424633761466,126.91186467038905,062-261-8536,전남광주통합특별시 북구 우치로 55,음식점 > 양식 > 피자 > 미스터피자,False,"미피 클래식 반반피자 22,900원, 미피 프리미엄 반반피자 33,500원, 트리플올인원 32,500원, 스페셜콰트로 32,500원, 양념 순살 치킨(한마리) 17,500원, 간장 순살 치킨(한마리) 17,500원, 스페셜콰트로X펩시 세트(펩시 굿즈) 34,200원, 클래식 반반피자 펩시세트 24,600원, 프리미엄 반반피자 펩시세트 35,200원, 트리플올인원 펩시 세트 34,200원, 스페셜콰트로 펩시 세트 34,200원, 더블치즈 펩시 세트 23,600원, 프리미엄 스페셜 27,500원, 콰트로치즈 30,500원, 쉬림프골드 32,500원, 하프앤하프 32,500원, 포테이토골드 31,500원, 미스터트리오 32,500원, 새우천왕 32,500원, 치즈블라썸스테이크 32,500원, 디아볼라 블라썸 29,500원, 레전드바질마스카포네 29,500원, 더블치즈 21,900원, 콘스노잉 20,900원, 치즈후라이 21,900원, 페퍼로니플러스 19,900원, 콤비네이션 21,900원, 포테이토 21,900원, 불고기피자 21,900원, 스윗고구마피자 21,900원"
1981574624,피나치공 광주전남대점,35.1701991375308,126.906983362216,062-531-8851,전남광주통합특별시 북구 서양로 51,음식점 > 양식 > 피자 > 피나치공,False,"치즈 피치세트[치즈+치즈의 천국의 맛] 20,900원, [야구장,피크닉엔]순살닭다리 피치세트 23,900원, [신메뉴!] 뿌리공 피치세트 23,900원, [이건 못참습니다] 스위트불고기피치세트 24,900원, [달콤한 고구마무스 듬뿍] 고구마 피치세트 24,900원, 더블포테이토 피치세트[웨지감자+감자무스+베이컨] 24,900원, 갈릭스테이크피치세트[리얼갈릭소스와 통마늘, 소고기] 25,900원, 페퍼간장피치세트[통후추와 비법간장소스] 23,900원, 피치 세트 20,900원, 페퍼로니 피치세트[크림치즈와 페퍼로니의 단짠 만남] 20,900원, 순살화이트어니언 피치세트 25,900원, 까마코 피치세트 24,900원, 허니갈릭 피치세트[마늘맛 강합니다] 24,900원, 순살쉬림프골드 피치세트[새콤] 24,900원, 콤비네이션피자 (피자 단품) 13,900원, 치즈피자 (피자단품) 13,900원, 페퍼로니피자 (피자 단품) 13,900원, 더블포테이토피자 (피자 단품) 16,900원, 스위트불고기피자 (피자 단품) 16,900원, 고구마피자 (피자 단품) 16,900원, 갈릭스테이크 피자 (피자 단품) 17,900원, 후라이드치킨 (치킨 단품) 17,000원, 양념치킨(치킨 단품) 19,000원, 양반후반치킨 (치킨 단품) 18,000원, 뿌리공 치킨 (치킨 단품) 20,000원, 페퍼간장치킨 (치킨 단품) 19,000원, 허니갈릭치킨 (치킨 단품) 20,000원, 순살쉬림프골드치킨 (치킨 단품) 20,000원, 순살닭다리치킨 (치킨 단품) 19,000원, 순살화이트어니언치킨 (치킨 단품) 21,000원"
13313980,난타5000피자 전대정문점,35.17188723121122,126.90447531713515,062-521-5092,전남광주통합특별시 북구 자미로 67,음식점 > 양식 > 피자 > 난타5000피자,False,"대박세트 32,000원, 치즈크러스트+스파게티+콜라 M 23,000원, 리치골드+스파게티+콜라 M 24,000원, 치즈바이트+스파게티+콜라 M 25,000원, 체다치즈피자+스파게티+콜라 M 25,000원, 치즈크러스트+스파게티+콜라 L 26,000원, 리치골드+스파게티+콜라 L 27,000원, 치즈바이트+스파게티+콜라 L 28,000원, 체다치즈피자+스파게티+콜라 L 28,000원, 골드 바베큐필레 L 23,500원, 골드 베스트 L 23,500원, 골드 스테이크 L 23,000원, 골드 새우 L 23,000원, 골드 프리미엄불고기 L 23,000원, 골드 핫치킨 L 22,000원, 골드 베이컨 L 22,000원, 골드 고구마 L 21,000원, 골드 포테이토 L 21,000원, 골드 바베큐필레 XL 44,000원, 골드 베스트 XL 44,000원, 골드 스테이크 XL 43,000원, 골드 새우 XL 43,000원, 골드 프리미엄불고기 XL 43,000원, 골드 핫치킨 XL 41,000원, 골드 베이컨 XL 41,000원, 골드 고구마 XL 39,000원, 골드 포테이토 XL 39,000원, 치즈바이트 스테이크 L 22,000원, 치즈바이트 프리미엄불고기 L 22,000원, 치즈바이트 베이컨 L 21,000원"
1637007878,롤링파스타 광주전남대점,35.1757890781495,126.912664617742,062-262-8879,전남광주통합특별시 북구 우치로 94,음식점 > 양식 > 이탈리안 > 롤링파스타,False,"알리오올리오 6,900원"
13103251,피자스쿨 광주전대상대점,35.17915821550811,126.90078578782379,062-511-6969,전남광주통합특별시 북구 반룡로 25,음식점 > 양식 > 피자 > 피자스쿨,False,"콘치즈피자 12,900원, 프리미엄 스테이크피자 17,900원, 치즈피자 10,900원, 페퍼로니피자 11,900원, 콤비네이션피자 12,900원, 핫치킨피자 12,900원, 고구마피자 12,900원, 불닭고구마피자 15,900원, 포테이토피자 13,900원, 불고기피자 13,900원, 나폴리피자 14,900원, 까르보네피자 14,900원, 아이리쉬포테이토피자 14,900원, 고르곤졸라피자 14,900원, 트러플포테이토피자 15,900원, 더블갈릭바베큐피자 15,900원, 직화파인애플피자 15,900원, 비프퀘사디아피자 15,900원, 치킨퀘사디아피자 15,900원, 야채퀘사디아피자 15,900원, 트러플머쉬룸피자 15,900원, 깐쇼새우피자 16,900원, 닭안심살피자 16,900원, 직화홀릭바이트피자 16,900원, 도이치바이트피자 16,900원, 맥시칸바이트피자 16,900원, 오지치즈포테이토피자 16,900원, 미트러버피자 17,900원, 치즈오븐스파게티 6,900원, 오지치즈그라탕 6,900원"
1710564370,피제이피자 광주북구점,35.17109703979076,126.89928072540346,0503-7150-4285,전남광주통합특별시 북구 서암대로131번길 20,음식점 > 양식 > 피자 > 피제이피자,False,"페퍼리아 21,900원"
1872798644,900달러 전남대점,35.17771756061945,126.91333331744492,062-268-0900,전남광주통합특별시 북구 면앙로6번길 58,음식점 > 양식 > 피자,False,"하프/하프 피자 24,500원, 페퍼로니피자 23,000원, 고구마피자 24,000원, 디아블로피자 23,000원, 치즈피자 22,000원, 마르게리따피자 24,500원, 청양페퍼로니 23,000원, 핫치킨 23,000원, 불고기 24,000원, 트러플머쉬룸 24,000원, 달러스피자 24,500원, 페퍼로니피자(10인치) 14,500원, 디아블로피자(10인치) 14,500원, 달러스피자(10인치) 16,000원, 트러플머쉬룸(10인치) 15,500원, 불고기피자(10인치) 15,500원, 핫치킨피자(10인치) 14,500원, 청양페퍼로니피자(10인치) 14,500원, 치즈피자(10인치) 13,500원, 고구마피자(10인치) 15,500원, 마르게리따(10인치) 16,000원, 버터갈릭포테이토 9,000원, 케이준치즈포테이토 8,000원, 버팔로윙 9,000원, 고구마튀김 9,000원, 갈릭소스 500원, 피클 500원, 핫소스 500원, 케이준치즈(체다치즈소스) 500원, 버터갈릭소스 500원"
1223612656,쉐프공방,35.175991882507994,126.91266330305606,062-430-8786,전남광주통합특별시 북구 우치로 96,음식점 > 양식,False,"투움바 쉬림프 파스타 9,800원, 까르보나라 베이컨 9,800원, 우삼겹 필라프 9,800원, 쉬림프 필라프 9,800원, 루꼴라 피자(S) 13,500원, 치킨텐더 샐러드 9,500원, 고르곤졸라 피자 (M) 8,900원, 가라아게 치킨 9,800원, 브라타치즈 샐러드 9,500원, 리코타치즈 샐러드 7,500원, 그린 샐러드 6,000원, 반반피자 (고르곤졸라 +페퍼로니) 9,800원, 페퍼로니 피자 (M) 9,800원, 포테이토 피자 (S) 13,500원, 김치 베이컨 필라프 9,800원, 삼겹살 김치 필라프 9,800원, 크림 김치 볶음밥 9,800원, 스팸 베이컨 김치 필라프 10,500원, 스팸 베이컨 필라프 10,500원, 목살 필라프 9,800원, 짬뽕 우삼겹 파스타 12,800원, 짬뽕 해산물 파스타 10,800원, 오일 우삼겹 파스타 11,800원, 오일 쉬림프 파스타 9,800원, 토마토 베이컨 파스타 9,800원, 토마토 쉬림프 파스타 9,800원, 로제 베이컨 파스타 9,800원, 로제 쉬림프 파스타 9,800원, 바질크림 베이컨 파스타 10,800원, 바질크림 쉬림프 파스타 10,800원, 청양크림 쉬림프 파스타 10,800원, 청양크림 우삼겹 파스타 12,800원, 까르보나라 쉬림프 9,800원"
1998766802,뉴요커피자 광주북부본점,35.1808285829182,126.903204522475,062-515-5554,전남광주통합특별시 북구 용주로30번길 41-2,음식점 > 양식 > 피자,False,"[광주전체1등／무료배달]1＋1 두판피자 34,900원, [맛집랭킹1등]반반피자 （Half&Half） 21,900원, 리얼 불고기 피자 20,900원, 뉴욕 페퍼로니 피자 20,900원, 슈퍼 콤비네이션 피자 22,900원, 뉴요커 파티 피자 26,900원, [ 찜 & 포토 후기 이벤트 ] 100원, 훈제치킨 13,000원, 코카콜라 500mL 2,000원, 뉴요커 세트 29,900원, 훈제치킨 세트 32,900원, 반반피자 세트 31,900원, 더블 치즈 피자 19,900원, 고르곤졸라 피자 (꿀 1개 제공) 19,900원, 콤비네이션 피자 20,900원, 스위트 고구마무스 피자 20,900원, 베이컨 포테이토 피자 20,900원, 베이컨 체다 피자 20,900원, 스위트 콘치즈 피자 20,900원, 아임파인 하와이안피자 20,900원, 트리플 고구마 피자 22,900원, 베이컨 페퍼로니 피자 22,900원, 갈릭 쉬림프 피자 23,900원, 레트로 소세지 피자 23,900원, 핫 스파이시 케이준 치킨 피자 23,900원, 풀드포크 치즈 후라이 피자 25,900원, 아메리칸 그릴드 쉬림프 피자 26,900원, 카스 500mL19세 이상 4,000원, 참이슬19세 이상 4,000원, 생맥주 1000cc19세 이상 7,000원"
1689737907,몬스터피자 전남대점,35.1715942983604,126.905635958489,062-454-9555,전남광주통합특별시 북구 자미로66번길 17,음식점 > 양식 > 피자,False,"로니의 몬스터 세트 26,900원, 몬피 클래식 두판피자 29,900원, 몬피 스페셜 두판피자 33,900원, 몬피치콜 세트 29,900원, 맛있는 몬피 반반피자 18,900원, 몬피 스페셜 반반 22,900원, 몬스터 뉴욕 콘치즈 피자 18,900원, 몬피 콤비네이션 19,900원, 몬스터 페퍼로니 19,900원, 스파이시 페퍼로니 20,900원, 몬스터 불고기 19,900원, 스파이시 불고기 20,900원, 몬스터 하와이안 19,900원, 통고구마 피자 19,900원, 베이컨 고구마 피자 19,900원, 몬스터 체다 베이컨 19,900원, 베이컨체다후라이 19,900원, 몬피 베이컨포테이토 19,900원, 야채몬스터 피자 19,900원, 바삭감폭피자 (감자 폭탄) 20,900원, 핫 불닭 포테이토 20,900원, 몬피 불닭 쉬림프 20,900원, 소불고기 청양마요 20,900원, 몬스터 갈릭 스테이크 쉬림프 21,900원, 몬스터 하와이안 쉬림프 21,900원, 페폭피자 20,900원, 치폭피자 20,900원, 갈릭비프스테이크 19,900원, 갈릭포크피자 19,900원, [신메뉴]할라크림새우 20,900원"
971985891,왓더버거 전남대점,35.1752943031242,126.91276175136,062-251-4077,전남광주통합특별시 북구 우치로 88-1,음식점 > 양식 > 햄버거 > 왓더버거,False,"아메리칸 치즈버거 세트 11,100원, 새우카츠버거 세트 10,700원, (BEST)직화 통새우버거 세트 13,200원, 왓더 치킨박스 6,100원, 오지치즈감자튀김 4,700원, [한정특가]직화통새&불고기 듀오세트 15,900원, 리뷰선물 사이드(여러 사이드 중 택1)(1개한정) 400원, [옥수수페스티벌]더티옥수수 지못미버거 세트. 14,000원, [옥수수페스티벌]더티옥수수 셧더버거 세트. 13,700원, [옥수수페스티벌]더티옥수수 더블치즈베이컨버거 세트. 12,700원, [옥수수페스티벌]더티옥수수 치킨버거 세트. 12,400원, [옥수수페스티벌]더티옥수수 불고기버거 세트. 11,700원, [옥수수페스티벌]더티옥수수 치즈버거 세트. 11,600원, [옥수수페스티벌]더티옥수수 트러플치킨박스. 6,600원, [옥수수페스티벌]더티옥수수 스리마요 치킨박스 6,600원, [옥수수페스티벌]더티옥수수 트러플감자튀김. 5,400원, [옥수수페스티벌]더티옥수수 오지치즈 감자튀김. 5,200원, [옥수수페스티벌]더티옥수수 스리마요감자튀김. 5,000원, [옥수수페스티벌]더티옥수수 갈릭감자튀김. 5,000원, [왓더표]갈릭마요 소스. 700원, [왓더표]고추마요 소스. 700원, (BEST)직화 통새우버거 세트. 13,200원, (BEST)스크램블 에그 폭탄 지못미버거 세트. 13,500원, (BEST)고기 듬뿍 셧더버거 세트. 13,200원, (BEST)통다리살 치킨버거 세트. 11,900원, 칠리스 1개. 4,500원, 감자튀김 미디엄. 3,000원, 치즈스틱 2개. 3,700원, 왓더봉 2개. 4,900원, 빅 자이언트 치즈스틱 1개. 5,500원"
2111179548,도스마스 전남대2호점,35.178576115306534,126.91272311487184,062-232-9004,전남광주통합특별시 북구 우치로126번길 12,"음식점 > 양식 > 멕시칸,브라질",False,"섞어서부리또+음료수 5,000원, 닭고기부리또+음료수 5,000원, 소고기부리또+음료수 5,500원, 제육부리또+음료수 5,500원, 텐더부리또+음료수 5,500원"
296639281,필라이크,35.171103995488785,126.9045311192753,0502-5554-3255,전남광주통합특별시 북구 자미로 58,음식점 > 양식,False,"외부음식 반입가능 10,000원, 입장료 10,000원"
1894092407,피자스웨그 전남대점,35.17709918951576,126.89929637647793,070-8615-7426,전남광주통합특별시 북구 설죽로202번길 34-4,음식점 > 양식 > 피자,False,"페퍼로니 17,000원, 반반피자 19,000원"
673806423,피자치킨콜 전대점,35.17546709540153,126.91364527996932,062-511-9220,전남광주통합특별시 북구 우치로90번길 18,음식점 > 양식 > 피자,False,"（순살 한마리＋콤비네이션피자＋콜라 500mL） 28,000원, （ 콤비네이션피자(M)＋콜라500ml）） 20,000원, 뼈치킨한마리＋콜라500ml 20,000원, 뼈고추마늘치킨＋콜라500ml 23,000원, 순살 치킨한마리＋콜라500ml 19,000원, （（치즈가 듬뿍）） 피탕소（2~3인분） 23,000원, 뼈깐풍치킨＋콜라500ml 23,000원, （（이것이 김피탕이다））（김치피자탕수육） 소2~3인분 25,000원, （（고구마 피탕））（소 2~3인분） 25,000원, 참이슬19세 이상 4,500원, 잎세주19세 이상 4,500원, 카스19세 이상 4,500원, 테라19세 이상 4,500원"
1942204809,피자먹다 전대점,35.1737272603673,126.913343041023,062-265-2818,전남광주통합특별시 북구 서방로 1-1,음식점 > 양식 > 피자 > 피자먹다,False,
1448276900,버거리 광주전남대점,35.1755836053221,126.91271533546,,전남광주통합특별시 북구 우치로 92,음식점 > 양식 > 햄버거 > 버거리,False,
1479403547,아메리칸피자 전남대본점,35.17267254354066,126.91191489902462,062-575-3344,전남광주통합특별시 북구 우치로 59,음식점 > 양식 > 피자 > 아메리칸피자,False,"반반피자 [대표메뉴] 21,900원, [4가지선택] 올4유L 29,900원, 콤비네이션 피자 20,900원, 불고기 피자 [누적주문1위] 20,900원, 페퍼로니 피자 20,900원, 베이컨 포테이토 피자 21,900원, 시그니처 미트콤비 피자 21,900원, 스위트콘 피자 19,900원, 치킨바베큐 피자 20,900원, 베이컨체다 피자 21,900원, 야채 피자 19,900원, 치즈 피자 19,900원, 햄야채 볶음밥 4,500원, 김치볶음밥 5,000원, 불닭 김치볶음밥 5,900원, 치즈불고기 김치볶음밥 6,500원, 통마늘 석쇠불고기 피자 22,900원, 미트볼 포크 피자 22,900원, 진심 불고기 21,900원, 에그포테이토 피자 22,900원, 프라이데이파티 피자 22,900원, 고구마무스 피자 21,900원, 하와이 피자 21,900원, 뱀파이어 페퍼로니 피자 21,900원, 핫불고기 피자 21,900원, 핫치킨 피자 21,900원, 바질크림뇨끼 피자 22,900원, 뉴욕 핫도그 피자 24,900원, 아보카도 쉬림프치킨 피자 24,900원, 멜팅 치즈 앤스테이크 피자 25,900원"
1882312673,피자플렉스 전남대점,35.177072145237,126.899292018623,070-8615-7426,전남광주통합특별시 북구 설죽로202번길 34-4,음식점 > 양식 > 피자,False,
1640398738,토핑몬스터피자 전남대점,35.1705473043951,126.909686635774,0504-826-7298,전남광주통합특별시 북구 우치로27번길 26,음식점 > 양식 > 피자 > 토핑몬스터피자,False,"TMP토핑몬스터피자 22,500원"
399811285,올리브피자,35.1793163751636,126.900202646855,062-526-0010,전남광주통합특별시 북구 반룡로 19,음식점 > 양식 > 피자,False,"반반 피자 L 25,000원, 스파게티 L 세트（기본피자L＋스파게티＋콜라 1.25L） 31,000원, 수제한우불고기 피자 L 24,000원, 스위트고구마무스 피자 L 24,000원, 포테이토베이컨 피자 L 24,000원, 반반 피자 R 21,000원, 반반 피자 M 23,000원, 스파게티 R 세트（기본피자R＋스파게티＋콜라 500mL） 26,000원, 스파게티 M 세트（기본피자M＋스파게티＋콜라 500mL） 28,000원, 고구마치즈스틱 R 세트（기본피자R＋치즈스틱8개＋콜라500ml ) 27,000원, 고구마치즈스틱 M 세트（기본피자M＋치즈스틱8개＋콜라500ml ) 29,000원, 고구마치즈스틱 L 세트（기본피자L＋치즈스틱 8개＋콜라 1.25L） 32,000원, 떡볶이 R 세트（기본피자R＋떡볶이 1인분＋콜라 500mL） 26,000원, 떡볶이 M 세트（기본피자M＋떡볶이 1인분＋콜라 500mL） 28,000원, 떡볶이 L 세트（기본피자L＋떡볶이 1인분＋콜라1.25L） 31,000원, 새우링 R 세트（기본피자R＋새우링 8개＋콜라500ml） 27,000원, 새우링 M 세트（기본피자M＋새우링 8개＋콜라500mL） 29,000원, 새우링 L 세트（기본피자L＋새우링 8개＋콜라1.25L） 32,000원, 슈퍼슈프림 피자 R（10인치） 20,000원, 수제한우불고기 피자 R（10인치） 20,000원, 더블페퍼로니 피자 R（10인치） 20,000원, 달콤파인애플 피자 R（10인치） 20,000원, 야채듬뿍 피자 R（10인치） 20,000원, 치즈폭탄 피자 R（10인치） 19,000원"
1460312580,어바웃피자 광주북구전남대점,35.1808950518072,126.904046497117,070-4367-1492,전남광주통합특별시 북구 용주로30번길 67,음식점 > 양식 > 피자,False,"크림소구마 피자 (S) 18,900원, 불고기 피자 (S) 16,900원, 갈릭치즈쉬림프 피자 (S) 19,900원, 어바웃스페셜 피자 (L) 33,900원, 치즈 피자 (S) 14,900원, 콤비네이션 피자 (S) 15,900원, 하와이안 피자 (S) 14,900원, 포테이토 피자 (S) 14,900원, 갈릭포테이토베이컨 피자 (S) 15,900원, 허이포테이토스테이크 피자 (S) 20,900원, 고구마 피자 (S) 16,900원, 폭탄어니언포테이토 피자 (S) 19,900원, 페퍼로니 피자 (S) 14,900원, 매콤페퍼로니 피자 (S) 15,900원, 체다치즈베이컨 피자 (S) 15,900원, 매콤불고기 피자 (S) 17,900원, 바베큐치킨 피자 (S) 16,900원, 매콤불닭 피자 (S) 17,900원, 더블베페로니 피자 (S) 18,900원, 스위트갈릭포테이토 피자 (S) 18,900원, 매콤칠리쉬림프 피자 (S) 17,900원, 트리플치즈 피자 (S) 18,900원, 햄 피자 (S) 14,900원, 허니콘 피자 (S) 14,900원, 양념 치킨(뼈/순살) 21,900원, 매운양념 치킨(뼈/순살) 21,900원, 간장 치킨(뼈/순살) 21,900원, 매운간장 치킨(뼈/순살) 21,900원, 후라이드 치킨(뼈/순살) 20,900원, 반반치킨 치킨(뼈/순살) 21,900원, 어바웃두판피자 (S) 27,800원, 어바웃두판피자 (M) 39,800원, 어바웃두판피자 (L) 49,800원, 피자(M)+치킨+음료1.25L 세트 39,800원, 피자(L)+치킨+음료1.25L 세트 44,800원, 피자(M)+사이드+음료1.25L 세트 25,800원"
1585080991,난타5000피자 전대용봉점,35.18067816267565,126.90333754069609,062-529-5095,전남광주통합특별시 북구 용주로30번길 50,음식점 > 양식 > 피자,False,"1. 치즈크러스트+스파게티+콜라1.25L 28,000원, 2. 리치골드L+스파게티+콜라 30,000원, 3. 치즈바이트L+스파게티+콜라 30,500원, 4. 체다피자+스파게티+콜라 28,000원, 골드 바베큐필레 피자 25,500원, 골드 베스트 피자 25,500원, 골드 스테이크 피자 25,000원, 골드 새우 피자 25,000원, 골드 프리미엄불고기 피자 25,000원, 골드 핫치킨 피자 24,000원, 골드 베이컨 피자 24,000원, 골드 포테이토 피자 23,000원, 골드 고구마 피자 23,000원, 골드 하와이안 23,000원, 골드 베이컨&포테이토 25,500원, 골드 반반피자 (선택 메모) 26,500원, 골드 네가지맛 A (새우.스테이크.핫치킨.포테이토) 27,000원, 골드 네가지맛 B (소불고기.고구마.베이컨.바베큐필레) 27,000원, 골드 콘비네이션 23,000원, 골드 페파로니 23,000원, 치즈바이트 스테이크 피자 24,000원, 치즈바이트 프리미엄불고기 피자 24,000원, 치즈바이트 베이컨 피자 23,000원, 치즈바이트 핫치킨 피자 23,000원, 치즈바이트 불고기 피자 22,000원, 치즈바이트 포테이토 피자 22,000원, 치즈바이트 고구마 피자 22,000원, 치즈바이트 페퍼로니 피자 22,000원, 치즈바이트 콘비네이션 피자 22,000원, 치즈바이트 하와이안 22,000원"
332445170,드림피자,35.1687219135024,126.911943308714,062-524-5092,전남광주통합특별시 북구 서양로 100,음식점 > 양식 > 피자,False,
280124526,1인토핑몬피자TMPPIZZA 전남대점,35.1705473043951,126.909686635774,,전남광주통합특별시 북구 우치로27번길 26,음식점 > 양식,False,"P+P 퍼스널2판 SET 22,900원, P+P+P 퍼스널3판 SET 30,900원, P+P+P+P 퍼스널4판 SET 38,900원, (P) 1인피자 플렉스SET 18,900원, (P) 2가지PICK 1타2피자 14,900원, (P) [TMP] 토핑몬스터피자 16,900원, (P)더블치즈X2 피자 13,900원, (P) 야채테리언피자 14,900원, (P) 더블페페로니X2피자 15,900원, (P) 아직못간하와이안피자 15,900원, (P) 슈퍼콤비네이션피자 15,900원, (P) 달콤스위트옥수수피자 15,900원, (P) 황금체다베이컨피자 15,900원, (P) 명품소불고기피자 15,900원, (P) 메가크림IN치즈피자 16,900원, (P) 할라핫페페로니피자 16,900원, (P) 매콤소불고기피자 16,900원, (P) 에그머니낫베이컨피자 16,900원, (P) 달콤베이컨단호박피자 16,900원, (P) 베이컨포테이토피자 16,900원, (P) 트리플고구마피자 16,900원, (P) 단호구마베이컨피자 17,900원, (P) 핫바베큐치킨피자 18,900원, (P) 새우인더새우피자 18,900원, (P) 스테이크갈비살피자 18,900원, (P) 스테이크갈비앤갈릭피자 18,900원, (P) 매콤치킨쉬림프피자 19,900원, TMP떡볶이 6,900원, 치즈오븐스파게티 6,900원, 불고기오븐스파게티 7,900원"
1162027541,이태리반점,35.175758642208,126.914220210639,062-267-0203,전남광주통합특별시 북구 호동로15번길 13,음식점 > 양식,False,
1753196323,함브르크버거 용봉점,35.178111600126,126.898441027216,010-8490-7130,전남광주통합특별시 북구 반룡로6번길 29,음식점 > 양식 > 햄버거,False,
1344047385,시카고치즈버거,35.1791422541789,126.900009641658,,전남광주통합특별시 북구 반룡로 18,음식점 > 양식 > 햄버거,False,"[리얼해장버거]시카고 더블 치즈버거세트 13,900원, [호불호없는] 시카고버거 7,200원, [야채는필요없다] 시카고 치즈버거 7,000원, [해장이필요해]시카고 더블치즈버거 9,500원, [아메리칸치즈두장]시카고 치즈버거 세트 10,200원, (감튀용량업)시카고 버거세트 10,400원, 프렌치프라이(감자튀김) 3,000원, 어니언링 4,000원, 케이준 감자튀김 3,500원, 환타파인 355mL 2,000원, 스프라이트 355mL 2,000원, 제로슈거라임 355mL 2,000원, 콜라 355mL 2,000원"
728141184,피자베이 전남대점,35.1733466144488,126.915508211632,062-266-2333,전남광주통합특별시 북구 서방로 21-1,음식점 > 양식 > 피자,False,"3국시대（신제품） 23,900원, 부산숯불갈비 25,900원, 광안리칠리새우 27,900원, 역대급쉬림프피자 30,900원, 베이컨포테이토 23,900원, 아맵다핫페퍼로니（매운맛） 25,900원, 딥치즈베이컨 27,900원, 고구마베이컨 23,900원, 스페셜콤비네이션 23,900원, 6식주의자（신제품） 26,900원, 역4적인 피자 26,900원, 리얼야채 20,900원, 리얼 페파로니 20,900원, 레드핫페파로니（매움） 20,900원, 베이콤비네이션 21,900원, 온니치즈가득 20,900원, 핫더블치즈피자（매움） 20,900원, 소시지포테이토 21,900원, 과즙가득파인애플 21,900원, 베이컨소시지 22,900원, 소프트고구마크림 21,900원, 빈틈없는페파로니 22,900원, 3일정성불고기 22,900원, 볼케이노핫치킨피자（매움） 24,900원, 마그마핫불고기피자（매움） 24,900원, （NEW）베이컨페파로니 22,900원, （NEW）베이컨체다 22,900원, （NEW）통살팝콘치킨 22,900원, 베이세트1번 25,900원, 베이세트2번 28,900원"
360068623,까사피에스타 스테이크&파스타 북구본점,35.18141793198918,126.90080609693906,,전남광주통합특별시 북구 용주로 24-1,음식점 > 양식,False,"[추천메뉴]수비드 크림 파스타 13,100원, [사장추천]수비드 토마토 파스타 13,100원, 수비드 매콤 로제 파스타 13,600원, 수비드 부채살 스테이크(200g) 24,000원, 수비드 목살 스테이크(200g) 19,000원, (NEW) 우삼겹 크림파스타 13,800원, 봉골레 파스타 11,200원, （오독오독）날치알 명란크림 파스타 11,000원, （고소,쫄깃한）통베이컨 크림 파스타 11,000원, （K파스타）마늘폭탄 알리오 올리오 9,500원, 쉬림프오일 파스타 11,100원, 쉬림프 크림 파스타 11,100원, 쉬림프로제파스타 11,100원, 쉬림프토마토 파스타 11,100원, （속뜨끈뜨끈）얼큰짬뽕파스타 11,000원, 해산물토마토 파스타 11,000원, （다이어트&맛）오리엔탈 샐러드 파스타 9,800원, 해산물 빼쉐 파스타(해장) 12,900원, 투움바 파스타 11,600원, 들깨 크림 파스타 11,300원, 들깨 크림 뇨끼 11,800원, 토마토 스튜 라이스 11,100원, 통베이컨 아라비아따 11,000원, 목살필라프 10,500원, 김치목살필라프 11,000원, 스테이크 필라프 12,000원, 에그 필라프 9,100원, 하와이안필라프 11,000원, 우삼겹 필라프 12,000원, (New)날치알 해산물 빠에야 12,500원"
9718181,대왕김밥초밥 전대정문점,35.17104327516932,126.9041140563389,062-514-0867,전남광주통합특별시 북구 자미로 55,음식점 > 분식,False,"새우튀김김초밥(새우튀김롤) 5,000원, 김밥 3,500원, 김치김밥 4,000원, 떡국 6,000원, 떡라면 4,500원, 떡만두국 6,000원, 떡볶이 4,500원, 라면 4,000원, 만두국 6,000원, 만두라면 4,500원, 볶음우동 6,000원, 찐만두 5,500원, 우동 5,000원, 짬뽕우동 6,000원, 쫄면 6,000원, 참치김밥 4,000원, 치즈김밥 4,000원, 치즈라면 4,500원, 캘리포니아롤(아보카도롤) 5,000원, 돈가스 (밥있음) 7,500원, 돈가스 (밥없음) 7,000원"
1320251809,알촌 전남대점,35.17774766264317,126.90423243240721,062-529-9004,전남광주통합특별시 북구 설죽로214번길 122,음식점 > 분식,False,"약매알밥 4,700원, 갈릭알밥 5,100원, 순한알밥 4,300원, 매콤알밥 4,700원, 진매알밥 4,800원, 카레알밥 5,100원, 짜장알밥 5,100원, 오밥 5,100원, 갈릭그릴드치킨알밥 5,700원, 갈리오밥 5,600원, 그릴드치킨알밥 5,200원, 불고기알밥 5,700원"
26346565,떡볶이대통령,35.1748125563655,126.913429711111,,전남광주통합특별시 북구 호동로 7,음식점 > 분식 > 떡볶이,False,"매운돈가스(2인분) 14,000원, 크림 매운돈가스(2인분) 15,000원, 태양초떡볶이 4,500원, 치즈떡볶이 5,500원, 불고기떡볶이 6,500원, 매콤짜장라볶이 6,500원, 1992돈가스 8,000원, 치즈19992돈가스 9,000원, 로제떡볶이 9,000원, 크림소스떡볶이 8,000원, 치즈라볶이 6,500원, 순대야채볶음 7,000원, 베이컨볶음밥 6,000원, 김치볶음밥 6,000원, 치즈베이컨볶음밥 6,500원, 치즈김치볶음밥 6,500원, 제육덮밥 6,000원, 부대찌개 6,000원, 김치찌개 6,000원, 상추튀김 6,000원"
21317249,신당명가,35.175454478803985,126.9136485866511,062-264-8481,전남광주통합특별시 북구 우치로90번길 18,음식점 > 분식,False,"탕수육 14,000원, 모듬떡볶이 12,000원, 모듬치즈떡볶이 15,000원, 오징어탕수육 16,000원, 김치찌개 (2인분) 13,000원, 참치찌개 (2인분) 13,000원, 부대찌개 (2인분) 13,000원, 오불덮밥 6,000원, 김치덮밥 6,000원, 소고기덮밥 6,000원, 김치볶음밥 6,000원, 육개장 7,000원, 짬뽕국밥 7,000원, 라볶이 5,500원, 라면 3,500원, 떡라면 4,000원, 탕수만두 5,000원, 오뎅국 5,000원, 김밥 3,000원, 참치김밥 4,000원, 쫄면 7,000원, 물냉면 7,000원, 비빔냉면 7,000원, 오징어 덮밥 6,000원"
9671717,깨순이김밥 전대정문점,35.1712149021938,126.904581484901,062-527-3800,전남광주통합특별시 북구 자미로 60,음식점 > 분식,False,"참치찌개 9,000원, 제육덮밥 9,000원, 낙지비빔밥 9,500원, 참치매운고추김밥 5,000원, 참치마요네즈김밥 4,500원, 순두부찌개 8,500원, 김치찌개 8,500원, 육개장 9,500원, 갈비탕 10,000원, 등심돈까스 8,500원, 치즈돈까스 9,000원, 고구마돈까스 9,000원, 치즈제육덮밥 10,000원, 김치제육덮밥 9,500원, 참치김치덮밥 9,000원, 낙지덮밥 9,500원, 오징어덮밥 9,500원, 소고기덮밥 9,500원, 비빔밥 8,500원, 참치비빔밥 9,000원, 떡국 8,000원, 만둣국 8,000원, 떡만둣국 8,500원, 떡볶이 6,000원, 치즈떡볶이 7,000원, 라볶이 6,500원, 치즈라볶이 7,500원, 오뎅 6,000원, 우동 6,000원, 해물우동 7,500원"
17088993,곰이네뷔페,35.1779205587605,126.904024742921,062-527-1208,전남광주통합특별시 북구 설죽로214번길 117,음식점 > 분식,False,
154993459,배가찐왕만두 전대10호점,35.170964868385,126.904128418745,062-400-5435,전남광주통합특별시 북구 자미로 55,음식점 > 분식,False,"통새우 (고기) 만두 7,000원, 통새우 (김치) 만두 7,000원, 납작 (고기) 만두 6,000원, 납작 (김치) 만두 6,000원, 왕만두 (고기) 만두 8,000원, 왕만두 (김치) 만두 8,000원, 펩시245mL 1,500원, 칠성사이다245mL 1,500원"
246914923,라스타 전대점,35.1756131613217,126.913709894666,062-256-3999,전남광주통합특별시 북구 우치로90번길 19,음식점 > 분식,False,"얼큰 해물 라면 7,000원, 맑은 해물 라면 7,000원, 4가지 치즈 라면 7,000원, 화이트 갈릭 라면 7,000원, 소세지 라면 7,000원, 매운 참치 라면 5,000원, 들깨 라면 5,000원, 김치수제비 라면 5,000원, 심플 떡만두 라면 3,500원, 심플 치즈 라면 3,500원, 매운 악마 라면 3,500원, 명란 비빔밥 7,000원, 참치 비빔밥 7,000원, 낙지젓갈 비빔밥 7,000원, 훈제연어 비빔밥 8,000원, 참치 마요 박스밥 3,000원, 스팸 베이컨 박스밥 3,000원, 직화떡갈비 박스밥 3,000원, 갈비 마요 박스밥 3,000원, 맛살 마요 박스밥 3,000원"
21362415,뽀글이와둘둘이,35.1774832375088,126.902690323167,062-511-3244,전남광주통합특별시 북구 설죽로202번길 98,음식점 > 분식,False,"김밥 2,000원, 라볶이 3,500원, 참치김밥 3,000원, 소고기김밥 3,000원, 김치볶음김밥 3,000원, 치즈김밥 3,000원, 라면 3,000원, 우동 3,000원, 치즈라면 3,500원, 쫄면 4,000원, 떡볶이 3,500원, 치즈떡볶이 4,000원, 치즈라볶이 4,000원, 순대국밥 4,000원"
19659789,딴또꼬마김밥,35.1682900027686,126.903452092045,,전남광주통합특별시 북구 자미로 26,음식점 > 분식,False,"참치김밥 5,000원, 야채김밥 4,500원, 치즈김밥 4,500원, 고추김밥 4,500원, 깻잎김밥 4,500원, 섞어김밥 4,500원, 모듬세트 15,000원, 떡볶이 4,000원, 어묵 4,000원, 모둠세트 (특대) 48개 25,000원, 소고기미역국 7,000원, 소고기떡국 7,000원, 김치만두 5,000원, 우동 4,000원"
26044262,맛드림김밥나라 전대1호점,35.17096514332568,126.90447639558813,062-515-3891,전남광주통합특별시 북구 자미로 56,음식점 > 분식,False,"제육김밥 5,000원, 불고기김밥 5,000원, 멸추김밥 5,000원, 새우튀김김밥 5,000원, 야채샐러드김밥 4,000원, 고추김밥 4,000원, 돈까스김밥 4,000원, 알참치김밥 5,000원, 김치참치김밥 5,000원, 떡갈비김밥 5,000원, 우엉김밥 4,000원, 왕소세시지김밥 5,000원, 김밥 3,500원, 치즈김밥 4,000원, 라면 4,500원, 매생이라면 5,500원, 치즈라면 5,000원, 짬뽕라면 6,500원, 피자라볶이 6,500원, 갈비만두 6,000원, 물만두 5,000원, 오뎅 5,000원, 냄비김치우동 6,000원, 우동 5,500원, 김치김밥 4,000원, 참치김밥 4,500원, 고추참치김밥 5,000원, 고추김치김밥 4,500원, 떡라면 5,000원, 떡볶이 5,000원, 오뎅볶이 6,000원, 치즈라볶이 6,000원, 피자떡볶이 6,000원, 얼큰복음우동 7,000원, 볶음우동 6,500원, 얼큰해물우동 7,000원, 열무비빔밥 8,000원, 비빔밥 7,000원, 김치라면 5,000원, 만두라면 5,500원, 라볶이 5,500원, 치즈떡볶이 5,500원"
386601691,응급실국물떡볶이 광주전남대점,35.175251457218515,126.91334581474716,062-251-0119,전남광주통합특별시 북구 우치로90번길 12-2,음식점 > 분식 > 떡볶이 > 응급실국물떡볶이,False,"응급실국물떡볶이 17,000원, 크림카레 떡볶이 19,000원, 후추꾸덕볶이 (NEW) 18,000원, 로제떡볶이 19,000원, 한우대창떡볶이 (NEW) 22,500원, 페퍼로제떡볶이 (NEW) 20,000원, 한우대창로제떡볶이 (NEW) 24,500원, 1 ~ 2인분 응급실국물떡볶이 12,500원, 1~2인분 로제국물떡볶이 13,500원, [응] 세트 (NEW) 20,000원, [급] 세트 (NEW) 24,500원, [실] 세트 (NEW) 28,500원, 크림카레 강추세트 24,500원, 크림카레 비엔나폭탄 세트 26,000원, 순대 5,000원, 갈비만두 8개 5,000원, 계란찜 4,500원, 오뎅탕 6,000원, 비엔나폭탄 15개 (NEW) 4,500원, 모듬튀김(대) 11개 (NEW) 10,000원, 모듬튀김(중) 9개 (NEW) 7,000원, 모듬튀김(소) 5개 (NEW) 4,000원, 한돈 등심돈까스 5,000원, 한돈 치즈돈까스 6,000원, 감자고로케 (1개) 2,000원, 야채튀김 (1개) 2,000원, 오뎅튀김 (5개) 3,000원, 잡채어묵튀김 (5개) 3,500원, 참이슬 후레쉬19세 이상 6,000원, 카스19세 이상 6,000원"
1500989651,미리내김밥,35.177992844459,126.904248612061,062-512-2410,전남광주통합특별시 북구 설죽로214번길 121,음식점 > 분식,False,
21362320,전대분식,35.177922079118325,126.90366904963079,,전남광주통합특별시 북구 설죽로214번길 109,음식점 > 분식,False,
1649164535,걸작떡볶이치킨 광주전남대점,35.17772524232139,126.90324113570031,062-512-2821,전남광주통합특별시 북구 설죽로214번길 100,음식점 > 분식 > 떡볶이 > 걸작떡볶이치킨,False,"국물떡볶이(중) 11,000원, 로제떡볶이(중) 15,000원, 숯불킹떡볶이(중) 16,000원, 가래떡떡볶이(중) 11,000원, 후추카레떡볶이(중) 12,000원, 불닭떡볶이(중) 17,000원, 저당 떡볶이(중) 11,000원, 다리 2개 15,000원, 날개 2개 15,000원, 국물 즉석 떡볶이(중) 16,000원, 국물 즉석 떡볶이(대) 22,000원, 짜장떡볶이(중) 13,000원, 순살후라이드치킨(400g) 16,000원, 순살양념치킨(보통맛/매운맛)(400g) 18,000원, 쏘이킹치킨(400g) 18,000원, 치즐킹치킨(400g) 18,000원, 치즈피자 10inch 11,900원, 햄 피자 10inch 13,900원, 페퍼로니 피자 10inch 13,900원"
1607138266,김밥나라,35.18097001972074,126.90198903013952,062-521-0304,전남광주통합특별시 북구 용주로30번길 21,음식점 > 분식,False,
27580159,청년다방 전대점,35.1751813120281,126.91484325638,062-267-2440,전남광주통합특별시 북구 호동로 19-2,음식점 > 분식 > 떡볶이 > 청년다방,False,"경양식돈가스 10,000원, 치즈돈가스 13,000원, 떡튀순청년세트 25,500원, 대패삼겹청년세트 25,500원, 마라청년세트 25,500원, 불향차돌청년세트 27,000원, 통큰오짱청년세트 27,000원, 마라로제청년세트 27,000원, 치즈폭포청년세트 27,000원, 크림차돌청년세트 27,000원, 차새대청년세트 31,500원, 비조리청년세트 25,500원, 기본청년세트 21,000원, 파인스윗돈가스 11,000원, 스파이시돈가스 11,000원, 반반돈가스(경양식+스파이시) 11,000원, 치킨마요컵밥 4,500원, 참치마요컵밥 4,500원, 날치알볶음밥 3,000원, 치즈밥 3,000원, 김가루주먹밥 2,500원, 공기밥 1,500원, 튀김만두(1개) 500원, 김말이튀김(1개) 800원, 고구마튀김(1개) 1,000원, 야채튀김(1개) 1,000원, 오징어튀김(1개) 1,500원, 갈릭시즈닝 500원, 단무지추가 800원, 새로19세 이상 5,000원"
1613055500,할멈탕수육김밥 용봉점,35.180744485238556,126.90174777361543,062-528-9933,전남광주통합특별시 북구 반룡로27번길 40,음식점 > 분식,False,"탕수육 7,000원, 수제 돈까스 8,000원, 수제 치즈 돈까스 9,000원, 우동 5,000원, 쫄면 7,000원, 할멈김밥 3,500원, 참치김밥 4,500원, 고추김밥 4,500원, 돈까스김밥 4,500원, 치즈김밥 4,500원, 샐러드김밥 4,500원, 크래미김밥 4,500원, 참치고추김밥 4,800원, 샐러드고추김밥 4,800원, 떡볶이 4,000원, 라볶이 5,500원, 치즈라볶이 6,500원, 어묵탕 4,500원, 순대 5,000원, 제육덮밥 7,000원, 순두부찌개 6,000원, 새싹야채비빔밥 6,000원, 뚝배기불고기 7,000원, 펩시콜라 245mL 1,000원, 펩시콜라 500mL 1,500원, 칠성사이다 245mL 1,000원"
305997515,더뽀끼,35.17881177390504,126.90261189212336,062-263-5567,전남광주통합특별시 북구 반룡로41번길 2,음식점 > 분식 > 떡볶이,False,"라면 3,500원, 즉석 떡볶이 5,000원, 치즈 떡볶이 6,000원, 로제 떡볶이 6,000원, 모둠순대 5,000원, 모둠튀김 (5개) 3,000원, 어묵 (3개) 2,000원, 일반김밥 3,500원, 참치김밥 4,000원, 돈까스김밥 4,000원, 오므라이스 6,000원, 세트 12,000원"
764995185,봉봉김밥,35.1802621737483,126.901641863082,010-3560-7954,전남광주통합특별시 북구 반룡로27번길 28,음식점 > 분식,False,"참치마요김밥 5,000원, 봉봉김밥 4,500원, 묵은지김밥 5,000원, 꼬기김밥 5,500원, 치즈김밥 5,500원, 묵은지참치김밥 5,500원, 봉봉라면 5,000원, 떡라면 5,500원, 만두라면 5,500원, 치즈라면 6,000원, 봉봉떡볶이 6,000원, 컵라면（작은컵） 2,500원, 음료수 355mL 2,500원"
683862004,유부가,35.174568622868634,126.91389871676243,,전남광주통합특별시 북구 호동로 10-5,음식점 > 분식,False,"기본유부초밥（2개） 3,200원, 참치마요 유부초밥 3,000원, 에그스크럼블 유부초밥 3,000원, 소불고기 유부초밥 3,500원, 크래미 유부초밥 3,000원, 오백원의 행복 500원, 타코야끼 8알 7,000원, 토핑유부 4개세트 11,800원, 베이컨김치볶음 유부초밥 3,300원, 스팸와사비마요 유부초밥 3,500원, 매콤닭갈비 유부초밥 3,500원, 고기만두 7,000원, 김치만두 7,000원, 새우튀김 4,000원, 해쉬브라운 3,000원, 만두튀김 3,800원, 오뎅튀김 3,000원, 야채튀김 3,500원, 순대튀김 3,800원, 한입 김말이튀김 4,000원, 돈까스 5,500원, 떡볶이 5,500원, 냉우동 6,500원, 온우동 6,000원, 김치 온우동 6,500원, 김치냉우동 6,800원, 콜라 2,000원, 제로콜라 2,500원, 스프라이트 2,000원, [치킨가득] 가라아게 에그덮밥 10,500원"
1156696787,신전떡볶이 광주전남대점,35.17537737086504,126.91422390447428,062-268-2244,전남광주통합특별시 북구 호동로15번길 5,음식점 > 분식 > 떡볶이 > 신전떡볶이,False,"로제프리미엄(2~3인분) 12,000원, 순대 4,500원, 맵닭(2~3인분) 21,900원, 신전떡볶이 4,500원, 치즈떡볶이 6,000원, 로제떡볶이 6,000원, 마라로제떡볶이 7,500원, 쌀떡볶이 5,000원, 포테이토치즈스틱(1개) 2,000원, 야채튀김(2개) 2,500원, 통콘너겟(2개) 2,000원, 고추튀김(2개) 2,800원, 모둠튀김 5,200원, 튀김오뎅(5개) 2,000원, 튀김만두(5개) 2,000원, 김말이(3개) 2,000원, 잡채말이(3개) 2,000원, 치즈스틱(3개) 2,200원, 납작만두(5개) 2,200원, 해쉬브라운(2개) 2,800원, 오징어튀김(2개) 2,500원, 단호박튀김(3개) 2,500원, 미니핫도그(2개) 2,200원, 치킨텐더(3개) 2,800원, 크림치즈볼(4개) 2,800원, 고구마치즈볼(4개) 2,800원, 닭껍질튀김(100g) 2,800원, 통살오징어(3개) 3,300원, 치킨링(10개) 2,500원, 신전김밥 3,500원"
1333434633,김밥나라,35.1702936825209,126.90116868075,,전남광주통합특별시 북구 자미로39번길 48,음식점 > 분식,False,"원조김밥 3,500원, 참치김밥 4,500원, 계란말이 참치김밥 5,500원, 치즈김밥 4,500원, 계란말이 치즈김밥 5,500원, 김치김밥 4,500원, 계란말이 김치김밥 5,500원, 땡초(멸추)김밥 5,000원, 계란말이 땡초김밥 6,000원, 소고기김밥 5,000원, 계란말이 소고기김밥 6,000원, 모둠김밥 5,000원, 계란말이 모둠김밥 6,000원, 계란말이김밥 5,000원, 건강김밥(소고기+인삼) 6,000원, 그냥라면 4,500원, 땡초, 해장라면 5,500원, 떡라면 5,500원, 만두라면 5,500원, 김치라면 5,500원, 치즈라면 6,000원, 짬뽕라면 6,000원, 순두부라면 5,000원, 고기만두 5,000원, 김치만두 5,000원, 물만두 7,000원, 군만두 6,000원, 탕수만두 7,500원, 떡국 7,500원, 만두국 7,500원"
1869305771,우리할매떡볶이 광주전남대점,35.1788283079707,126.912463758474,062-251-7707,전남광주통합특별시 북구 우치로126번길 5,음식점 > 분식 > 떡볶이 > 우리할매떡볶이,False,"매운국물닭발세트 21,000원, 매운국물닭발(단품) 14,000원, 로제닭발세트 22,000원, 로제닭발(단품) 15,000원, 치킨꿔바로우 6,500원, 닭똥집튀김 7,500원, 매운어묵 4,000원, 계란김밥 4,000원, 매운어묵김밥 3,500원, 치킨마요덮밥 6,000원, 셀프주먹밥 4,000원, 참치주먹밥 5,000원, 마라떡볶이 7,500원, 마라로제떡볶이 8,500원, 짜장떡볶이세트 18,500원, 가래떡떡볶이 세트 18,500원, 밀떡볶이 세트 18,500원, 로제떡볶이세트 19,500원, 할매로제떡볶이 6,500원, 가래떡떡볶이 5,500원, 밀떡볶이 5,500원, 옛날짜장떡볶이 5,500원, 모듬튀김 4,000원, NEW할매튀김 6,000원, 순대볶음（1인분） 7,500원, 무침만두（5개） 4,500원, 순대 5,500원, 꼬지어묵 3,500원, 물떡（3개） 3,500원, 국물비빔밥 4,000원"
2137213736,김밥선수야식선수,35.1654703143472,126.903151376693,,전남광주통합특별시 북구 무등로180번길 6,음식점 > 분식,False,"[야채폭탄]대왕 쫄면 10,500원, 가래떡 라볶이 9,500원, [돼지고기]김치찌개(공기밥포함) 11,900원, (돼지폭탄)짜글이+공기밥 17,500원, [사골]떡만두국(공기밥포함) 13,000원, [점보] 물냉면 11,500원, [점보] 비빔냉면 12,500원, [점보] 멸치국수 11,500원, [점보] 비빔국수 12,500원, 오뎅탕 7,000원, 우동 6,500원, (김치)우동 7,000원, 너구리 4,500원, 신라면 5,000원, 짜파게티 5,500원, (치즈)짜파게티 6,000원, 떡라면 6,000원, 김치라면 6,000원, 참치라면 6,000원, 치즈라면 6,000원, 가래 떡볶이 8,500원, [치즈]가래 떡볶이 9,500원, [치즈]가래떡 라볶이 10,500원, [바지락]된장찌개(공기밥 포함) 11,900원, [삼겹살]김치찌개(공기밥포함) 12,400원, [참치]김치찌개(공기밥포함) 12,900원, [순두부한모]찌개(공기밥포함) 11,900원, [스팸한캔]김치찌개(공기밥포함) 17,500원, (참치폭탄)짜글이+공기밥 18,500원, (스팸폭탄)짜글이+공기밥 18,500원"
17451485,김밥나라 전대예대점,35.18068674308319,126.90279629026831,062-430-8249,전남광주통합특별시 북구 용주로30번길 36,음식점 > 분식,False,"김치찌개 7,000원, 참치김치찌개 7,000원, 순두부찌개 7,000원, 고기만두（8p） 5,500원, 돈가스김밥 4,500원, 참치김밥 4,000원, 일반김밥 3,500원, 치즈돈가스 8,500원, 갈비만두（6p） 5,500원, 쫄면 7,500원, 떡볶이 5,500원, 오뎅 5,500원, 제육덮밥 7,500원, 돈가스 7,500원, 참치비빔밥 6,000원, 오므라이스 8,500원, 김치볶음밥 8,000원"
488508212,꿈에그린분식,35.1808044810548,126.903498775394,,전남광주통합특별시 북구 용주로30번길 49,음식점 > 분식,False,"떡볶이 5,500원, 모듬순대 6,500원, 어묵(3개)꼬치 2,000원, 찰옥수수 4,000원, 새우튀김 2,000원, 오징어튀김 1,500원, 야채튀김 1,500원, 고구마튀김 1,500원, 고추튀김 2,000원, 김말이 1,000원, 닭꼬치 3,500원, 쏘떡 3,500원, 핫도그 3,500원, 모듬튀김(고추,새우,오징어,김말이,고구마) 7,500원, 참치김치찌개 8,000원, 돼지김치찌개 9,000원, 보글보글 된장찌개 9,000원, 공기밥 2,000원, 잔치국수 8,000원, 비빔국수 8,000원, 콜라 355mL 2,000원, 사이다 355mL 2,000원, 환타 355mL 2,000원, 꿈에세트 19,500원, 그린세트 15,000원"
8700469,김밥나라 신안점,35.1648720529397,126.90808816359,062-521-8123,전남광주통합특별시 북구 무등로 225,음식점 > 분식,False,"즉석김밥 4,000원, 치즈김밥 4,500원, 김치김밥 4,500원, 매운고추김밥 4,500원, 참치김밥 5,000원, 샐러드김밥 5,000원, 쇠고기김밥 5,000원, 날치알김밥 5,000원, 계란말이김밥 6,000원, 고추참치김밥 5,500원, 고추김치김밥 5,500원, 김치참치김밥 5,500원, 라면 5,000원, 떡라면 6,500원, 만두라면 6,500원, 치즈라면 6,500원, 김치라면 6,500원, 순두부라면 7,000원, 콩나물김치라면 7,000원, 짬뽕라면 8,000원, 우동 6,500원, 김치우동 7,000원, 어묵우동 8,000원, 쫄면 9,000원, 칼국수 9,500원, 고기만두 6,500원, 김치만두 6,500원, 물만두 7,000원, 고추튀김만두 7,500원, 갈비만두 7,000원"
1622903855,맛있으면0칼로리,35.17348666602916,126.914708901993,062-452-6920,전남광주통합특별시 북구 서방로 15,음식점 > 분식,False,"보쌈+보쌈김치 12,900원, 제육 도시락 10,000원, 제육볶음600g(조리 전 무게) 단품 （조리o） 12,000원, 김치찌개 10,000원, 공기밥 1,000원, 돼지 불고기 도시락 10,000원, 순살 닭 볶음 10,000원, 돈까스 10,000원, 치킨 까스 10,000원, 부대덮밥 10,000원, 김치 제육 덮밥 10,000원, 순살 닭 볶음600g(조리 전 무게) 단품 （조리o） 12,000원, 돼지불고기600g(조리 전 무게) 단품 （조리o） 12,000원, （팽이버섯 듬뿍）제육 덮밥 10,000원, （팽이버섯 듬뿍）돼지 불고기 덮밥 10,000원, 폭탄도시락(제육) 8,500원, 폭탄도시락(돼지불고기) 8,500원, 폭탄도시락(순살닭볶음) 8,500원, 야채 비빔밥 9,500원, 익힌 소고기 비빔밥(익비) 10,500원, 제육 비빔밥 10,500원, 부대찌개 10,000원, 우삼겹 된장찌개 11,000원, 순두부찌개 10,000원, 크림 부대찌개 10,000원, 크림 순대국밥 10,000원, 얼큰 순대국밥 10,000원, 모듬만두（소20개） 10,000원, 모듬만두 （중40개） 20,000원, 모듬만두（대60개） 30,000원"
574856973,머슬 샐러드,35.172272656393126,126.90516973407733,010-2968-2321,전남광주통합특별시 북구 용봉로 76,음식점 > 카페,False,"닭가슴살샐러드 8,900원, 닭 목살 샐러드 9,900원, 구운 두부&버섯 샐러드 9,900원, 브런치 소세지 에그 샐러드 11,400원, 꿀자몽&새우샐러드 12,900원"
1556465622,우든버러,35.1719005652569,126.905386419388,,전남광주통합특별시 북구 자미로66번길 7-7,음식점 > 카페,False,"아메리카노 3,800원, 카페라떼 4,500원, 우든버러 커피 5,600원, 아몬드 브라운 5,800원, 유자 히비스커스 5,700원, 디카페인 아메리카노 4,400원, 아메리카노 캔 set 11,000원, 아몬드브라운 캔set 17,000원, 카라멜 휘낭시에 3,500원, 로투스 휘낭시에 3,500원, 바게트 볼 4,600원, 플레인 스콘 4,500원, 초코 스콘 4,500원, 깜빠뉴 샌드위치(햄앤치즈) 5,500원, 깜빠뉴 샌드위치(콘앤할라피뇨) 7,200원, 깜빠뉴 샌드위치(치킨텐더) 7,800원, WDBR 커피원두 200g 15,000원, 드립백 1ea 1,500원, 드립백 1box （8ea） 11,000원"
456422583,금커피별빙수 광주전대점,35.172419986927,126.906858983853,062-512-0518,전남광주통합특별시 북구 용봉로 92,음식점 > 카페,False,"에그스팸김밥 6,000원, 레인보우 과일빙수(팥no) 15,900원, 딸기쨈토스트 (딸기쨈+치즈) 6,500원, 금별 패밀리 세트 30,000원, 금별 정복 세트 25,000원, 금별 레트로 세트 24,000원, 금별 분식 세트 17,400원, (핫한디저트) 금별 망고사고 10,900원, 초코초코 빙수 + 흰우유300mL 17,500원, 아재커피빙수 + 커피우유300mL 17,500원, 블루베리바나나 빙수 17,500원, 블루베리바나나우유 7,500원, BIG두물머리 연잎핫도그(양평가지말고 금별에서 드세요) 6,000원, 맛있는 간식 호호~ 잡채호떡 7,000원, 꿀바나나우유 7,000원, 꿀사과우유 7,000원, 프리미엄~ 케일사과쥬스 6,500원, 프리미엄~ 케일청포도쥬스 6,500원, 프리미엄~ 케일바나나쥬스 6,500원, (인기메뉴)한입가래떡볶이 7,500원, 어묵듬뿍~오뎅볶이 7,500원, 로제 한입가래떡볶이 (NEW) 9,900원, 마라로제 한입가래떡볶이 (NEW) 10,900원, 복들어오는 복돼지빵 (겉.바.속.쫀 붕어빵 상위버전) 7,000원, 땅콩 듬뿍 통통 땅콩빵 5,000원, 자몽허니 얼그레이 (a.k.a 자허블) 7,000원, 냉마스무디 (중독성있는 담백한 맛) 6,800원, 미숫가루 쉐이크 6,000원, 딸기 스무디 6,800원, (핫한디저트) 블루베리사고 11,900원"
1466289027,글로어 전대정문점,35.17163868927537,126.90477089688265,,전남광주통합특별시 북구 자미로 64,음식점 > 카페 > 테마카페 > 디저트카페,False,"우유크림 도넛 3,900원, 초코퍼지 도넛 4,000원, 글레이즈 링도넛 3,200원, 초코크런치 링도넛 3,300원, 1L 아메리카노 （ICE） 3,800원, 바닐라커스타드 도넛 3,800원, 파인애플 산도 4,900원, 망고 산도 5,900원, 3종 후르츠 산도 7,300원, 두쫀볼 4,500원, 두쫀쿠 3구 세트 12,000원, 두쫀쿠 세트 18,000원, 딸기 오레오 쫀득쿠키 6,500원, 후르츠링 쫀득쿠키 6,000원, 두바이도넛 6,800원, 레몬유자도넛 3,800원, 티라미슈43 도넛 3,900원, 앙버터 도넛 3,800원, 인절미 도넛 3,900원, 오레오 링도넛 3,300원, 시나몬슈가 링도넛 3,000원, 우유생크림커스텔라 도넛 4,200원, 카야버터 도넛 4,300원, 얼그레이크림도넛 3,800원, 뽀또크림치즈도넛 3,800원, 말차크림도넛 3,800원, 블루베리 잼 도넛 3,500원, 스트로베리 쨈 도넛 3,500원, 닭가슴살 샐러드 5,500원, 플레인 베이글 3,500원"
69083095,어론커피,35.1700986253823,126.901829737043,,전남광주통합특별시 북구 신안동 475-25,음식점 > 카페,False,"피에노 3,000원, 오네로소 3,500원, 아메리카노 3,000원, 롱블랙 3,000원, 카페라떼 3,500원, 플랫화이트 3,500원, 바닐라라떼 4,000원, 돌체라떼 4,000원, 카라멜마끼아또 4,500원, 모카라떼 4,500원, 꼰파냐 3,500원, 레몬에이드 4,500원, 자몽에이드 4,500원, 레몬차 4,000원, 자몽차 4,000원, 티라미수 크림라떼 5,500원, 말차크림라떼 5,500원, 딸기크림라떼 5,500원, 아인슈페너 5,000원, 아인슈페너라떼 5,000원"
52062237,이디야커피 전남대정문점,35.17230611135343,126.90530361924392,,전남광주통합특별시 북구 용봉로 80,음식점 > 카페 > 커피전문점 > 이디야커피,False,"이직로그 알바세트 18,000원, 생과일 수박주스 5,800원, 생과일 토마토주스 5,800원, 생수박 과일화채 6,200원, ICED 얼박샷추 4,000원, ICED 얼박샷추(디카페인 샷 변경) 4,500원, ICED 얼박사 코코 에이드 5,200원, ICED 얼박사 젤리 플랫치노 4,500원, 연유뿌린 버터떡(1개) 3,000원, 치즈품은 버터떡(1개) 3,000원, 레몬쏙쏙 모찌떡 3,200원, 청포도쏙쏙 모찌떡 3,200원, ICED 빅보틀 아메리카노 5,700원, ICED 디카페인 빅보틀 아메리카노 6,200원, ICED 빅보틀 복숭아아이스티 5,700원, ICED 빅보틀 레몬아이스티 5,700원, ICED 빅보틀 루이보스 5,700원, ICED 빅보틀 얼그레이 5,700원, ICED 빅보틀 캐모마일 5,700원, ICED 빅보틀 페퍼민트 5,700원, ICED 빅보틀 히비스커스 5,700원, 팥인절미 빙수(1인) 7,400원, (컵빙수)팥절빙 5,400원, (컵빙수)망코빙 5,400원, (컵빙수)두초빙 6,400원, HOT 아메리카노 3,200원, ICED 아메리카노 3,200원, ICED 에스프레소 코코넛 5,000원, HOT 에스프레소 코코넛 5,000원, HOT 시그니처 라떼 5,000원"
307830596,메가MGC커피 전대정문점,35.1718962309259,126.904457742892,062-511-8081,전남광주통합특별시 북구 자미로 67,음식점 > 카페 > 커피전문점 > 메가MGC커피,False,
992635127,컴포즈커피 광주전대정문점,35.1711049098642,126.904547584031,062-710-4433,전남광주통합특별시 북구 자미로 58,음식점 > 카페 > 커피전문점 > 컴포즈커피,False,"아메리카노 1,500원"
967787786,소미담 전남대점,35.1717767685045,126.90850192254,010-6648-0137,전남광주통합특별시 북구 중흥동 331-1,음식점 > 카페 > 테마카페 > 디저트카페 > 소미담,False,"모둠세트 19,100원, 고구마크림떡 1,700원, 호박인절미 2,100원, 아메리카노 (ICE) 2,200원, 우리쌀식혜 3,300원, 딸기요거트크림떡 1,800원, 제주말차크림떡 1,900원, 찐한우유크림떡 1,800원, 초코크림떡 1,800원, 밀크티 4,000원, 얼그레이 자몽티 4,000원, 미숫가루 3,300원, 수정과 3,300원, 복분자차 3,800원, 크림떡세트 21,200원, 크리미세트 11,100원, 인절미 우유빙수 12,900원, 흑임자 우유빙수 15,900원, 말차 우유빙수 13,900원, 옥수수크림떡 1,700원, 밤크림떡 1,800원, 꿀떡 1,700원, 바람떡 1,700원, 인절미 1,900원, 쑥인절미 2,000원, 흑임자인절미 2,100원, 콩쑥개떡 1,500원, 수리취떡 1,400원, 호두찹쌀떡 1,500원, 아메리카노 (HOT) 2,200원"
687494400,더플레인,35.1709555658407,126.903763986745,010-2117-8462,전남광주통합특별시 북구 서양로 21,음식점 > 카페 > 테마카페 > 디저트카페,False,"마카롱 2,500원, 도시락케이크 16,000원, 꼬끄후레이크, 3,000원, 다쿠아즈 3,500원, 보냉포장 1,000원, 쿠키 3,800원"
600498825,브릭,35.1710359285357,126.906243643178,,전남광주통합특별시 북구 서양로41번길 16,음식점 > 카페,False,"브릭라떼 (ICE) 5,500원, 에스프레소 3,000원, 아메리카노 3,500원, 콜드브루 4,500원, 카페라떼 4,500원, 바닐라라떼 5,000원, 발로나초코라떼 5,500원, 애플망고스무디 6,500원, 유기농비트차 4,500원, 미숫가루 5,000원, 생과일주스 6,000원, 제주청귤차 5,000원, 오미자차 5,000원, 캐모마일 4,000원, 복숭아 아이스티 4,500원, 수제대추차 6,000원, 수제생강차 6,000원, 레몬에이드 5,500원, 자몽에이드 5,000원, 아포카토 5,000원, 자몽차 5,000원, 귤피차 4,500원, 소금커피 5,500원, 고구마라떼 5,000원, 오미자에이드 5,500원, 제주레몬차 5,000원, 말차라떼 5,000원, 생강라떼 5,000원, 티라미수 6,500원, 에그타르트 3,000원, 오리지널휘낭시에 2,800원, 얼그레이휘낭시에 3,500원, 솔티초코휘낭시에 3,700원, 플레인요거트 5,000원, 땡모반수박주스 6,000원, 바질토마토에이드 6,000원, 레몬휘낭시에 3,500원, 피스타치오휘낭시에 3,700원"
26537707,카페노블,35.1717165906951,126.905261491306,062-412-8791,전남광주통합특별시 북구 자미로66번길 7,음식점 > 카페,False,"아메리카노 (HOT) 5,000원, 카페라떼 (HOT) 5,000원, 밀크티 (HOT) 5,500원, 레몬에이드 5,000원, 허브티 (레몬그라스/민트/루이보스/캐모마일) 5,000원, 요거트 (딸기/키위/망고/블루베리) 6,000원, 연어샐러드 7,000원, 목살샐러드 7,000원"
855061307,청자다방 전대정문점,35.1710180363119,126.904112988249,062-528-3330,전남광주통합특별시 북구 자미로 55,음식점 > 카페 > 청자다방,False,
113044966,벌크커피 전남대직영점,35.1714624928749,126.904223336821,062-512-4687,전남광주통합특별시 북구 자미로 61,음식점 > 카페 > 벌크커피,False,"아메리카노 2,000원, 벌크업아메리카노 (약1L 코끼리용량) 3,500원, 양촌리다방커피 （BEST 추천메뉴） 4,400원, 크림쿠키프라페 （BEST 추천메뉴） 4,500원, 복숭아아이스티 （BEST 추천메뉴） ONLY ICE 3,500원, 꿀 아메리카노 3,200원, 바나나 라떼 4,000원, 바나나 헤이즐넛 카페라떼 5,300원, 바나나 밀크티라떼 5,300원, 썬라이즈 부스터 4,800원, 블루웨이브 부스터 4,800원, 파워부스터 슬러시 5,000원, 버터떡 1,000원, 벌크 팥앙금빵 1,500원, 땅콩빵12개 3,500원, NEW컵볶이 2종 출시 5,400원, [여기가 바로] 아메리칸 핫도그 3,900원, 허니브레드 5,000원, 크림 갈릭 베이글 4,200원, 버터품은 소금빵 3,500원, 우유크림파이 2,800원, 치즈 조각케이크 4,000원, 티라미수 조각케이크 4,000원, 초코무스 조각케이크 4,500원, 초콜렛칩 데이비드쿠키 2,000원, 더블초코칩 데이비드쿠키 2,000원, 마카다미아 데이비드쿠키 2,000원, 피넛버터 데이비드쿠키 2,000원, Real수박주스 5,200원, 인생절미 컵빙수 5,200원"
1250033002,케주베이커리 전대상대점,35.17791542586869,126.90437275573669,0502-5553-8141,전남광주통합특별시 북구 설죽로214번길 123,음식점 > 카페 > 테마카페 > 디저트카페,False,"에그타르트 2,700원, 아메리카노 2,000원"
1371087579,모리사코,35.171402172522,126.899852264151,,전남광주통합특별시 북구 용봉로28번길 2,음식점 > 카페 > 커피전문점,False,"아오이나츠 6,000원, 시오크림 6,000원, 마스타라테 6,000원, 에스프레소 4,500원, 아메리카노 4,500원, 플랫화이트 5,000원, 라테 5,500원, 카푸치노 5,500원, 콜드브루 5,500원, 핸드드립 6,000원, 바닐라라테 6,000원, 크림모카 6,000원, 크림프레소 4,500원, 아인슈페너 6,000원, 모카치노 5,500원, 아이리시 6,000원, 말차라테 5,500원, 말차에스프레소라테 6,000원, 말차크림 6,000원, 이치고 6,000원, 초코라테 5,000원"
1975473279,힐링식지락,35.1713961049889,126.905771207723,010-2633-6849,전남광주통합특별시 북구 자미로66번길 20,음식점 > 카페,False,"에그모닝빵 3,000원"
1735978920,아쏘커피,35.17240682696241,126.9073288312277,070-4155-2800,전남광주통합특별시 북구 용봉로 98,음식점 > 카페,False,"아메리카노 2,200원, 카페라떼 3,800원, 에스프레소 2,200원, 카페라테 3,800원, 바닐라라테 3,800원, 콜드브루 3,000원, 아이스티복숭아(ONLY ICE) 3,000원, 바닐라라떼 3,800원"
990459089,훼이보릿커피,35.1777457673422,126.901864456515,,전남광주통합특별시 북구 설죽로214번길 76,음식점 > 카페,False,"아메리카노 3,500원, 카페라떼 3,800원, 연유라떼 4,200원, 헤이즐넛라떼 4,200원, 밀크티 4,200원, 유자차 4,000원, 캐모마일 4,000원, 페퍼민트 4,000원, 바닐라크림라떼 5,000원, 크림라떼 4,500원, 바닐라라떼 4,200원, 상하목장 밀크쉐이크 5,000원, 블루베리 요거트스무디 4,500원, 플레인 요거트스무디 5,500원, 패션후르츠에이드 4,500원, 말차밀크 4,500원, 초코밀크 4,500원, 청포도에이드 5,500원, 아몬드라떼 4,200원, 카라멜라떼 4,200원, 아몬드크림모카 5,000원, 머스캣 4,000원, 스트로베리민트 4,000원, 생레몬에이드 5,500원"
1714748957,주디마리 전대점,35.17507891694209,126.91281467465842,062-267-1001,전남광주통합특별시 북구 우치로 86,음식점 > 카페,False,"카라멜커스터드푸딩 4,500원, 순수우유푸딩 4,000원, 초코푸딩 4,500원, 말차푸딩 4,800원, 바나나푸딩파르페 8,500원, 망고푸딩파르페 8,500원, 오레오푸딩파르페 8,000원, 얼그레이푸딩 4,800원, 블루베리푸딩 4,800원, 라즈베리푸딩 4,800원, 민트초코푸딩 4,800원, 곰돌이밀크티 6,000원, 메론소다 5,000원, 블루소다 5,000원, 플레인크로플 3,800원, [가을한정]무화과푸딩 4,800원, [가을한정]무화과라떼 6,500원, [가을한정]무화과푸딩파르페 8,700원, [가을한정]무화과생크림크로플 6,500원"
11317712,하나비커피,35.171547539742406,126.90812675649019,062-267-4359,전남광주통합특별시 북구 신흥로 39-2,음식점 > 카페 > 커피전문점,False,"(직접구운 잡곡빵)닭가슴살샐러드샌드위치 8,000원, (직접구운 잡곡빵)그릴드비프샌드위치 8,500원, (직접구운 잡곡빵)터키클럽샌드위치 10,000원, (20cm 서브잡곡빵)매콤닭순살치즈서브 11,000원, (직접구운 잡곡빵)에그치즈토스트 3,500원, 카페라떼 4,500원, (직접구운 잡곡빵)햄에그샌드위치 7,000원, (직접구운 잡곡빵)터키에그샌드위치 7,500원, (직접구운 잡곡빵)BELT샌드위치 7,500원, (직접구운 잡곡빵)햄치즈샌드위치 6,500원, (직접구운 잡곡빵)터키치즈샌드위치 6,500원, (직접구운 잡곡빵)치킨텐더샌드위치 8,500원, (직접구운 잡곡빵)클럽샌드위치 9,500원, (20cm 서브잡곡빵)햄치즈베이컨서브 10,500원, (20cm 서브잡곡빵)베이컨터키&스위스치즈서브 11,000원, (20cm서브잡곡빵)이탈리안 콜드컷 서브 11,500원, (20cm서브잡곡빵)필리 스테이크 치즈 서브 13,000원, (직접구운 잡곡빵)스크램블에그토스트 3,000원, (직접구운 잡곡빵)햄치즈토스트 4,000원, (직접구운 잡곡빵)베이컨치즈토스트 4,500원, 잠봉치즈토스트 5,000원, 잠봉뵈르토스트 6,000원, 케이준치킨샐러드 大(대) 10,000원, 새우튀김샐러드 大(대) 10,000원, 닭가슴살시저샐러드 大(대) 10,000원, 바질크림그린샐러드 大(대) 10,000원, 아메리카노 3,000원, 디카페인아메리카노 3,500원, 하나비바닐라라떼 5,500원, 하나비헤즐넛라떼 5,500원"
1382776997,투썸플레이스 전남대캠퍼스점,35.1750921003809,126.911110913287,070-4141-5333,전남광주통합특별시 북구 용봉로 77,음식점 > 카페 > 커피전문점 > 투썸플레이스,False,
835337946,오프박스,35.1720506199019,126.908288655269,062-470-1009,전남광주통합특별시 북구 용봉로90번길 31,음식점 > 카페,False,"아메리카노 4,000원, 카페라떼 4,800원, 수제 마들렌 3,300원"
1002342032,카페ING 전남대학교 도서관점,35.1769485494564,126.905880069923,1522-4762,전남광주통합특별시 북구 용봉로 77,음식점 > 카페 > 커피전문점 > 카페ING,False,"뚱바초코푸딩라떼 4,100원, 바닐라 구름 초코 푸딩 라떼 4,100원, 카라멜마끼아또 3,700원, 흑당라떼(ICE) 3,900원, 아인슈페너 3,500원, 아인슈페너라떼 4,000원, 콜드브루(ICE) 3,500원, 콜드브루라떼(ICE) 4,000원, 티라미수라떼 4,100원, 흑임자밀크티 4,100원, 초콜릿라떼(다크) 3,400원, 제주산 말차라떼 3,500원, 고구마라떼 3,700원, 민트초코라떼 3,700원, 죠리퐁라떼(바닐라/딸기)(ICE) 4,100원, 로얄밀크티 3,700원, 미숫가루(ICE) 3,000원, 딸기라떼(ICE) 3,700원, 흑당밀크티(ICE) 4,200원"
1031943100,카페숲,35.1709301598802,126.904691589486,,전남광주통합특별시 북구 서양로 29-1,음식점 > 카페,False,"쌍화차 3,000원, 인삼차 3,000원, 도라지차 3,000원, 대추차 3,000원, 패션후르츠 3,000원, 감귤차 2,800원, 고구마라떼 3,000원, 콜드브루(디카페인) 2,000원, 라떼 2,800원, 도피넛라떼 3,000원, 녹차라떼 3,000원, 홍차라떼 3,000원, 민트초코 3,000원, 허니멜론라떼. 3,000원, 호박라떼 3,000원, 메실차 2,000원, 모과차 2,000원, 레몬차 2,000원, 자동차 2,000원, 생강차 2,000원, 라임차 2,000원, 유자차 2,000원, 청귤차 2,000원, 아메리카노 1,800원, 흑당밀크티 2,800원, 카페모카 2,800원, 바닐라라떼 2,800원, 카프치노 2,800원, 달고나밀크티 3,000원, 콜드브루 2,000원, 키위, 토마토 생과일 쥬스 3,500원, 바나나 생과일 쥬스 3,000원, 레몬, 복숭아, 석류, 사과, 망고, 자몽 아이스티 2,000원, 초코 아이스티 2,800원, 자바칩 3,900원, 모카칩 3,500원, 그린티 3,500원, 프랄린 앤크림 프라푸치노 3,500원, 카라멜 프라푸치노 3,500원, 플레인 요거트스무디 3,000원, 딸기,블루베리,망고 스무디 3,300원, 키위, 자몽, 청포도, 멜론 스무디 3,200원"
2054319867,비기닝투데이,35.1728871985462,126.91086302715,010-7449-3767,전남광주통합특별시 북구 용봉로 128,음식점 > 카페,False,"아메리카노 3,500원, 카페라떼 4,000원, 플랫화이트 4,000원, 귀리라떼 4,200원, 바닐라라떼 4,500원, 돌체라떼 4,500원, 크림라떼 5,000원, 아인슈페너 5,000원, 콜드브루아메리카노 4,500원, 콜드브루디카페인아메리카노 4,500원, 콜드브루바닐라라떼 5,000원, 생딸기 주스 6,000원, 생딸기 라떼 6,000원, 토마토 주스 6,000원, 캐모마일 4,000원, 페퍼인트 4,000원, 자몽차 5,500원, 백향과자 5,500원, 젤리 복숭아 아이스티 4,000원"
272369065,달콤메이드,35.1699906077826,126.907748701265,,전남광주통합특별시 북구 서양로 59,음식점 > 카페,False,
634084432,모먼트오월,35.1710667962078,126.911326056815,0503-7152-9710,전남광주통합특별시 북구 우치로 39-1,음식점 > 카페,False,"크랙소금빵 3,200원, 갈릭크림치즈소금빵 4,800원, 명란포테이토소금빵 6,500원, 카페라떼 4,500원, 바닐라라떼 5,000원, 소프트소금빵 2,900원, 초코라떼 5,500원, 딸기라떼 5,800원, 말차라떼 5,800원, 레몬차 5,500원, 자몽차 5,500원, 초코소금빵 3,800원, 블루레몬에이드 5,800원, 자몽에이드 5,800원, 수박주스 6,000원, 아메리카노 3,800원, 오렌지비앙코 5,500원, 찹쌀떡소금빵 4,300원, 파인애플에이드 5,800원, 자몽블랙티 6,000원, 디카페인 1,000원, 바질토마토소금빵 4,300원"
531466867,리피피,35.1779361337302,126.900978292277,070-4006-1625,전남광주통합특별시 북구 설죽로214번길 60,음식점 > 카페,False,"리피피 스프링 5,500원, 리피피 썸머 5,500원, 아메리카노 3,000원, 카페라떼 3,500원, 바닐라라떼 4,000원, 아몬드크림라떼 5,500원, 아이스크림라떼 5,500원, 바밤바크림라떼 5,500원, 로얄밀크티 5,000원, 다크초콜릿 5,000원, 말차라떼 5,000원, 캐모마일 4,000원, 루이보스빌베리 4,000원, 자몽에이드 4,500원, 청포도에이드 4,500원, 에그햄 샌드위치 6,000원, 치킨텐더 샌드위치 6,500원, 불갈비 샌드위치 6,500원, 카야토스토 4,000원, 레몬에이드 4,500원"
948759788,메가MGC커피 광주북구청점,35.1727344445952,126.910287976217,062-710-8897,전남광주통합특별시 북구 용봉로 124-1,음식점 > 카페 > 커피전문점 > 메가MGC커피,False,
137698501,다운스커피,35.17258903616828,126.90989733991336,,전남광주통합특별시 북구 용봉로 120-1,음식점 > 카페 > 테마카페 > 디저트카페,False,"크림라떼 5,000원, 에스프레소 3,500원, 아메리카노 3,500원, 롱블랙 3,500원, 아인슈페너 4,500원, 필터커피 6,500원, 라떼 4,200원, 피콜로라떼 3,800원, 플랫화이트 4,200원, 바닐라라떼 4,500원, 밀크티 5,000원, 율무라떼 4,200원, 진저라떼 4,500원, 자몽에이드 5,000원, 레몬에이드 5,000원, 애플티망고에이드 5,000원, 얼그레이바닐라에이드 5,000원, 복숭아아이스티 4,500원, 페퍼민트티 4,500원, 크림플랫 5,000원"
1413787957,콜라이드커피,35.1724139701969,126.90607081392325,010-8986-4885,전남광주통합특별시 북구 용봉로 86,음식점 > 카페,False,"아메리카노 3,500원, 카페라떼 4,000원, 바닐라라떼 4,500원, 카라멜마끼야또 4,500원, 카페모카 4,500원, 화이트콜라이드 5,000원, 딸기라떼 4,500원"
1380946028,할리스 atti-C 2023점,35.174900004280794,126.90275926778769,062-530-0040,전남광주통합특별시 북구 용봉로 77,음식점 > 카페 > 커피전문점 > 할리스,False,
696589088,비티씨,35.17733607622692,126.90239189547492,062-511-5436,전남광주통합특별시 북구 설죽로202번길 90,음식점 > 카페,False,
20262596,이디야커피 전남대상대점,35.17724048076786,126.90121626155954,062-515-3784,전남광주통합특별시 북구 설죽로202번길 71,음식점 > 카페 > 커피전문점 > 이디야커피,False,"생과일 수박주스 5,800원, 생과일 토마토주스 5,800원, 생수박 과일화채 6,200원, ICED 얼박샷추 4,000원, ICED 얼박샷추(디카페인 샷 변경) 4,500원, ICED 얼박사 코코 에이드 5,200원, ICED 얼박사 젤리 플랫치노 4,500원, 치즈품은 버터떡(1개) 3,000원, 레몬쏙쏙 모찌떡 3,200원, 청포도쏙쏙 모찌떡 3,200원, 팥인절미 빙수(1인) 7,400원, 더블베리 요거트 빙수(1인) 7,400원, (컵빙수)팥절빙 5,400원, (컵빙수)망코빙 5,400원, (컵빙수)두초빙 6,400원, (접시빙수)팥절빙 13,300원, (접시빙수)망코빙 13,300원, (접시빙수)두초빙 14,300원, HOT 아메리카노 3,200원, ICED 아메리카노 3,200원, ICED 에스프레소 코코넛 5,000원, HOT 에스프레소 코코넛 5,000원, HOT 시그니처 라떼 5,000원, ICED 시그니처 라떼 5,000원, HOT 헤이즐넛 아메리카노 4,200원, ICED 헤이즐넛 아메리카노 4,200원, ICED 꿀화이트 아메리카노 4,200원, HOT 달달커피 3,500원, ICED 달달커피 3,500원, HOT 제로슈가 달달커피 3,500원"
7975005,스타벅스 전남대점,35.1772166772749,126.912456703755,1522-3232,전남광주통합특별시 북구 우치로 110,음식점 > 카페 > 커피전문점 > 스타벅스,False,"브루드 커피 4,500원, 카푸치노 5,200원, 카페 라떼 5,200원, 카페 모카 5,700원, 카페 아메리카노 4,700원, 카라멜 마키아또 6,100원, 화이트 초콜릿 모카 6,100원, 스타벅스 돌체 라떼 6,100원, 자바 칩 프라푸치노 6,500원, 망고 바나나 블렌디드 6,600원, 아이스 자몽 허니 블랙 티 5,900원, 자몽 허니 블랙 티 5,900원, 콜드 브루 5,100원, 디카페인 카페 아메리카노 5,000원, 디카페인 카페 라떼 5,500원, 제주 말차 라떼 6,100원, 돌체 콜드 브루 6,000원"
1377199653,데이지,35.177971419869884,126.90451211253301,,전남광주통합특별시 북구 설죽로214번길 127,음식점 > 카페,False,
2135974445,카페 디케,35.1740347464371,126.90281518612,010-6861-1177,전남광주통합특별시 북구 용봉로 77,음식점 > 카페,False,"아이스 아메리카노 2,500원, 핫 아메리카노 2,000원, 1리터 아메리카노 3,500원, 아이스 카페라떼 3,500원, 아이스 락토프리 카페라떼 4,000원, 아이스 바닐라/연유카페라떼 4,000원, 녹차/고구마/달고나/리얼초코/딸기라떼 4,000원, 오곡/토피넛라떼 3,500원, 수제차 4,000원, 생과일 주스 4,500원, 에이드/스무디/식혜 4,000원, 아이스 허브티 3,500원, 밀크티(얼그레이/루이보스) 4,500원, 복숭아 아이스티 2,500원, 아샷추 3,000원, 홍차+자몽 4,000원, 에그샌드위치 3,500원, 반반샌드위치 6,000원, 핫치킨샌드위치 6,500원, 대만샌드위치 2,500원, 바질치즈샌드위치 5,500원, 누텔라바나나/카야토스트 3,500원, 딸기잼토스트 2,500원, 인절미토스트 4,500원, 소금빵 2,800원, 쿠키 1,500원, 플레인/어니언베이글 2,000원, 블루베리베이글 2,500원, 크림치즈 1,000원"
1331657262,케주베이커리부티크 전대예대점,35.18085366981411,126.90301566207017,062-400-5256,전남광주통합특별시 북구 용주로30번길 41,음식점 > 카페 > 테마카페 > 디저트카페,False,"딸기생크림 7,500원, 수제마카롱 2,900원, 초코딸기 7,500원, 러블리생딸기라떼 6,000원, 아메리카노 2,000원"
527928279,음유커피로스터리,35.1689446908308,126.910904651266,010-4119-5236,전남광주통합특별시 북구 우치로 16,음식점 > 카페,False,"아메리카노 4,500원, 카페라떼 5,000원, 카푸치노 5,000원, 바닐라빈 라떼 5,500원, 아몬드 라떼 5,500원, 크림모카 6,000원, 크림라떼 6,000원, 그라니따 라떼 6,000원, 콜드브루 5,500원, 아포카토 6,500원, 캐모마일 6,000원, 페퍼민트 6,000원, 레몬그라스 6,000원, 라벤더 6,000원, 오미자차 6,500원, 백향과차 6,500원, 레몬차 6,500원, 복숭아아이스티 5,500원, 레몬아이스티 5,500원, 딸기스무디 7,000원"
63972623,메가MGC커피 전대상대점,35.1769536730765,126.901000341877,062-416-6245,전남광주통합특별시 북구 설죽로202번길 64,음식점 > 카페 > 커피전문점 > 메가MGC커피,False,
1612083648,오월에,35.1724009934604,126.906774479603,,전남광주통합특별시 북구 용봉로 92,음식점 > 카페 > 테마카페 > 디저트카페,False,"에스프레소 2,500원, 아메리카노 2,500원, 헤즐넛 아메리카노 3,000원, 카페라떼 3,500원, 카페모카 3,800원"
801916539,요거트월드 광주북구점,35.1776852293336,126.902799863459,070-7817-3535,전남광주통합특별시 북구 설죽로214번길 94,음식점 > 카페 > 테마카페 > 디저트카페 > 요거트월드,False,"[ 초코팅 SET ] 요거트아이스크림 6,000원, 슈팅월드(Shooting world) 9,500원, 납작복숭아 요거트아이스크림 5,000원, 피치코코자몽월드 12,000원, 피치망고월드 12,500원, [new]허니피치월드 13,500원, 복숭아 폭탄 15,500원, 허니피치 그릭 11,000원, 피치코코 에이드 4,500원, [new]복숭아 아이스티 3,000원, 춘식이의 슈 말차월드 11,000원, 춘식이의 쫀득초코 말차월드 10,500원, 춘식이의 두바이 말차월드 13,000원, 말차 요거트아이스크림 2인 5,000원, 딥 말차라떼 5,000원, 말차 곡물라떼 5,000원, 딸기라떼 4,800원, 요거트 딸기라떼 5,300원, '수제' 생딸기 우유 5,800원, 두바이 반반 폭탄 17,000원, 두바이초코폭탄 16,500원, 두바이생초코월드 12,000원, [저당] 요월 fit 11,500원, [저당] 블랙 Fit 10,500원, 꿀고구마월드 13,000원, [요월팩] 싱글컵 택 4종 15,800원, 빙수월드(Bingsu world) 10,000원, 초코월드(Chocolate world) 10,000원, 로투스월드(Lotus world) 9,500원, 오레오월드(Oreo world) 10,500원"
1618301736,해롱해롱,35.1717497251366,126.91091695965,010-5542-5955,전남광주통합특별시 북구 용봉로138번길 32-1,음식점 > 카페 > 테마카페 > 디저트카페,False,"풍선초콜릿 31,000원, 꽃초콜릿 39,500원, 화조도초콜릿 33,000원, 고량주봉봉초콜릿 10,000원, 미니꽃초코 12,000원, 미니풍선 10,500원"
606373848,앤요거트,35.1722735543122,126.905165342085,,전남광주통합특별시 북구 용봉로 76,음식점 > 카페,False,
8775285,구구통닭,35.1712765085285,126.904980984448,062-514-8892,전남광주통합특별시 북구 자미로66번길 8-10,음식점 > 치킨,False,"순살. 후라이드 大＋음료500ml 28,500원, 순살. 양념 大＋음료500ml 29,500원, 뼈.매콤 간장 大＋음료500ml 28,500원, 뼈.후라이드 大＋음료500ml 27,500원, 뼈.얼닭 大＋음료500ml 28,500원, 뼈.양념 大＋음료500ml 28,500원, 뼈.마늘간장 大 순한맛＋음료500ml 28,500원, 뼈.후라이드＋양념 大＋음료500ml 28,500원, 뼈.후라이드＋매콤 간장 大＋음료500ml 28,500원, 뼈.후라이드＋마늘간장 大＋음료500ml 28,500원, 뼈.양념＋매콤 간장 大＋음료500ml 29,500원, 뼈.양념＋마늘간장 大＋음료500ml 29,500원, 뼈.얼닭＋후라이드 大＋음료500ml 29,500원, 뼈.얼닭＋양념 大＋음료500ml 29,500원, 뼈.얼닭＋매콤 간장 大＋음료500ml 29,500원, 뼈.얼닭＋마늘간장 大＋음료500ml 29,500원, 순살. 매콤 간장 大＋음료500m 29,500원, 순살. 얼닭（매운후라이드）大＋음료500ml 29,500원, 순살. 마늘간장 大 순한맛＋음료500ml 29,500원, 순살. 후라이드＋양념 大＋음료500ml 29,500원, 순살. 후라이드＋매콤 간장 大＋음료500m 29,500원, 순살. 후라이드＋마늘간장 大＋음료500ml 29,500원, CASS 생맥주 1000cc19세 이상 9,000원, TERRA 병19세 이상 5,000원, CASS 병19세 이상 5,000원, Kelly 병19세 이상 5,000원, 참이슬 후레쉬19세 이상 5,000원, 잎새주19세 이상 5,000원, 진로19세 이상 5,000원, 새로19세 이상 5,000원"
18307100,페리카나 전대점,35.17016692701877,126.9061238927004,062-251-9222,전남광주통합특별시 북구 서양로 46,음식점 > 치킨 > 페리카나,False,"홍단치킨 23,000원, 홍홍치킨 23,000원, 단단치킨 23,000원, 치폴릭 23,000원, 화이트딥 치폴릭 24,000원, 화이트딥 양념치킨 23,000원, 화이트딥 매운양념치킨 24,000원, 감자치즈스틱 4,000원, 양념떡튀김 4,000원, 치즈뿌리오 22,000원, 순살 치즈뿌리오 24,000원, 핫데블치킨 23,000원, 순살 핫데블치킨 25,000원, 핫데블치킨 반반（핫데블 반＋후라이드／양념／간장／마늘／매운양념 中 택1） 24,000원, 후라이드치킨 20,000원, 매운 후라이드 22,000원, 양념치킨 22,000원, 매운 양념치킨 23,000원, 간장치킨 22,000원, 마늘치킨 22,000원, 반반치킨 22,000원, 다리／날개치킨 23,000원, 닭강정 24,000원, 생맥주 1000c19세 이상 8,000원, 참이슬19세 이상 5,000원, 잎새주19세 이상 5,000원, 카스19세 이상 5,000원"
684530508,까치통닭,35.17088640954841,126.90407691806085,062-528-4957,전남광주통합특별시 북구 자미로 55,음식점 > 치킨,False,"김치통닭(한마리) 20,000원, 후라이드 17,000원, 간장파닭(중) 16,000원, 닭도리탕 25,000원, 골뱅이무침 22,000원"
1637935587,갓튀긴후라이드 전남대점,35.171376298634,126.904649355313,062-513-5592,전남광주통합특별시 북구 자미로 64,음식점 > 치킨 > 갓튀긴후라이드,False,"갓튀긴후라이드 18,000원, 듬뿍 슈뿌림 21,000원, 듬뿍 꼬추마요 21,000원, [NEW]듬뿍 땡초마요 21,000원, [NEW] 듬뿍 까망 알리오 21,000원, [NEW] 듬뿍 뽀얀 어니언 21,000원, [NEW] 갓 튀긴 콤보 22,000원, 갓 튀긴 윙&봉 21,000원, 양념치킨 19,000원, 매운양념치킨 19,000원, 간장치킨 19,000원, 매운간장치킨 19,000원, 치즈땅 20,000원, 칠리땅 20,000원, 갓 파 후라이드 20,000원, 반반 치킨 18,000원, 갓 튀긴 윙&봉 반반 21,000원, 반반치킨＋양념감자튀김 23,500원, 반반치킨＋똥집 23,500원, 반반치킨 ＋ 염통꼬치（8개） 23,500원, 반반치킨＋갓 만든 떡볶이 23,500원, 반반치킨＋갓 만든 로제떡볶이 24,500원, 반반치킨 ＋ 갓 튀긴 튤립닭발 31,000원, 1마리하고 반마리 더 (두가지맛) 26,500원, 1마리하고 반마리 더 (세가지맛) 26,500원, 갓 튀긴 두마리 32,000원, 2마리 세가지맛 （한마리 ＋ 반반） 32,000원, 2마리 네가지맛 （반반 ＋ 반반） 32,000원, （120% 다리살） 갓 튀긴 두마리 （순살） 34,000원, 세가지맛（한마리＋반반）（순살 두마리） 34,000원"
2009722779,깻잎통닭 본점,35.1715649323379,126.904967476164,062-525-8875,전남광주통합특별시 북구 자미로66번길 2,음식점 > 치킨,False,"깻잎후라이드 21,000원, 매운양념치킨 23,000원, 마늘간장치킨 22,000원, 깻잎레몬파닭 25,000원, 깻잎마늘파닭 24,000원, 깻잎양념치킨 22,000원, 카레후라이드 23,000원, 카레양념치킨 24,000원, 닭강정（순살강정） 22,000원, 순살후라이드 21,000원, 순살양념 22,000원, 순살매운양념 24,000원, 순살마늘간장 22,000원, 반반（깻잎반＋양념반） 22,000원, 반반（깻잎반＋마늘간장반） 22,000원, 반반（ 마늘간장반＋양념반 ） 23,000원, 치즈볼 5,000원, 감자튀김 3,000원, 파 추가 2,000원, 카스 병19세 이상 5,000원, 생맥주19세 이상 8,000원, 참이슬19세 이상 5,000원, 잎새주19세 이상 5,000원"
1699299083,퓨전영수부영통닭 전남대점,35.1714715589118,126.905437411787,062-525-8486,전남광주통합특별시 북구 자미로66번길 14,음식점 > 치킨,False,"순살 후라이드 17,000원, 순살 양념 18,000원, 순살 간장 18,000원, 순살 매운양념 19,000원, 순살 매운간장 19,000원, 순살 겨자맛양념 20,000원, 후라이드（특大） 22,000원, 양념（특大） 23,000원, 간장치킨（특大） 23,000원, 매운양념（특大） 24,000원, 매운간장（특大） 24,000원, 양념반＋후라이드반（특大） 23,000원, 간장반＋후라이드반（특大） 23,000원, 양념반＋간장반（특大） 24,000원, 후라이드반＋매운양념반（특大） 25,000원, 양념반＋매운양념반（특大） 26,000원, 매운양념반＋간장반（특大） 26,000원, 순살 양념반＋후라이드반（특大） 23,000원, 순살 간장반＋후라이드반（특大） 23,000원, 순살 양념반＋간장반（특大） 24,000원, 순살 후라이드반＋매운양념반（특大） 24,000원, 순살 양념반＋매운양념반（특大） 26,000원, 순살 매운양념반＋간장반（특大） 26,000원, 순살 후라이드 ＋ 겨자양념 27,000원, 순살 간장 ＋ 겨자양념 29,000원, 500cc19세 이상 5,000원, 1000cc19세 이상 10,000원, 카스 병19세 이상 4,000원, 참이슬19세 이상 4,000원, 잎새주19세 이상 4,000원"
665912650,봉위치킨,35.170988521807885,126.90789466864456,062-521-9991,전남광주통합특별시 북구 자미로66번길 59,음식점 > 치킨,False,"후라이드통닭(대) 19,000원, 양념통닭(대) 20,000원, 간장통닭(대) 20,000원, 반반치킨(대) 20,000원, 순살후라이드(대) 19,000원, 순살양념(대) 20,000원, 순살간장(대) 20,000원, 간장(반)+양념(반) 21,000원"
71069875,자담치킨 광주전대점,35.1717679066271,126.906341598665,062-522-0777,전남광주통합특별시 북구 서양로41번길 31,음식점 > 치킨 > 자담치킨,False,
906831927,한남동한방통닭,35.172572478621156,126.91189524760229,062-232-3000,전남광주통합특별시 북구 우치로 57,음식점 > 치킨,False,"한방통닭구이 22,000원, 바베큐소금구이 22,000원, 바베큐양념구이 28,000원, 모래주머니볶음 15,000원, 양념소스 500원, 겨자소스 500원, 무 500원, 김치（추천） 1,000원, 펩시 콜라500ml 2,000원, 칠성 사이다 500ml 2,000원, 펩시 콜라1.25L 3,000원, 칠성 사이다 1.25L 3,000원, ★제로 펩시 콜라500ml 2,000원, ★제로 칠성 사이다 500ml 2,000원, 생맥주 1,000cc19세 이상 7,000원, 참이슬19세 이상 5,000원, 잎새주19세 이상 5,000원, 진로19세 이상 5,000원, 카스（병）19세 이상 5,000원, 테라（병）19세 이상 5,000원, 새로19세 이상 5,000원"
26051313,BBQ 전남대정문점,35.1715325730054,126.905081677466,062-525-0731,전남광주통합특별시 북구 자미로66번길 8,음식점 > 치킨 > BBQ,False,"황금올리브치킨™ 25,000원, [황.양.반] 황올 반+양념 반 26,000원, 땡쇼크 27,000원, 맵소디 26,500원, 황금올리브치킨™양념 26,500원, [NEW] 필크런치 27,000원, [NEW] 필크런치 소스 세트 29,000원, [NEW] 필크런치 소떡 세트 32,000원, [NEW] 필크런치 치즈볼 세트 32,000원, [NEW] 필크런치 떡볶이 세트 34,000원, [NEW] 필크런치 더블 PICK 세트 46,000원, [NEW] 필크런치 트리플 PICK 세트 52,000원, [NEW] 필크런치 반마리 14,500원, 필크런치 반+황올 반 25,500원, 필크런치 반+핫크리스피 반 26,000원, 필크런치 반+양념 반 26,500원, 황금올리브치킨™ + 코카-콜라1.25L 28,000원, 황금올리브치킨™ + 코카-콜라제로1.25L 28,000원, 황금올리브치킨™핫크리스피 + 코카-콜라1.25L 29,000원, 황올 반+양념 반 + 코카-콜라제로1.25L 29,000원, 자메이카 통다리구이 + 코카-콜라제로1.25L 29,000원, 황금올리브치킨™속안심 22,000원, 황금올리브치킨™핫크리스피 26,000원, 크런치 순살크래커 22,000원, 파더's치킨(로스트 갈릭) 16,000원, [황.양.반] 황금올리브치킨™속안심반반 23,000원, 소주19세 이상 5,000원, 병맥주19세 이상 5,000원, 생맥주(카스) 500cc19세 이상 5,000원, 생맥주(카스) 1,000cc19세 이상 10,000원"
77426142,푸라닭치킨 광주용봉점,35.1713861143194,126.902262888798,062-511-9206,전남광주통합특별시 북구 용봉로 48-1,음식점 > 치킨 > 푸라닭치킨,False,"마마치 24,900원, 순(다리)살 마마치 28,900원, 마요피뇨 24,900원, [대표] 고추마요 치킨 23,900원, [인기] 씬 후라이드 21,900원, 마마치 윙콤보 28,900원, 내.완.반 23,800원, 순(다리)살 내.완.반 26,800원, 내.완.반 윙콤보 26,800원, 반.반.반 플래터 34,100원, 순(다리)살 마요피뇨 28,900원, 마요피뇨 윙콤보 28,900원, 파불로 치킨 24,900원, 순(다리)살 나폴리 투움바 29,900원, 순(다리)살 파불로 28,900원, 파불로 윙콤보 27,900원, 일품깐풍 24,900원, 순(다리)살 일품깐풍 28,900원, 일품깐풍 윙콤보 27,900원, 나폴리 투움바 25,900원, 나폴리 투움바 윙콤보 28,900원, 치즈인이유 24,900원, [추천] 블랙알리오 23,900원, 콘소메이징 23,900원, 달콤양념 치킨 23,900원, 마불로 악마 24,900원, [인기] 블랙치즈볼 (5구) 4,900원, 크림치즈볼 (5구) 4,900원, 카스,,,,,19세 이상 5,000원, 참이슬 후레쉬,,,19세 이상 5,000원"
21932447,만계치킨 전대상대점,35.1779120461022,126.902395598228,062-515-9992,전남광주통합특별시 북구 반룡로42번길 15,음식점 > 치킨,False,"후라이드 20,000원, 양념치킨 21,000원, 간장치킨 21,000원, 땡초치킨 22,000원, 청량치킨 22,000원, 순살간장파닭 22,000원, 순살양아치킨 22,000원, 순살로변경 1,000원, 후라이드/양념치킨 21,000원, 후라이드/간장치킨 21,000원, 후라이드/땡초치킨 21,000원, 후라이드/청량치킨 21,000원, 양념치킨/간장치킨 22,000원, 양념치킨/땡초치킨 22,000원, 양념치킨/청량치킨 22,000원, 간장치킨/땡초치킨 22,000원, 간장치킨/청량치킨 22,000원, 땡초치킨/청량치킨 22,000원, 반마리치킨 10,000원, 순살반마리치킨 10,000원, 똥집 10,000원, 치킨무 500원, 양념소스 500원"
1694144298,88켄터키 전대정문점,35.171639221495,126.905450390412,,전남광주통합특별시 북구 자미로66번길 15,음식점 > 치킨,False,"켄터키후라이드 18,000원, 양념치킨 20,000원, 간장치킨 20,000원, 매콤간장치킨 22,000원, 레드치킨 22,000원, 파닭치킨 22,000원, 치즈치킨 22,000원, 통새우치킨 22,000원, 통마늘치킨 22,000원, 갈비치킨 22,000원, 튀김똥집 8,000원, 양념감자 6,000원, 치즈스틱 6,000원, 골뱅이소면 22,000원, 무뼈닭발 17,000원, 오돌뼈주먹밥 17,000원, 촉촉노가리 12,000원, 반건조오징어 13,000원, 먹태 14,000원"
1534810825,굽네치킨 신안중흥점,35.17048396602242,126.9058161685815,062-527-9294,전남광주통합특별시 북구 서양로 41,음식점 > 치킨 > 굽네치킨,False,"베스트 Pick 뼈 한마리 17,900원, 헬시 Pick 닭가슴살 18,900원, (New) 굽네 순살 시카고 피자 시리즈 18,900원, (New) 치킨 베이크 8,000원, (SET)치킨+굽네 순살 시카고 피자 36,800원, 굽네 양념 강정 19,000원, [굽블링] 굽네 한마리 치킨만(무/소스 미제공) 19,900원, [굽블링] 굽네 반마리+사이드(2종) 16,000원, 시그니쳐 Pick 윙봉 20,900원, (SET)치킨+피자+콜라1.25L 32,800원, (SET)치킨+치킨+콜라1.25L 35,800원, (SET)치킨＋치킨 베이크 25,900원, (SET)피자+파스타 21,900원, (SET)치킨＋싱글피자 26,900원, (SET)치킨+맵달떡볶이 26,400원, (SET)피자+치킨 반마리 25,900원, (SET)피자+장각 시리즈 반마리 26,900원, (SET)싱글피자+장각 시리즈 반마리 21,000원, New 오리지널 19,900원, New 오리지널 곱빼기（1.5마리） 27,900원, 고추바사삭 21,900원, 고추바사삭 곱빼기（1.5마리） 30,900원, 볼케이노 21,900원, 참이슬 후레쉬 360ml19세 이상 4,000원, 진로이즈백 360ml19세 이상 4,000원, 새로 360ml19세 이상 4,000원, 카스-병맥주 500ml19세 이상 4,000원, 테라-병맥주 500ml19세 이상 4,000원, 캘리-병맥주 500ml19세 이상 4,000원, 배달생맥주 1000ml19세 이상 7,000원"
870955576,후라이드참잘하는집 전대점,35.170065895084406,126.91078926665756,062-527-1122,전남광주통합특별시 북구 우치로 25,음식점 > 치킨 > 후라이드참잘하는집,False,"[New]청양먹태치킨 21,000원, 후라이드치킨 18,000원, 양념치킨 19,000원, 반반반.치킨(뼈) 27,500원, 뼈 두마리 32,000원, 순살 두마리 36,000원, 매운양념치킨 19,000원, 간장치킨 19,000원, 핫간장치킨 19,000원, 눈꽃치즈치킨 19,000원, 허니버터치킨 19,000원, 핫토스치킨 19,000원, 디진다핫치킨 20,000원, 킹트리플양념치킨 20,000원, 맵달킹치킨 20,000원, 트러플 소금 후라이드 19,000원, 반반치킨(뼈) 18,000원, 반반치킨(순살) 20,000원, 반반반.치킨(순살) 30,500원, 감자튀김 세트 18,000원, 근위후라이드 세트 21,000원, 근위후라이드 9,000원, 감자튀김 6,000원, 눈꽃치즈 감자튀김 7,000원, 허니버터 감자튀김 7,000원, 핫토스 감자튀김 7,000원, 치즈볼(4개) 3,500원, 참이슬 후레쉬19세 이상 4,000원, 카스(병)19세 이상 5,000원, 테라(병)19세 이상 5,000원"
18308540,아주커치킨 전대점,35.1692777254437,126.903244557503,,전남광주통합특별시 북구 자미로 35,음식점 > 치킨,False,"the바삭_아주커치킨 21,000원, the바삭_순살치킨 20,000원, 아주커치킨＋롤링소떡 24,000원, 양념 21,000원, 반반_뼈치킨 21,000원, 버터링양념치킨 22,000원, 버터링양념순살치킨 21,000원, 버터링양념윙봉치킨 24,000원, the바삭_윙봉치킨 23,000원, the바삭_닭발 22,000원, 윙봉치킨＋사이드메뉴 25,500원, the바삭치킨＋사이드메뉴 24,500원, 순살치킨＋롤링소떡 23,000원, 아주커치킨＋치즈볼 24,000원, 순살치킨＋치즈볼 23,000원, 아주커치킨＋감자튀김 23,500원, 순살치킨＋감자튀김 22,500원, 후라이드 20,000원, 간장 21,000원, 매콤양념 22,000원, 반반_윙봉치킨 23,000원, 반반_순살치킨 20,000원, 후라이드윙봉 22,000원, 양념윙봉 23,000원, 생맥주 1000cc19세 이상 7,000원, 카스 병맥주19세 이상 4,000원, 테라 병맥주19세 이상 4,000원, 참이슬 후레쉬19세 이상 4,000원, 잎새주19세 이상 4,000원, 진로이즈백19세 이상 4,000원"
1749972903,기영이숯불두마리치킨 광주전남대점,35.1774777323015,126.902569570926,062-527-8999,전남광주통합특별시 북구 설죽로202번길 93,음식점 > 치킨 > 기영이숯불두마리치킨,False,"[기영이] 순살 반반숯불치킨(2가지 맛선택) 24,500원, 블랙소이 숯불치킨 21,900원, 슈프림 빨간양념 숯불치킨 22,900원, [박지훈 포스터] 기영이 치킨반떡볶이 세트 22,000원, [박지훈 포스터] 열라 숯불치킨 24,800원, [박지훈 포스터] 오지치즈 숯불치킨 27,400원, [박지훈 포스터] 돼껍누들 양념숯불치킨 30,700원, [박지훈 포스터] 바베큐양념 숯불치킨 24,800원, [박지훈 포스터] 순살 반반 숯불치킨 27,400원, [박지훈 포스터] 기영이 빨간양념 숯불치킨 24,800원, [박지훈 포스터] 까만양념 숯불치킨 24,800원, [박지훈 포스터] 저당 빨간양념 숯불치킨 25,300원, [박지훈 초복 추천메뉴] 오지치즈 숯불치킨 set (치즈볼5+통마늘칩) 31,000원, [박지훈 말복 추천메뉴] 양념숯불치킨 + 면사리(택1) set 24,400원, [NEW]열라 숯불치킨 21,900원, [NEW]열라만두 숯불치킨 23,900원, [NEW]오지치즈 숯불치킨 24,500원, 숯불장각 2조각 11,900원, 숯불장각 4조각 20,900원, [기영이] 막창누들숯불치킨 29,400원, [면치기 가능] 돼껍누들 양념숯불치킨 27,800원, 빨간양념 숯불치킨 21,900원, 까만양념 숯불치킨 21,900원, [담백숙성]소금 통마늘 숯불치킨 21,500원, [美친한상차림]순살 반반 숯불치킨 세트(2가지 맛선택) 30,000원, 양념숯불치킨+간장양념 닭강정 34,800원, ICE 생맥주（테라） 1캔（500ml）19세 이상 4,000원, ICE 생맥주（카스） 1캔（500ml）19세 이상 4,000원, 참이슬후레쉬.360ml19세 이상 4,000원"
1790803583,처갓집양념치킨 전대점,35.16944264263808,126.90902045600062,062-262-9280,전남광주통합특별시 북구 서양로 72,음식점 > 치킨 > 처갓집양념치킨,False,"미트칠리 양념치킨 23,000원, 후라이드치킨 23,000원, 허니올리고당야채양념치킨 25,000원, 슈프림 양념치킨 26,000원, 핫슈프림 양념치킨 26,000원, 치즈슈프림 양념치킨 26,000원, 슈프림골드 양념치킨 28,000원, 슈프림양념치킨 블랙라벨 28,000원, 와락(간장)치킨 26,000원, K마라 양념치킨 26,000원, 100% 청양산 고추치킨 26,000원, 매운불 양념치킨 26,000원, 닭강정(순살) 27,000원, 훈제치킨 22,000원, 반반치킨 23,000원, 세트 메뉴 32,000원, K마라 맛보기 세트 22,000원, K마라 맛보기 제로 세트 22,000원, 미트칠리 양념치킨 + 콜라 1.25L 25,000원, 미트칠리 양념치킨 + 제로콜라 1.25L 25,000원, 슈프림 양념치킨 + 콜라 1.25L 24,000원, 슈프림 양념치킨 + 제로콜라 1.25L 24,000원, 반반(후+양)치킨 + 콜라 1.25L 23,000원, 반반(후+양)치킨 + 제로콜라 1.25L 23,000원, 치킨치즈볼 2,500원, 처갓집라이스 3,000원, 생맥주 1000cc19세 이상 8,000원, 생맥주 2000cc19세 이상 15,000원, 병맥주(카스)19세 이상 5,000원, 참이슬 후레쉬19세 이상 5,000원"
440461540,중앙통닭 전대후문점,35.17542062494408,126.91294494562959,,전남광주통합특별시 북구 우치로90번길 6,음식점 > 치킨,False,"간장치킨 14,000원, 중앙후라이드 13,000원, 양념치킨 14,000원, 매콤양념치킨 14,000원, 후라이드순살 14,000원, 닭똥집튀김 8,000원, 양념순살 15,000원, 간장순살 15,000원, 반반치킨 (뼈) 14,000원, 반반치킨 (순살) 15,000원"
23747106,BHC치킨 광주용봉점,35.17727734052593,126.90000094730217,062-525-9982,전남광주통합특별시 북구 설죽로202번길 43,음식점 > 치킨 > BHC치킨,False,"콰삭킹 23,000원, 뿌링클 23,000원, 후라이드/양념 반반치킨 23,000원, HOT후라이드 23,000원, [NEW] 커링클 21,900원, [NEW] 커링클 3&7콤보 24,900원, [NEW] 커링클 콤보 24,900원, [NEW] 커링클 순살 24,900원, [NEW] 커링클 윙 24,900원, [NEW] 커링클 스틱 24,900원, [NEW] 허니버터요거트소스 1,500원, [NEW] 크리스피번(바나나) 5,500원, [NEW] 크리스피번(뿌링클) 5,500원, [NEW] 크리스피번(밀크) 5,500원, [NEW] 콰삭 감자 6,900원, [NEW] 가래떡 떡볶이 6,900원, [NEW] 후라이드 닭똥집 튀김 11,000원, [미니언즈 굿즈 세트]커링클+달콤바삭치즈볼 30,400원, [미니언즈 굿즈 세트]커링클+크리스피번(뿌링클) 30,400원, [미니언즈 굿즈 세트]커링클+크리스피번(밀크) 30,400원, [미니언즈 굿즈 세트]커링클+크리스피번(바나나) 30,400원, 쏘이갈릭킹(허니) 22,900원, [NEW] 쏘이갈릭킹(허니) 3&7콤보 24,900원, 쏘이갈릭킹(허니) 콤보 24,900원, 쏘이갈릭킹(허니) 순살 24,900원, 쏘이갈릭킹(허니) 윙 24,900원, 쏘이갈릭킹(허니) 스틱 24,900원, 콰삭킹 순살 로제세트 31,500원, 쏘이갈릭킹(오리지널) 순살 로제세트 33,400원, 쏘이갈릭킹(허니) 순살 로제세트 33,400원"
9205934,아이제이치킨 용봉점,35.17724578767105,126.90109220326961,062-524-8592,전남광주통합특별시 북구 설죽로202번길 65,음식점 > 치킨,False,"안동찜닭 16,000원, 소떡소떡 3,000원, [먹기편한] 순살후라이드 16,000원, [반반조합은국룰] 순살반반치킨 17,000원, 순살양념치킨 17,000원, [건강까지챙기는] 순살소이간장 17,000원, 순살소이반+순살양념반 18,000원, 순살 스노잉 18,000원, 순살 스노잉 반반 19,000원, 통오징어튀김2P 3,000원, 고추튀김2P 3,000원, 야채튀김2P 3,000원, 고구마튀김2P 2,000원, 김말이튀김5P 4,000원, 고구마 치즈스틱 4,000원, 치즈스틱 4,000원, 쉑쉑치즈감자 4,000원, 주먹밥 3,000원, 계란찜 3,000원, 공기밥 1,500원, 군만두12P 6,000원, 코카콜라 355mL 1,500원, 코카콜라 1.25L 3,000원, 코카콜라제로 355mL 1,500원, 스프라이트 355mL 1,500원, 스프라이트 1.5L 3,000원, 스프라이트제로 355mL 1,500원, 쿨피스 930mL 2,000원, 생수 500mL 1,000원"
1867104357,또래오래 전남대점,35.17470306551117,126.91283483578471,062-264-8885,전남광주통합특별시 북구 우치로 80,음식점 > 치킨 > 또래오래,False,"내맘다강정 25,000원, 단짠치킨 21,000원, 오곡 후라이드 치킨 20,000원, 콘듀치킨 23,000원, 갈릭반＋핫양념반 22,500원, [NEW] 뿌레카치킨 24,000원, [NEW] 뿌레카치킨 순살 26,000원, [홈런세트] 오곡후라이드+삼색볼 3ea+코카콜라 1.25L 25,500원, [홈런세트] 단짠치킨+삼색볼 3ea+코카콜라 1.25L 26,500원, [홈런세트] 갈반핫반+삼색볼 3ea+코카콜라 1.25L 28,000원, [홈런세트] 단짠치킨+코카콜라 제로세트 1.25L 23,500원, 오곡 후라이드 치킨+코카콜라 제로 1.25L 22,500원, 고추단짠치킨+코카콜라 제로 1.25L 24,500원, 뿌레카치킨+코카콜라 제로 1.25L 26,500원, 갈반핫반+코카콜라 제로세트 1.25L 25,000원, 콘듀치킨+코카콜라 제로세트 1.25L 25,500원, 내맘다강정＋찹쌀고구마치즈볼 30,000원, 내맘다강정＋어포 29,000원, 단짠치킨 순살 23,000원, 고추단짠치킨 22,000원, 고추단짠치킨 순살 24,000원, 오곡 갈릭플러스 치킨 21,000원, 오곡 양념 치킨 22,000원, 오곡 핫양념 치킨 22,000원, 오곡 파닭 치킨 23,000원, 콘듀치킨 순살 25,000원, 스모키양념 한마리 23,000원, 스모키양념 순살 25,000원, 맵부심후라이드 21,000원, 맵부심후라이드 순살 23,000원"
1569035964,용천통닭 전대상대점,35.17765029982136,126.9008512929908,062-525-2255,전남광주통합특별시 북구 반룡로28번길 29,음식점 > 치킨,False,"한마리＋똥집튀김 17,000원, 한마리＋감자튀김 14,000원, 한마리＋새우튀김 14,000원, 한마리＋버팔로윙,봉 14,000원, 한마리＋크림치즈볼 14,000원, 두마리 18,000원, 한마리 9,500원, 한마리＋고구마 치즈스틱 14,000원, 똥집튀김 8,500원, 감자튀김 （소） 4,500원, 감자튀김 （대） 8,500원, 왕새우튀김5p 5,000원, 버팔로윙3,봉2 5,000원, 크림치즈볼5 5,000원, 고구마 치즈스틱5p 5,000원, 해쉬브라운 1,000원, 치킨양념소스 500원, 치킨무우 500원, 간장소스 500원, 겨자소스 500원, 칠리소스 500원, 매운소스 500원, 치즈머스타드 500원, 통마늘 추가 500원, 코카콜라 500mL 2,000원, 참이슬 후레쉬19세 이상 4,000원, 진로이즈백19세 이상 4,000원, 카스19세 이상 4,000원, 테라19세 이상 4,000원, 생맥주1000cc19세 이상 9,000원"
2131942958,대마호랑이,35.1777533468071,126.897947457871,070-7807-1605,전남광주통합특별시 북구 설죽로202번길 5,음식점 > 치킨,False,"호랑이 닭강정 18,000원, NEW 블랙범 닭강정 18,000원, 외가집닭강정 （ 기본 ） 17,000원, 호링클 닭강정 18,000원, 치즈닭강정 18,000원, 메테오 닭강정 （ 매운맛 2단계 선택 ） 17,000원, 살로만 두마리치킨 24,000원, 반반한호랑이 17,000원, 핫호랑이 닭강정 18,000원, 오사카풍 닭강정 18,000원, 마늘 간장 닭강정 17,000원, 고추마요 닭강정 17,000원, 순살 후라이드 17,000원, 치킨마요 샐러드 덮밥 6,400원, 양념치킨마요 샐러드 덮밥 6,400원, 메테오치킨마요샐러드 덮밥 6,400원, 1인강정 13,000원, 찹쌀치즈볼 4,200원, 샐러드 1,000원, 치킨무 추가 500원, 콜라500mL 2,000원, 콜라1.25L 3,000원, 스프라이트500mL 2,000원, 스프라이트1.5L 3,000원"
1421939154,호식이두마리치킨 광주용봉점,35.1795082008709,126.901102636742,062-511-9982,전남광주통합특별시 북구 반룡로27번길 9,음식점 > 치킨 > 호식이두마리치킨,False,"한마리+한마리 25,000원, 플라윙세트(윙+봉) 24,000원, [천원할인] 파티세트) 두마리+사이드2 32,000원, 4인 패밀리세트) 두마리+사이드 29,000원, 2인 커플세트) 한마리+사이드 20,000원, [신메뉴]딥블랙갈릭치킨(한마리) 19,000원, [신메뉴]딥블랙갈릭치킨 한마리+한마리 세트 28,000원, [HIT]깐쇼킹치킨(한마리) 20,000원, [HIT]깐쇼킹치킨 한마리+한마리 세트 29,000원, [강추]매운간장치킨(한마리) 18,000원, [강추]매운간장치킨 한마리+한마리 세트 27,000원, 쫀득한 안심치킨+한마리 세트 28,000원, [신메뉴]딥블랙갈릭치킨(쫀득안심) 19,000원, 깐쇼킹치킨(쫀득안심) 20,000원, 수라깐풍치킨(쫀득안심) 19,000원, 타코마요치킨(쫀득안심) 19,000원, 요거치즈닝치킨(쫀득안심) 19,000원, 레몬크림탕슈(쫀득안심) 19,000원, 크리스피 골드(국내산 순살) 단품 17,000원, 크리스피 골드(국내산 순살)+한마리 세트 26,000원, 한마리+안심텐더 25,000원, 순살치킨+순살치킨 25,000원, 순살치킨+안심텐더 25,000원, 안심텐더+안심텐더 25,000원, 참이슬 (병) - 360ml19세 이상 4,000원, 처음처럼 (병) - 360ml19세 이상 4,000원, 새로 (병) - 360ml19세 이상 4,000원, 하이트 (병) -500ml19세 이상 4,000원, 카스 (병) -500ml19세 이상 4,000원, 테라 (병) - 500ml19세 이상 4,000원"
11040851,계동치킨 용봉점,35.179372365849495,126.90254754918016,062-526-9955,전남광주통합특별시 북구 반룡로41번길 11,음식점 > 치킨 > 계동치킨,False,"간장치킨 한마리 21,000원, 간장치킨 날개＋다리 （윙＋봉＋다리） 23,000원, 간장치킨 날개 （윙＋봉） 23,000원, 간장치킨 다리 23,000원, 간장치킨 순살（허벅지살） 23,000원, 간장치킨 날개＋다리(윙+봉+다리) 한마리~반 34,000원, 간장치킨 날개（윙＋봉） 한마리~반 35,000원, 간장치킨 다리 한마리~반 34,000원, 당면김말이 3,000원, 치즈스틱 3,000원, 카스19세 이상 4,000원, 참이슬 후레쉬19세 이상 3,500원"
489187046,60계치킨 광주중흥신안점,35.17491459074077,126.91495770289997,062-266-6082,전남광주통합특별시 북구 호동로 22-1,음식점 > 치킨 > 60계치킨,False,"쯔란윙봉 26,900원, 후라이드치킨 22,900원, 간지치킨 24,900원, 크크크치킨 25,900원, 크랑이치킨 25,900원, 참지마라치킨 20,900원, 순살 참지마라치킨 21,900원, 윙봉 참지마라치킨 22,500원, 콤보 참지마라치킨 22,500원, 쯔란콤보 26,900원, 순살 쯔란치킨 26,900원, 고추치킨 24,900원, 양념치킨 24,900원, 더매운고추치킨 24,900원, 호랑이치킨 25,900원, 하하핫치킨 25,900원, 푸하핫치킨 25,900원, 순살 후라이드치킨 23,900원, 순살 간지치킨 25,900원, 순살 고추치킨 25,900원, 순살 양념치킨 25,900원, 참이슬 후레쉬19세 이상 5,000원, 진로이즈백19세 이상 5,000원, 새로19세 이상 5,000원, 잎새주19세 이상 4,000원, 카스 병 500ml19세 이상 5,000원, 테라 병 500ml19세 이상 5,000원, 생맥주 500cc19세 이상 4,500원, 생맥주 1,000cc19세 이상 8,000원, 카스 생맥주 1,000cc19세 이상 8,000원"
26628385,BHC치킨 전남대후문점,35.17710196037813,126.91337019829619,062-267-6868,전남광주통합특별시 북구 면앙로6번길 72,음식점 > 치킨 > BHC치킨,False,"콰삭킹 23,000원, 뿌링클 23,000원, 후라이드/양념 반반치킨 23,000원, HOT후라이드 23,000원, 뿌링클 콤보 25,000원, 뿌링클순살 25,000원, [NEW] 커링클 21,900원, [NEW] 커링클/뿌링클 반반치킨 23,500원, [NEW] 커링클 3&7콤보 24,900원, [NEW] 커링클 콤보 24,900원, [NEW] 커링클 순살 24,900원, [NEW] 커링클 윙 24,900원, [NEW] 커링클 스틱 24,900원, [NEW] 허니버터요거트소스 1,500원, [NEW] 크리스피번(바나나) 5,500원, [NEW] 크리스피번(뿌링클) 5,500원, [NEW] 크리스피번(밀크) 5,500원, [NEW] 콰삭 감자 6,900원, [NEW] 가래떡 떡볶이 6,900원, [NEW] 후라이드 닭똥집 튀김 11,000원, 쏘이갈릭킹(허니) 21,900원, [NEW] 쏘이갈릭킹(허니) 3&7콤보 24,900원, 쏘이갈릭킹(허니) 콤보 24,900원, 쏘이갈릭킹(허니) 순살 24,900원, 쏘이갈릭킹(허니) 윙 24,900원, 쏘이갈릭킹(허니) 스틱 24,900원, 쏘이갈릭킹(오리지널) 21,900원, [NEW] 쏘이갈릭킹(오리지널) 3&7콤보 24,900원, 소주19세 이상 4,000원, 생맥주1000cc..19세 이상 8,000원"
1786894990,그램치킨 전남대점,35.1752160848735,126.913039572498,070-4833-4641,전남광주통합특별시 북구 우치로90번길 8-6,음식점 > 치킨,False,"[대표메뉴]통마늘양념 순살바베큐 대표 18,500원, [치밥러버원픽]담백한 치킨라이스 8,500원, 블랙페퍼 순살바베큐 18,500원, [대표메뉴]양념 치킨라이스 9,500원, [스파이시]커리 치킨라이스 9,500원, [매콤매콤]로제 치킨라이스 9,500원, 데리 치킨라이스 9,500원, [추천메뉴] 통마늘소금 순살바베큐 17,500원, (매콤매콤)핫소금 순살바베큐 18,500원, 청양데리 순살바베큐 18,500원, 매콤로제 순살바베큐 18,500원, (스파이시)커리 순살바베큐 18,500원, [사장님추천] 순살 반반치킨 19,500원, 쌍쌍이 두마리 치킨 33,500원, [바사칸]감자튀김 2,500원, (몰랑이)어묵바 3,000원, [뽀득뽀득]칼집 대왕소세지 3,000원, (단짠단짠) 핫도그 3,000원, (리얼쫀득)치즈볼4개 4,000원, [NEW] 블랙페퍼 치킨라이스 10,800원"
367655391,BBQ 전남대후문점,35.177276575595684,126.91302420456624,062-264-7770,전남광주통합특별시 북구 우치로110번길 12,음식점 > 치킨 > BBQ,False,"황금올리브치킨™ 25,000원, 바사칸 윙 25,000원, [황.양.반] 황올 반+양념 반 26,000원, 땡쇼크 27,000원, 맵소디 26,500원, 황금올리브치킨™양념 26,500원, [NEW] 필크런치 27,000원, [NEW] 필크런치 소스 세트 29,000원, [NEW] 필크런치 소떡 세트 32,000원, [NEW] 필크런치 치즈볼 세트 32,000원, [NEW] 필크런치 떡볶이 세트 34,000원, [NEW] 필크런치 더블 PICK 세트 46,000원, [NEW] 필크런치 트리플 PICK 세트 52,000원, [NEW] 필크런치 반마리 14,500원, 필크런치 반+황올 반 25,500원, 필크런치 반+핫크리스피 반 26,000원, 필크런치 반+양념 반 26,500원, 황금올리브치킨™ + 코카-콜라1.25L 28,000원, 황금올리브치킨™ + 코카-콜라제로1.25L 28,000원, 황금올리브치킨™핫크리스피 + 코카-콜라1.25L 29,000원, 황올 반+양념 반 + 코카-콜라제로1.25L 29,000원, 자메이카 통다리구이 + 코카-콜라제로1.25L 29,000원, 황금올리브치킨™핫윙(VAP) 25,000원, 황금올리브치킨™핫크리스피 26,000원, 크런치 순살크래커 22,000원, 파더's치킨(로스트 갈릭) 17,000원, 크런치 순살크래커 반반 23,000원, 황금올리브치킨™블랙페퍼 26,000원, 크런치버터치킨 26,000원, 뿜치킹 27,000원"
1340532214,지코바 용봉1호점,35.1805882432495,126.903608815887,062-515-7766,전남광주통합특별시 북구 용주로30번길 56,음식점 > 치킨 > 지코바,False,"순살양념（보통맛） 23,500원, 뼈 양념치킨（보통맛） 22,500원, 뼈 소금구이치킨 21,500원, 순살소금구이치킨 22,500원, 순살양념（순한맛） 23,500원, 순살양념（매운맛） 23,500원, 뼈 양념치킨（순한맛） 22,500원, 뼈 양념치킨（매운맛） 22,500원, 반반순살（순한맛） 24,500원, 반반순살（보통맛） 24,500원, 반반순살（매운맛） 24,500원, 순살양념구이（매운맛）＋순살소금구이 반마리 35,800원, 순살양념구이（보통맛）＋순살소금구이 반마리 35,800원, 순살양념구이（순한맛）＋순살소금구이 반마리 35,800원, 떡 추가(우동사리 중복불가) 2,000원, 즉석밥 추가 2,000원, 무 추가 500원, 우동사리 추가(떡 추가 중복불가) 2,500원, 메추리알 추가 2,000원, 오뚜기 오쉐프 마요네즈 300원, 오뚜기 허니 머스타드 200원, 근위(똥집)추가 (양념만 가능) 2,000원, 무뼈닭발 추가(양념만 가능) 4,000원, 콜라 500ml 2,000원, 콜라 1.25L 4,000원, 사이다 500ml 2,000원, 참이슬후레쉬19세 이상 4,000원, 카스 병맥주19세 이상 4,000원, 배달 생맥주 500cc19세 이상 4,000원, 배달 생맥주 1000cc19세 이상 7,000원"
27494075,마녀가만든닭앤밥 전남대점,35.1746391087336,126.912889792511,,전남광주통합특별시 북구 우치로 80,음식점 > 치킨,False,"마녀라이스 덮밥 6,900원, 닭볶음탕 덮밥 6,900원, 치즈불닭 덮밥 7,900원, 닭볶음탕 (2~3인) 15,000원, 치즈불닭 (2~3인) 16,000원, 마녀오리지날 닭튀김 16,000원, 땅콩크림어니언 닭튀김 18,000원, 콘치즈 닭튀김 18,000원, 통문어튀김 16,000원, 꿀간장 닭튀김 17,000원, 매콤달콤양념 닭튀김 17,000원, 치즈스노윙치킨 닭튀김 17,000원, 허니갈릭치킨 닭튀김 17,000원, 스페셜 플래터 33,000원, 한방삼계탕 12,000원, 베이컨토마토스파게티 7,800원, 치즈오븐스파게티 7,800원, 새우볶음밥 7,900원, 코리안불고기 볶음밥 7,900원, 마녀시카고피자 (10"") 23,000원"
11081843,멕시칸치킨 용봉점,35.1809996377546,126.904082603405,062-528-8892,전남광주통합특별시 북구 용주로30번길 69,음식점 > 치킨 > 멕시칸치킨,False,"닭강정한마리 25,000원, 닭강정 （대） 31,000원, 반반 치킨（후라이드반＋양념반） 22,000원, 반반 치킨（양념반＋간장반） 23,000원, 뼈양념 치킨 한마리 22,000원, 반반 치（후라이드반＋간장반） 22,000원, 매운양념（핫치킨） 24,000원, 간장 치킨 23,000원, 순살후라이드 치킨 22,900원, 뼈후라이드 치킨 한마리 21,000원, 순살양념 치킨 23,900원, 뼈후라이드한마리반（한마리반） 27,000원, 뼈양념 한마리반（한마리반） 28,000원, 뼈반반--한마리반（한마리반---반반） 28,000원, 다리（6）＋날개（6） 25,000원, 뼈세트1（양념치킨＋후라이드） 31,000원, 뼈세트2（간장치킨＋후라이드） 31,000원, 뼈세트3（간장치킨＋양념치킨） 31,000원, 뼈세트4（간장치킨＋간장치킨） 32,000원, 순살세트1（순살후라이드＋순살양념） 31,000원, 순살세트2（순살후라이드＋순살간장） 31,000원, 순살세트3（순살간장＋순살양념） 31,000원, 순살세트4（닭강정＋순살후라이드） 31,000원, 순살세트5（닭강정＋순살간장） 31,000원, 순살 후라이드 파닭 23,000원, 순살 양념파닭 24,000원, 순살 간장파닭 24,000원, 순살 양념파닭반＋간장파닭반 24,000원, 카스（병）19세 이상 4,000원, 참이슬（병）19세 이상 4,000원"
8662819,교촌치킨 전남대점,35.176154665601324,126.91468415964916,062-262-9993,전남광주통합특별시 북구 호동로43번길 38,음식점 > 치킨 > 교촌치킨,False,"허니콤보 23,000원, 허니순살 23,000원, 레드콤보 23,000원, 레드순살 23,000원, 반반콤보 23,000원, 살살후라이드 20,000원, 허니갈릭순살 23,000원, 마라레드순살 23,000원, 반반순살[마라레드+허니갈릭] 23,000원, 반반순살[레드+허니갈릭] 23,000원, 반반순살[간장+허니갈릭] 23,000원, 반반순살[허니+허니갈릭] 23,000원, 반반순살[허니+마라레드] 23,000원, 반반순살[간장+마라레드] 23,000원, 반반순살[레드+마라레드] 23,000원, 반반순살[간장+허니] 23,000원, 허니갈릭한마리 22,000원, 마라레드한마리 22,000원, 허니갈릭윙박스 22,000원, 마라레드윙박스 22,000원, 간장윙박스 22,000원, 레드윙박스 22,000원, 허니윙박스 22,000원, 후라이드윙박스 22,000원, 양념치킨윙박스 23,000원, 마라레드싱글윙 7,900원, 허니갈릭싱글윙 8,500원, 허니싱글윙 7,900원, 간장싱글윙 7,900원, 레드싱글윙 7,900원, 후라이드싱글윙 7,900원, 양념치킨싱글윙 8,500원, 허니한마리 19,000원, 후라이드한마리 21,000원, 양념치킨한마리 22,000원, 후라이드양념반반한마리 22,000원, 후라이드순살 22,000원, 양념치킨순살 23,000원, 후라이드양념반반순살 23,000원, 허니옥수수순살 23,000원, 허니옥수수한마리 20,000원, 간장한마리 19,000원, 간장콤보 22,000원, 간장순살 22,000원, 간장스틱 22,000원, 레드한마리 20,000원, 레드스틱 23,000원, 반반한마리[간장+레드] 20,000원, 반반한마리[마라레드+허니갈릭] 22,000원, 반반한마리[간장+허니갈릭] 22,000원, 반반한마리[레드+허니갈릭] 22,000원, 반반한마리[간장+마라레드] 22,000원, 반반한마리[레드+마라레드] 22,000원, 반반순살[간장+레드] 23,000원, 반반스틱 23,000원, 반반순살[레드+허니] 23,000원, 파채소이살살 19,000원, 간장콤보[S] 12,000원, 간장순살[S] 12,000원, 간장스틱[S] 12,000원, 레드콤보[S] 13,000원, 레드순살[S] 13,000원, 레드스틱[S] 13,000원, 허니순살(S) 13,000원, 꽈배기(3ea) 4,000원, 허니치룽지 5,000원, 레드치룽지 5,000원, 똥집튀김(홀전용메뉴) 8,000원, 교촌x노티드츄러스(5ea) 6,000원, 다담덮밥(간장맛) 8,500원, 다담덮밥(매운맛) 8,500원, 달걀듬뿍볶음밥 4,500원, 살살후라이드미니 7,000원, 국물맵떡S 5,500원, 국물맵떡 9,000원, 블랙시크릿팝콘 2,000원, 퐁듀치즈볼(3ea) 3,500원, 퐁듀치즈볼(6ea) 6,000원, 고르곤치즈볼(3ea) 3,500원, 웨지감자 4,000원, 고르곤치즈볼(6ea) 6,000원, 칩카사바 2,000원, 포테이토앤칩스(점보팩) 6,500원, 샐러드 5,000원, 소이파채샐러드 4,000원, 모둠어묵탕(홀전용메뉴) 16,000원, 아,귀한먹태(홀전용메뉴) 13,000원"
17455480,호식이두마리치킨 전대후문점,35.1741148147991,126.915858700767,062-265-9935,전남광주통합특별시 북구 중문로9번길 45,음식점 > 치킨 > 호식이두마리치킨,False,"한마리+한마리 25,000원, 플라윙세트(윙+봉) 24,000원, 2인 커플세트) 한마리+사이드 20,000원, 순살치킨 16,000원, [천원할인] 파티세트) 두마리+사이드2 32,000원, 4인 패밀리세트) 두마리+사이드 29,000원, 치잘알세트) 넥똥텐 3종+사이드 23,000원, [신메뉴]딥블랙갈릭치킨(한마리) 19,000원, [신메뉴]딥블랙갈릭치킨 한마리+한마리 세트 28,000원, [HIT]깐쇼킹치킨(한마리) 20,000원, [HIT]깐쇼킹치킨 한마리+한마리 세트 29,000원, [강추]매운간장치킨(한마리) 18,000원, [강추]매운간장치킨 한마리+한마리 세트 27,000원, 쫀득한 안심치킨+한마리 세트 28,000원, [신메뉴]딥블랙갈릭치킨(쫀득안심) 19,000원, 깐쇼킹치킨(쫀득안심) 20,000원, 수라깐풍치킨(쫀득안심) 19,000원, 타코마요치킨(쫀득안심) 19,000원, 요거치즈닝치킨(쫀득안심) 19,000원, 레몬크림탕슈(쫀득안심) 19,000원, 크리스피 골드(국내산 순살) 단품 17,000원, 크리스피 골드(국내산 순살)+한마리 세트 26,000원, 한마리+안심텐더 25,000원, 순살치킨+순살치킨 25,000원, 순살치킨+안심텐더 25,000원, 안심텐더+안심텐더 25,000원, 다리만 24,000원, 다리+날개 24,000원, 특수부위 세트 26,000원, 특수부위 단품 16,000원"
255243231,자담치킨 광주용봉점,35.176723810685296,126.8956126323472,062-523-3020,전남광주통합특별시 북구 운용로 86,음식점 > 치킨 > 자담치킨,False,"맵슐랭치킨 25,000원, 후라이드치킨 23,000원, 불패치킨 25,000원, 3반순살치킨세트 37,500원, 뿌슐랭치킨 26,000원, 양념반반순살치킨 27,000원, 양념반반순살치킨(매운양념) 28,000원, 핫양념반반순살치킨 28,000원, 핫양념반반순살치킨(매운양념) 29,000원, 맵쏘이킥반반순살치킨 27,000원, 허니팝반반순살치킨 27,000원, 맵슐랭반반순살치킨 27,000원, 왓더핫반반순살치킨 27,000원, 마튀니반반순살치킨 27,000원, 간장반반순살치킨 27,000원, 불패반반순살치킨 27,000원, 치요링반반순살치킨 27,000원, 양념반반치킨 25,000원, 양념반반치킨(매운양념) 26,000원, 핫양념반반치킨 26,000원, 핫양념반반치킨(매운양념) 27,000원, 맵쏘이킥반반치킨 25,000원, 허니팝반반치킨 25,000원, 맵슐랭반반치킨 25,000원, 왓더핫반반치킨 25,000원, 마튀니반반치킨 25,000원, 참이슬（후레쉬）19세 이상 5,000원, 진로이즈백19세 이상 5,000원, 병맥주（카스）19세 이상 5,000원, 병맥주（테라）19세 이상 5,000원"
1148397704,떡순이치킨,35.181108706042,126.904087964552,062-710-0101,전남광주통합특별시 북구 용주로30번길 71,음식점 > 한식,False,"떡순이치킨 및 분식 5,000원"
813917418,선우통닭,35.1818287345298,126.902763092522,062-512-6511,전남광주통합특별시 북구 용주로40번길 10,"가정,생활 > 식품판매",False,
1614701837,안탈야케밥,35.1774195590158,126.900859257809,062-710-4340,전남광주통합특별시 북구 반룡로28번길 35,음식점 > 아시아음식 > 튀르키예음식,False,"이스켄데르케밥 14,900원, 치킨 또띠아 (싱글) 6,900원, 양고기 또띠아 (싱글) 7,900원, 믹스 또띠아 (싱글) 8,900원, 치킨 라이스 또띠아 (싱글) 7,900원, 양고기 라이스 또띠아 (싱글) 8,900원, 믹시 라이스 또띠아 (싱글) 9,900원, 치킨 치즈 또띠아 (싱글) 8,900원, 양고기 치즈 또띠아 (싱글) 9,900원, 믹시치즈 또띠아 (싱글) 10,900원, 소문 치킨 (싱글) 9,900원, 소문 양고기 (싱글) 10,900원, 소문 믹스 (싱글) 11,900원, 치킨 박스 7,900원, 양고기 박스 8,900원, 믹스 박스 9,900원, 치킨 라이스 플레이트 (싱글) 10,500원, 양고기 라이스 플레이트 (싱글) 11,500원, 믹스라이스 플레이트 (싱글) 12,500원"
1782239543,보드게임카페 레드 버튼 광주전남대점,35.1755928005607,126.912967815506,062-265-3799,전남광주통합특별시 북구 우치로90번길 5,"가정,생활 > 여가시설 > 보드카페 > 레드버튼",False,"(평일) 청소년 1시간 2,000원, 1인 1시간 3,000원, 아메리카노 3,500원, 리얼딸기라떼 4,900원, 허니버터갈릭 감자튀김 6,000원, 크리스피 순살치킨 7,900원, 로제떡볶이 7,900원"
10305202,던킨 전남대점,35.17464632274262,126.91289417589336,062-263-1215,전남광주통합특별시 북구 우치로 80,음식점 > 간식 > 도넛 > 던킨,False,"버라이어티(10개입) 25,600원, 해피먼치킨컵 10EA 6,400원, 글레이즈드팩（6개입） 12,600원, 올스타 도넛세트 21,600원, 반반한 던킨팩 17,200원, 미니도넛세트（6개입） 5,800원, 버라이어티(6개입) 15,200원, 반반한 글레팩 14,800원, 호박인절미카스텔라도넛 3,900원, 오렌지망고필드 3,100원, 황치즈 올드훼션드 3,100원, 자이언트 버킷 아메리카노 10,900원, DC자이언트 버킷 아메리카노 10,900원, 자이언트 버킷 피치 10,500원, 핑크듀얼하트 3,900원, 아몬드 크런치 봉봉 3,100원, 클래식 올드훼션드 2,500원, 콘버터바이츠 3,100원, (P) 미니도넛 간식세트 15,200원, 약과선물세트（12개입） 5,000원, 약과선물세트（24개입） 9,500원, 커피&도넛 트윈세트 23,000원, 헤이즐넛 로쉐 4,300원, 소금우유 쿠키슈 3,900원, 에스프레소 쿠키슈 3,900원, 딸기 필링 듬뿍 초코 생도넛 4,900원, 카카오 파운드 케익 4,900원, 초코 크러쉬 도넛 4,300원, 초코 우유 크림도넛 3,900원, 딸기 듬뿍 스마일 도넛 2,900원"
998092621,다이브인커피,35.1739043378778,126.915198066471,062-266-5305,전남광주통합특별시 북구 서방로19번길 9-4,음식점 > 카페,False,
27432649,데일리,35.1768392243374,126.91401598274,010-8840-6605,전남광주통합특별시 북구 호동로63번길 71,음식점 > 카페,False,"허니브레드 6,500원, 요거트스무디 5,800원, 에스프레소 3,600원, 아메리카노(HOT) 3,700원, 흑당라떼(HOT) 4,900원, 카페라떼(HOT) 4,700원, 고구마라떼(HOT) 4,700원, 짜장떡볶이 + 어묵(2~3인분) 9,000원, 유기농 과일차 5,300원, 고르곤피자(HOT) 6,000원, 딸기바나나 5,500원, 유자차(HOT) 4,700원, 밀크티(HOT) 4,900원, 홍차(HOT) 4,700원, 국물떡볶이 + 어묵(2~3인분) 9,000원, 스무디 4,500원, 아이스티 4,500원, 유기농 아이스티 5,300원, 유기농요거트 6,000원, 계절생과일주스 5,500원, 홍시요거트스무디 5,800원, 사계절빙수 13,000원"
27398519,버거킹 전남대후문점,35.17411452875004,126.91290352521224,062-251-0332,전남광주통합특별시 북구 우치로 76,음식점 > 패스트푸드 > 버거킹,False,
24664590,맥도날드 전남대DT점,35.179484316971,126.912217140276,062-462-3200,전남광주통합특별시 북구 우치로 134,음식점 > 패스트푸드 > 맥도날드,False,
20014443,롯데리아 전남대점,35.1774437967679,126.912425721667,062-268-3388,전남광주통합특별시 북구 우치로 112,음식점 > 패스트푸드 > 롯데리아,False,"더블 한우불고기버거 세트 16,600원, 한우불고기버거 세트 12,600원, 더블 클래식치즈버거 세트 10,900원, 모짜렐라 인 더 버거 베이컨 세트 11,700원, 핫크리스피치킨버거 세트 10,000원, 리아 불고기 세트 8,900원, 리아 새우 세트 8,900원, 통다리 크리스피치킨버거(그릭랜치) 7,800원, 핫크리스피치킨버거 7,300원, 리아 새우 6,000원, 화이어윙 4조각 6,600원, 화이어윙 2조각 4,300원, 치즈스틱 3,800원, 포테이토(L) 3,500원, 롱치즈스틱 3,400원, 통다리 크리스피치킨버거 세트(그릭랜치) 10,300원, 통다리 크리스피치킨버거 세트(파이어핫) 10,300원, 나폴리 모짜렐라버거 세트 토마토바질 12,900원, 나폴리 모짜렐라버거 세트 발사믹바질 12,900원, 전주 비빔라이스 버거 세트 10,900원, 리아 새우 베이컨 세트 9,900원, 리아 불고기 베이컨 세트 9,900원, 더블 치킨버거 세트 9,700원, 더블 데리버거 세트 9,000원, 리아 불고기 더블 세트 (빅불세트) 11,200원, 더블 미라클버거 세트 10,900원, 미라클버거 세트 9,600원, 더블엑스투버거 세트 10,900원, 리아 사각새우 더블 세트 9,900원, 클래식치즈버거 세트 9,400원"
581894587,써브웨이 광주전남대후문점,35.17842978079833,126.91228743666815,062-452-1121,전남광주통합특별시 북구 우치로 124,음식점 > 패스트푸드 > 샌드위치 > 써브웨이,False,"이탈리안 BMT 6,900원"
1811522929,잇샌드 전남대점,35.1773326497055,126.901499383833,062-515-5327,전남광주통합특별시 북구 설죽로202번길 73,음식점 > 패스트푸드 > 샌드위치,False,"잇샌드 사라다빵 5,000원, [NEW] 파파에그 고로케 5,000원, [NEW] 핫치킨 고로케 6,000원, [NEW] 맥앤치즈&불고기 고로케 6,000원, 내맘대로 그릭요거트 100g 5,000원, 잇츠 그래놀라 그릭 요거트 7,500원, 잇츠 달콤초코 그릭 요거트 7,500원, 잇츠 새콤과일 그릭 요거트 8,500원, 달콤 단호박 스프 4,500원, 단백 양송이 스프 4,500원, 플레인 베이글 3,900원, 쪽파크림치즈 베이글 7,500원, ABC 착즙주스 4,500원, 캄그린 착즙주스 4,500원, 사라다빵 5,000원, 파파에그 샌드위치（2pcs） 7,500원, 햄치즈에그 샌드위치 6,500원, 단호박 듬뿍 샌드위치 7,000원, 게살 크래미 샌드위치 7,500원, 케이준 치킨 샌드위치 7,900원, 두툼한 떡갈비 샌드위치 8,500원, 바질리코타 샌드위치 8,500원, 그릴 닭가슴살 샌드위치 9,000원, 훈훈한 오리 든든 샌드위치（훈제） 8,900원, 통통 새우 듬뿍 샌드위치 9,500원, 훈훈한 연어 크림치즈 샌드위치（훈제） 9,500원, 노랑 에그 햄샐러드 잇츠랩 7,000원, 단호박 듬뿍 잇츠랩 7,000원, 게살 크래미 잇츠랩 7,500원, 케이준 치킨 잇츠랩 7,900원"
65850995,노브랜드버거 광주전남대점,35.17539703639286,126.91273200156743,062-262-1189,전남광주통합특별시 북구 우치로 90,음식점 > 패스트푸드 > 노브랜드버거,False,"에그 치즈 불고기 버거세트 7,900원, 치킨 시저 샐러드 콤보 7,700원, 와플치킨 7,500원, NBB 어메이징 더블 치즈 버거 5,500원, 버크셔K 카츠 버거세트 9,200원, 버크셔K 카츠 버거 6,700원, 버크셔K 카츠 어니언 버거세트 10,400원, 버크셔K 카츠 어니언 버거 7,900원, 데일리 치킨 버거세트 7,200원, 데일리 치킨 버거 4,700원, 모짜 치폴레 베이컨 버거세트 10,500원, 아보카도 타코 버거세트 9,800원, 스모크 바비큐 버거세트 9,800원, 트리플 베이컨 버거세트 9,600원, 미트마니아 버거세트 9,600원, NBB 어메이징 더블 업 버거세트 9,200원, 메가바이트 버거세트 8,400원, 크런치 치킨 버거세트 8,300원, 시그니처 버거세트 8,100원, 더블 그릴드 불고기 버거세트 7,900원, NBB 어메이징 더블 치즈 버거세트 7,900원, NBB 어메이징 더블 살사 버거세트 7,800원, NBB 어메이징 더블 버거세트 7,700원, 치폴레 치킨 버거세트 7,400원, 오리지널 버거세트 7,300원, 갈릭앤갈릭 버거세트 7,200원, 그릴드불고기 버거세트 6,400원, 치즈 버거세트 6,000원, 오리지널 새우 세트 8,100원, 크런치 윙（2조각） 4,100원"
27093675,맘스터치 전남대점,35.1756917680735,126.91271521984932,062-251-0900,전남광주통합특별시 북구 우치로 92-1,음식점 > 패스트푸드 > 맘스터치,False,"모코코 썸머 바캉스세트 24,500원, 내슈빌핫치킨버거 세트 9,900원, (행사)갓빠삭치킨(순살) 14,600원, (행사)스트레스 빠삭세트(순살) 20,300원, 싸이버거 세트 9,000원, 싸이버거 단품 6,000원, 치즈스틱（2조각） 2,900원, 내슈빌핫치킨버거 6,900원, 메론 스파쿨 2,400원, (행사)핫치즈밤치킨(순살) 17,200원, 당근빵(2조각) 3,400원, 매직풍 싸이버거 싱글세트 24,600원, 매직풍 싸이버거 커플세트 32,900원, 매직풍싸이버거 세트 10,700원, 매직풍싸이버거 단품 7,700원, 매직풍치킨(순살) 16,200원, 후덕죽 싱글세트 24,100원, 후덕죽 커플세트 32,400원, 후덕죽통새우버거 세트 10,500원, 후덕죽통새우버거 단품 7,500원, 후덕죽싸이버거 세트 10,200원, 후덕죽싸이버거 단품 7,200원, 후덕죽치킨(순살) 16,200원, 치킨&버거세트 19,500원, 떡강정세트 11,100원, 언빌리버블버거 세트 10,300원, 화이트갈릭버거 세트 9,300원, 딥치즈버거 세트 9,200원, 휠렛버거 세트 8,800원, 불고기버거 세트 8,000원"
1545117767,움버거앤윙스 광주전남대점,35.174648124623,126.912893076203,062-259-0620,전남광주통합특별시 북구 우치로 80,음식점 > 패스트푸드 > 움버거앤윙스,False,"버거 오리지널 5,700원, 버거 버팔로 6,700원"
832099864,맛31,35.17347600101009,126.91492407284196,062-262-9941,전남광주통합특별시 북구 서방로 17,음식점 > 패스트푸드 > 샌드위치,False,"닭알샌드위치 6,000원, 딸기쥬스 5,000원, 토마토쥬스 5,000원, 키위쥬스 5,000원, 블루베리쥬스 6,000원, 딸기바나나쥬스 5,000원, 치즈감자샌드위치 6,900원, 단호박샌드위치 6,300원, 베이컨샌드위치 6,900원, 아메리카노 2,500원, 바닐라라떼 4,000원, 카페라떼 4,000원, 미숫가루라떼 4,000원, 닭가슴살샌드위치 7,300원, 크래미샌드위치 6,900원, 햄치즈샌드위치 6,900원, 오리훈제샌드위치 8,500원, 쌀베이글(크림치즈 포함) 3,000원, 당근라페샌드위치 8,500원, 말차라떼 4,500원, 말차라떼(샷추가) 5,000원"
53540346,샌디치,35.1703032633936,126.91498226327,010-5020-7639,전남광주통합특별시 북구 향토문화로 36-5,음식점 > 패스트푸드 > 샌드위치,False,"EGG 에그 5,000원, TTEOK GALBI 떡갈비 6,800원, CHICKEN TENDER 치킨텐더 6,500원"
1656672171,벤티버거 전남대점,35.1755028099734,126.914436742204,,전남광주통합특별시 북구 호동로15번길 8,음식점 > 패스트푸드,False,"SET 1. 순살 반마리+파스타+새우버거+벤티버거 37,900원, SET 2. 파스타2+치킨버거+벤티버거 36,900원, SET3. 순살 반마리+파스타2+벤티버거+치킨버거 46,900원, SET 4 나홀로 파스타세트 18,900원, SET 5. 나홀로 순살 반마리 세트 19,900원, [NEW] 치즈 수제버거 6,600원, [NEW] 칠리마요 치킨버거 8,000원, [주문 폭주] 벤티버거 7,500원, [통새우] 새우버거 8,000원, 크리스피 치킨버거 8,000원, 더블패티&치즈버거 9,500원, [NEW]비프&쉬림프 버거 11,900원, 트리플 패티 버거 11,900원, 쉬림프 x2 버거 10,400원, [NEW]오징어&비프 버거 10,900원, [NEW]더블 치킨 버거 10,400원, [NEW]치즈 버거세트 10,500원, [NEW]칠리마요 치킨버거세트 11,900원, 벤티버거세트 11,400원, 새우버거세트 11,900원, 크리스피 치킨버거세트 11,900원, [누적 주문수1위] 더블패티&치즈버거세트 13,300원, [NEW]비프&쉬림프 버거세트 15,800원, 트리플패티버거세트 15,800원, 쉬림프x2 버거세트 14,300원, [NEW]오징어&비프 버거세트 14,800원, [NEW]더블 치킨 버거세트 14,300원, 바질페스토 파스타 8,900원, 바지락 오일파스타 8,900원, 미트볼 볼로네제파스타 9,900원"
9732494,낙지한마당,35.1793821086122,126.896895893963,062-525-5335,전남광주통합특별시 북구 설죽로217번길 6-3,"음식점 > 한식 > 해물,생선",False,"낙지볶음 60,000원, 낙지회무침 60,000원, 산낙지 60,000원, 탕탕이 60,000원, 연포탕 20,000원, 낙지비빔밥 15,000원, 낙지전골（조리전 상태로 배달） 60,000원, 마른연포 60,000원, 소낙지탕탕이 65,000원, 코카콜라355mL 2,000원, 공기밥 1,000원"
697372318,깐깐한족발 광주용봉점,35.1782597545681,126.8956501902391,0507-1314-9092,전남광주통합특별시 북구 용봉택지로 82,"음식점 > 한식 > 육류,고기 > 족발,보쌈",False,"반반족발(대)참숯구이족발(중) 40,000원, 직화매운족발(중) 36,000원, 막국수(소) 4,000원, 반반족발(대) 46,000원, 족보세트(중 [족발中+보쌈中]) 75,000원, 참숯구이보쌈 [ 김치와 환상의 궁합 ](중 400g) 40,000원, 직화매운보쌈(중) 40,000원, 반+반+반 [3가지 맛 선택] 68,000원, 돼지꼬리SET 25,000원, 냉채족발 [ 겨자소스와 최고의 궁합 ](중) 39,000원, 옛날식왕족발 [ 쫄깃함의 대명사 ](중) 39,000원, 미니 매운보쌈(150g) 7,000원, [반탕] 속풀이바지락탕 5,000원, 속풀이바지락탕 10,000원, [반탕] 수제어묵탕 6,000원, 수제어묵탕 12,000원, 날치알주먹밥 3,000원, 푸딩계란찜 2,000원, 소떡소떡 (1개) 2,000원, 공기밥 1,500원"
27508778,육풍 용봉점,35.1787427788522,126.895531007929,062-446-4723,전남광주통합특별시 북구 저불로 48,"음식점 > 한식 > 육류,고기",False,"숙성삼겹살(150g) 12,000원, 숙성목살(150g) 12,000원, 뚝배기김치찌개 6,000원, 숙성가브리살(130g) 13,000원, 숙성항정살(130g) 13,000원, 숙성갈매기살(130g) 13,000원, 숙성한우꽃등심(150g) 32,000원, 한우육회(200g) 20,000원, 세트A 39,000원, 세트B 39,000원, 세트C 59,000원, 세트D 98,000원, 숙성돼지모듬(600g) 50,000원, 육회비빔밥 9,000원, 뚝배기된장찌개 6,000원, 물냉면 5,000원, 비빔냉면 5,000원, 사골라면 5,000원, 누룽지 2,500원"
27222156,착한해물,35.181095094587555,126.89737788522241,062-449-5502,전남광주통합특별시 북구 설죽로 239-12,"음식점 > 한식 > 해물,생선 > 매운탕,해물탕",False,"해물전골 (중) 65,000원, 해물전골 (소) 45,000원, 통문어세트 (2인) 85,000원, 패밀리세트 (3인) 105,000원, 해물전골 (대) 85,000원, 스페셜세트 (4인) 125,000원"
15777781,한우촌,35.1807137273336,126.902725995691,062-528-0107,전남광주통합특별시 북구 용주로30번길 36,"음식점 > 한식 > 육류,고기",False,"낙엽살(200g) 20,000원, 갈비살(200g) 23,000원, 생삼겹(200g) 10,000원, 주물럭(소) 20,000원, 사골곰탕 7,000원"
21163618,머시기쪽갈비생족발구이,35.17916971335927,126.89727820699835,062-521-1233,전남광주통합특별시 북구 설죽로217번길 4,"음식점 > 한식 > 육류,고기 > 갈비",False,"쪽갈비(1인) 17,000원, 매운쪽갈비(2인이상) 19,000원, 김치날치알반 8,000원, 족발구이(1인) 17,000원, 매운족발구이(2인이상) 19,000원, 치즈쪽갈비(2인이상) 21,000원, 김치수제비 8,000원, 얼큰이국수 5,000원, 냄비라면 5,000원, 옛날도시락 5,000원"
18521689,25시소문난오돌뼈,35.1805420623892,126.89366236346112,062-514-5292,전남광주통합특별시 북구 저불로69번길 15,"음식점 > 한식 > 육류,고기",False,"오돌뼈(1인) 13,000원, 갈매기살(1인) 13,000원, 막창(1인) 13,000원, 삼겹살(1인) 14,000원, 껍데기(1인) 8,000원, 매콤닭발(1인) 17,000원, 오돌뼈+갈매기+막창+껍데기(2인) 32,000원, 오돌뼈+갈매기+막창+껍데기(3~4인) 42,000원, 오돌뼈+갈매기+막창+껍데기(5인) 52,000원, 오돌뼈+갈매기+막창+껍데기(6인) 62,000원"
106073969,알콩달콩,35.179208054476,126.896787428532,062-511-9660,전남광주통합특별시 북구 설죽로217번길 8,음식점 > 한식,False,"두부보쌈(소) 35,000원, 보리밥청국장 11,000원, 김치전골(2인이상) 11,000원, 두부보쌈(중) 45,000원, 두부보쌈(대) 55,000원, 홍어삼합(소) 45,000원, 홍어삼합(중) 55,000원, 홍어삼합(대) 65,000원, 보리밥순두부 11,000원, 닭볶음탕(대) 55,000원, 콩물국수(계절메뉴) 10,000원, 콩물포장 13,000원, 제육볶음 30,000원, 두부김치 30,000원, 해물파전 12,000원, 두부한모 7,000원"
1511706085,하마네아구찜 용봉점,35.1781952693229,126.896130018618,062-523-5581,전남광주통합특별시 북구 용봉택지로 88,"음식점 > 한식 > 해물,생선 > 아구",False,"3인분 같은 2인분 40,000원, 4인분 같은 3인분 50,000원, 5인분 같은 4인분 60,000원"
1581708234,곱창선생 용봉점,35.1786982399262,126.894064372568,062-470-3456,전남광주통합특별시 북구 용봉동 1382-3,"음식점 > 한식 > 육류,고기 > 곱창,막창",False,"한우소곱창모듬구이(소) 29,900원"
27059063,해뜰날 1호점,35.18169086397169,126.89524069327675,062-523-7903,전남광주통합특별시 북구 저불로 81,"음식점 > 한식 > 해물,생선 > 회",False,"대방어 (2인)(계절메뉴) 70,000원, 가리비찜 (2인)(계절메뉴) 50,000원, 우럭+광어 (2인) 55,000원, 우럭 (2인) 55,000원, 광어 (2인) 55,000원, 참돔(유비끼) (2인) 60,000원, 산낙지 (2인) 60,000원, 산낙지볶음 (2인) 60,000원, 연포탕 (2인) 60,000원, 생우럭탕 (2인) 50,000원, 전복구이 (2인) 50,000원, 모듬회 (2인) 65,000원, 도다리(새꼬시) (2인)(계절메뉴) 60,000원, 도다리쑥국(매운탕) (2인)(계절메뉴) 60,000원, 감성돔 (2인)(계절메뉴) 60,000원, 쭈꾸미샤브 (2인)(계절메뉴) 70,000원, 아나고샤브 (2인)(계절메뉴) 60,000원, 쭈꾸미숙회 (2인)(계절메뉴) 60,000원, 쭈꾸미볶음 (2인)(계절메뉴) 60,000원, 아나고볶음 (2인)(계절메뉴) 55,000원, 아나고탕 (2인)(계절메뉴) 55,000원, 굴찜 (2인)(계절메뉴) 50,000원, 소라숙회 (2인)(계절메뉴) 55,000원, 쭈꾸미샤브+활어회 (2인) 80,000원, 쭈꾸미숙회+활어회 (2인) 80,000원, 아니고볶음+활어회 (2인) 70,000원, 굴찜+활어회 (2인) 70,000원, 가리비찜+활어회 (2인) 70,000원, 새우튀김+활어회 (2인) 70,000원"
12981000,왕손주먹구이,35.1813277971003,126.904165655167,,전남광주통합특별시 북구 용주로30번길 77,"음식점 > 한식 > 육류,고기",False,"돼지뒷고기 9,000원, 오돌뼈 12,000원, 가브리살 12,000원, 맑은막창 12,000원, 목살소금구이 12,000원, 껍데기 5,000원"
13309346,춘부집 상대점,35.18005480138395,126.90156745964545,062-433-7840,전남광주통합특별시 북구 반룡로27번길 24,"음식점 > 한식 > 육류,고기",False,"연탄불고기(180g) 9,500원, 꼬들살(180g) 10,000원, 생삼겹살과 껍데기(180g) 11,000원, 마늘오돌뼈(180g) 11,000원, 막창(180g) 11,000원"
1324755733,장인닭갈비 용봉점,35.177740963937,126.895059133232,062-512-8690,전남광주통합특별시 북구 저불로 37,"음식점 > 한식 > 육류,고기 > 닭요리",False,"치즈닭갈비 14,000원, 장인볶음밥(김치+날치알) 3,000원, 뼈없는 닭갈비 (1인분) 12,000원, 럭키봉봉 3,000원, 점심세트A 24,000원, 점심세트B 36,000원, 점심세트C 48,000원, 김치볶음밥 2,500원, 날치알볶음밥 2,500원, 2인 모듬사리 7,500원, 3인 모듬사리 8,500원, 4인 모듬사리 9,500원"
305837332,미스터홍,35.1778032991939,126.90167336814235,062-521-3005,전남광주통합특별시 북구 설죽로214번길 74,음식점 > 한식 > 죽,False,"대게살죽 10,000원, 새우카레죽 10,000원, 낙지김치죽 9,000원, 새우김치죽 9,000원, 해물죽 9,000원, 새우죽 9,000원, 참치야채죽 9,000원, 소고기버섯죽 9,000원, 소고기야채죽 9,000원, 순두부 돼지덮밥 8,000원, 스팸 김치볶음밥 8,000원, 새우 김치라면 8,000원, 해물 라면 8,000원, 소고기 떡국 8,000원, 카레덮밥 8,000원, 공기밥 추가 1,000원, 계란 추가 1,000원, 콜라 355mL 2,000원, 사이다 355mL 2,000원, 환타 355mL 2,000원"
23209780,고을 나주곰탕,35.17719507786357,126.89862879372366,062-515-6803,전남광주통합특별시 북구 설죽로196번길 31,음식점 > 한식 > 곰탕,False,"곰탕 9,000원, 특곰탕 12,000원, 수육 (소) 30,000원, 수육 (대) 50,000원, 한우육회 35,000원"
1108958686,서리냉면 전남대점,35.18026758076704,126.89729658697716,010-8111-8281,전남광주통합특별시 북구 설죽로217번길 6-26,음식점 > 한식 > 냉면,False,"[해장과 더위를 한번에] 물비빔냉면 11,000원, [서리만의] 비빔냉면 11,000원, [슬러시듬뿍] 물냉면 11,000원, [불향] 직화불고기 7,000원, [촉촉한] 왕손만두 7,000원, [부드러운] 계란찜 3,000원, 주먹밥 3,000원, 열무김치 2,000원, 공기밥 1,000원, 냉면다데기 2,000원, 냉면육수 1,500원, 냉면무 1,000원, 코카콜라 355mL 2,000원, 코카콜라 제로 355ml 2,000원, 스프라이트 355mL 2,000원, 환타파인애플 355mL 2,000원, 물 500ml 1,000원, 카스19세 이상 4,000원, 테라19세 이상 4,000원, 참이슬 후레쉬19세 이상 4,000원, 진로이즈백19세 이상 4,000원"
1591314571,청보리,35.180797074497136,126.89461167315606,062-456-5980,전남광주통합특별시 북구 저불로69번길 6,음식점 > 한식,False,"보리밥정식 15,000원, 솥밥정식 16,000원, 생등심돈까스 12,000원, 능이버섯한방백숙 85,000원, 토종닭한방백숙 70,000원, 보쌈 45,000원, 굴보쌈 55,000원, 동태탕 10,000원, 보리비빔밥 11,000원, 제육볶음 14,000원, 동태전골 28,000원"
10174032,건영회수산 1호점,35.17781321258208,126.894184084445,062-529-8233,전남광주통합특별시 북구 저불로39번길 9,"음식점 > 한식 > 해물,생선 > 회",False,"모듬회 5 80,000원, 모듬회 160,000원, 물회 10,000원, 물회정식 15,000원, 특물회정식 20,000원"
276840541,화백,35.1770598847321,126.895459608302,062-514-5656,전남광주통합특별시 북구 저불로 30,"음식점 > 한식 > 육류,고기",False,"갈비살(150g) 42,000원, 살치살(150g) 49,000원, 토시살(150g) 54,000원, 안창살(150g) 54,000원, 새우살(150g) 59,000원, 삼겹살(180g) 16,000원, 목살(180g) 15,000원"
12059904,얼씨구학당가보세,35.1771243525228,126.896007329197,062-514-0029,전남광주통합특별시 북구 운용로95번길 5-7,음식점 > 한식 > 쌈밥,False,"제육쌈 (보리밥) 정식 10,000원, 쌈정식 (대) 40,000원, 쌈정식 (중) 30,000원, 홍삼합 45,000원, 보쌈 40,000원, 제육볶음 25,000원, 홍어찜 40,000원, 홍어전 15,000원, 홍어사시미 35,000원, 병어조림 (2인) 40,000원, 가자미조림 (2인) 40,000원, 산낙지탕탕이 35,000원, 낙지볶음 40,000원, 쭈꾸미볶음 40,000원, 생석화 20,000원, 석화전 15,000원, 명태전 15,000원"
7899390,별미콩나물국밥집,35.17705052179517,126.89505562935035,062-512-2134,전남광주통합특별시 북구 저불로 29,음식점 > 한식 > 국밥,False,"콩나물국밥 8,000원, 돼지불고기 (1접시) 15,000원, 데친오징어 8,000원"
21439387,가마솥옛날국밥,35.1778846539991,126.904213608921,062-511-0188,전남광주통합특별시 북구 설죽로214번길 119,음식점 > 한식 > 국밥,False,"철판돼지구이 9,000원, 모듬국밥 9,000원, 곰탕 9,000원, 머리국밥 9,500원, 내장국밥 9,000원, 순대국밥 8,500원, 감자피 고기만두 6,000원, 우거지뼈해장국 9,500원, 콩나물국밥 7,000원, 곱창전골 19,000원, 모듬순대（찰순대＋수육） 16,000원, 순대한접시 6,000원, 머리고기수육 16,000원, 공기밥 1,000원, 갈비만두 6,500원, 감자피 김치만두(매워요) 6,000원, 사이다 500mL 2,000원, 환타（파인애플맛）500mL 2,000원, 콜라 500mL 2,000원, 참이슬 후레쉬19세 이상 4,000원, 잎새주19세 이상 4,000원, 카스19세 이상 4,000원"
932188758,풍호양꼬치,35.178210751549855,126.8942307754042,010-7363-0228,전남광주통합특별시 북구 용봉택지로 72,음식점 > 중식 > 양꼬치,False,"신강양꼬치 (新疆串) 220g 15,000원, Best 쪽갈비 (羊排) 650g 38,000원, Best 갈비살꼬치(羊排串) 210g 18,000원, 닭껍데기 (鸡皮) 10p 10,000원, 부추구이 5,000원, 건두부말이 8,000원, 꿔바러우 17,000원, 토마토계란볶음 14,000원, 마파두부 12,000원, 마라탕 10,000원, 계란볶음밥 7,000원"
852690291,츠츠허허 용봉점,35.1792193661022,126.896312053566,,전남광주통합특별시 북구 설죽로217번길 12,음식점 > 중식 > 중국요리,False,"해물쟁반짜장 17,900원, 짜장면 7,000원, 삼선간짜장（후라이포함） 9,000원, 차돌짬뽕 11,000원, 짬뽕 8,000원, 해물짬뽕 9,500원, 탕수육미니＋짜장（세트） 17,000원, 탕수육미니＋짬뽕（세트） 18,000원, 탕수육미니＋밥（세트） 18,000원, 미니깐풍기＋짜장（세트） 16,000원, 미니깐풍기＋짬뽕（세트） 18,000원, 미니깐풍기＋밥（세트） 18,000원, 탕수육미니＋식사（택2）＋만두4개 23,800원, 깐풍기미니＋식사（택2）＋군만두4개 23,800원, 식사 SET1（요리 택1＋식사택2＋군만두4개） 29,900원, 양장피＋새우 반반 33,800원, 우동 8,000원, 짬뽕밥 8,000원, 해물모듬덮밥 10,000원, 새우볶음밥 9,000원, 잡채밥 9,000원, 삼선볶음밥 9,000원, 유산슬덮밥 10,000원, 중화비빔밥 10,000원, ＋우리집 대표메뉴＋ 양장피 15,900원, 탕수육 14,900원, ＋매콤 달큰＋ 깐풍기 15,900원, ＋인기 폭발＋ 고추잡채 15,900원, 마파두부 13,900원, 사천탕수육 16,900원"
883685050,쎄쎄니,35.1774430695073,126.894544644715,062-523-5888,전남광주통합특별시 북구 저불로31번길 6,음식점 > 중식 > 중국요리,False,"양꼬치 (2인이상) 10,000원, 꿔바로우 (소) 13,000원, 양갈비살꼬치 (2인이상) 13,000원, 소갈비살꼬치 (2인이상) 13,000원, 마라양갈비살꼬치 (2인이상) 14,000원, 마라소갈비살꼬치 (2인이상) 14,000원, 양갈비 (2인이상) 25,000원, 메추리(3마리)(2인이상) 10,000원, 꾸라우로우 (소) 13,000원, 어향육슬 (소) 13,000원, 고추잡채 (소) 13,000원, 가지만두튀김 (소) 15,000원, 가지튀김볶음 15,000원, 유린기 (소) 15,000원, 오이건두부 10,000원, 오이팽이 10,000원, 오이라피 10,000원"
2142221525,호박반점,35.180036414319,126.91286427336,062-714-3150,전남광주통합특별시 북구 면앙로6번길 2,음식점 > 중식 > 중국요리,False,"간짜장 10,000원, 유린기 (소) 20,000원, 양장피 (2-3인양) 28,000원, 유니짜장 8,000원, 짬뽕 9,000원, 황태짬뽕 12,000원, 소고기짬뽕 13,000원, 고추짬뽕 12,000원, 울면 9,000원, 해물볶음짜장 15,000원, 해물볶음면 15,000원, 볶음밥 9,000원, 새우볶음밥 9,000원, 백짬뽕 9,000원, 건과일탕수육 (소) 22,000원, 나초깐풍기 (소) 22,000원, 건과일 칠리새우 23,000원, 건과일 크림새우 23,000원, 향라새우 (2-3인양) 18,000원, 고추잡채 (2-3인양) 18,000원"
141805304,이화원,35.1788211911447,126.892435040383,062-521-0777,전남광주통합특별시 북구 용봉택지로 53,음식점 > 중식,False,"짜장면 7,000원, 쟁반짜장 9,000원, 짬뽕 9,000원, 맑은짬뽕 10,000원, 묵은지짬뽕 10,000원, 잡채밥 9,000원, 해물덮밥 10,000원, 미니탕수육 10,000원"
1459878793,미옌,35.1774607664498,126.893139428947,062-461-8886,전남광주통합특별시 북구 저불로31번길 18-1,음식점 > 중식 > 중국요리,False,"유니짜장 8,000원, 중화비빔밥 12,000원, 짬뽕밥 11,000원, 짜홍면 11,000원, 쟁반짜장 11,000원, 매운짬뽕밥 11,000원, A세트 27,000원, B세트 33,000원, C세트 48,000원"
181656590,호르몬치치 광주용봉점,35.1778828440796,126.895483804388,,전남광주통합특별시 북구 저불로 40,음식점 > 일식,False,"항아리마늘이겹살(100g 단품) 6,900원, 와규수제함바그(100g 단품) 7,900원, 와규야키스키(100g 단품) 9,900원, 항아리돼지양념구이(100g 단품) 6,900원, 이겹살(100g 단품) 6,900원, 고추장이겹살(100g 단품) 6,900원, 이겹살야키스키(100g 단품) 6,900원, 목살(100g 단품) 6,900원, 항아리마늘목살(100g 단품) 6,900원, 고추장목살(100g 단품) 6,900원, 목살야키스키(100g 단품) 6,900원, 돼지벌집껍데기(100g 단품) 5,900원, 소염통(100g 단품) 5,900원, 닭가슴연골(100g 단품) 5,900원, 미소닭안창살(100g 단품) 5,900원, 미소닭목살(100g 단품) 5,900원, 미소와규대창(100g 단품) 7,900원, 항정살(100g 단품) 7,900원, 고추장항정살(100g 단품) 7,900원, 드래곤양념갈매기살(100g 단품) 7,900원, 돈설(100g 단품) 7,900원, 돈설야키스키(100g 단품) 7,900원, 미소소막창(100g 단품) 7,900원, 돼지불곱창(100g 단품) 7,900원, 무뼈불닭발(100g 단품) 7,900원, 우설(100g 단품) 9,900원, 우설야키스키(100g 단품) 9,900원, 항아리마늘와규불고기(100g 단품) 9,900원, 와규양념구이(100g 단품) 9,900원, 와규곱창(100g 단품) 9,900원, 토시살(100g 단품) 9,900원, 등심추리(100g 단품) 9,900원, 무한리필 A코스 19,800원, 무한리필 B코스 29,800원, 무한리필 C코스 34,800원"
1857901796,미미참치 용봉점,35.18023519937261,126.8952700071387,062-515-7111,전남광주통합특별시 북구 저불로 63,음식점 > 일식 > 참치회,False,"연어회 (1인) 25,000원, 광어회 (1인) 25,000원, 모둠구이 30,000원, 메로구이 28,000원, 수제어묵탕 12,000원, 사누끼우동 7,000원, 모둠 새우초밥 (10ps) 15,000원, 참치뱃살초밥 (8ps) 19,000원, 소고기스테이크초밥 (8ps) 20,000원, 광어초밥 (10ps) 19,000원, 새우초밥 (10ps) 10,000원, 생새우초밥 (10ps) 10,000원, 소라초밥 (10ps) 12,000원, 유부초밥 (8ps) 10,000원"
72017598,참무리 용봉1호점,35.18054226269328,126.8938907156658,062-511-6860,전남광주통합특별시 북구 저불로69번길 13,음식점 > 일식 > 참치회,False,"메로구이 30,000원, 참치초밥 15,000원, 특참치초밥 20,000원, 새우튀김 15,000원, 셀프라면 3,000원"
1357306358,일등참치 용봉점,35.182157659797,126.904946364659,062-527-7477,전남광주통합특별시 북구 용주로30번길 100,음식점 > 일식 > 참치회,False,"혼술세트 기본 19,000원, 혼술세트 특선 25,000원, 곱빼기 기본 30,000원, 곱빼기 특선 39,000원, 매니아세트 메까 28,000원, 매니아세트 반반 36,000원, 매니아세트 혼마 38,000원, 혼술 스페셜 29,000원, 곱빼기 스페셜 49,000원, 실장 참치 60,000원, 뱃살부위 모듬 80,000원, 연어회세트(300g이상) 25,000원, 광어&연어(300g이상) 30,000원, 광어만(300g이상) 32,000원"
1950446513,동백카츠 광주용봉점,35.1787357688531,126.892667891622,0507-1443-7890,전남광주통합특별시 북구 용봉택지로 55,"음식점 > 일식 > 돈까스,우동 > 동백카츠",False,"등심카츠 13,900원, 안심카츠 14,900원, 치즈카츠 14,900원, 안심&등심 카츠 14,900원, 상등심카츠 16,900원, 항정살카츠 17,900원, 경양식 뼈돈카츠 18,900원, 청양 까르보빠네 15,900원, 새우 로제파스타 15,900원, 명란 크림파스타 15,900원, 크림 아란치니 14,900원, 토마토 아란치니 14,900원, 매콤 해물빼쉐 15,900원, 빼쉐 크레마 15,900원, 왕새우 오일파스타 14,900원, 수제커리 5,000원, 떡갈비 카츠볼 7,000원, 왕새우튀김 6,000원, 안심 가라아게 6,000원, 동백유부우동 7,000원, 콜라 355mL 2,500원, 사이다 355mL 2,500원"
1847272361,1등참치 광주용봉점,35.1821258577679,126.90462253009,062-527-7477,전남광주통합특별시 북구 용주로30번길 100,음식점 > 일식 > 참치회,False,"[New] 숙성회SET 38,000원, 生（생）연어회 SET 33,000원, 혼술참치회 SET 27,000원, 실장참치 74,000원, 뱃살부위 모듬 96,000원, 특수부위한판 130,000원, 곱빼기 SET 38,000원, 매니아 SET 37,000원, （사장추천）별미 표고와사비 1,000원, （추가） 야채 절임팩 3,000원, （추가） 김 5봉지 1,000원, （추가） 양파 소스 1,000원, （추가） 무순 한팩 1,000원, （추가） 묵은지 1,000원, （추가） 단무지 1,000원, （추가） 락교 1,000원, （추가） 초생강 1,000원, （추가） 산고추 1,000원, （추가） 와사비 1,000원, 코카콜라 355mL 1,900원, 칠성사이다（제로） 355mL 1,900원"
17502515,마구로,35.1783481908913,126.89369595957,062-511-3766,전남광주통합특별시 북구 용봉택지로 66,음식점 > 일식 > 참치회,False,"골드참치(1인) 28,000원, 로얄참치(1인) 38,000원, 마구로(1인) 50,000원, 참치머리(1인) 50,000원, 프리미엄 참치(1인) 60,000원, VIP참치(1인) 80,000원, 주방장스폐셜(1인) 100,000원"
2102869239,리안토,35.17904552618703,126.89333825750795,,전남광주통합특별시 북구 설죽로217번길 37-2,음식점 > 양식,False,"관자바질크림파스타 19,000원, 알리오올리오 14,000원, 엔쵸비오일파스타 16,000원, 트리플버섯크림파스타 18,000원, 홍새우로제파스타 19,000원, 아라비아따파스타 17,000원, 버섯페스토 페스츄리피자 19,000원, 관자&포테이토 페스츄리피자 22,000원, 새우&바질페스토 페스츄리피자 22,000원, 하몽&삶은달걀 페스츄리피자 23,000원, 연어&파르펠레 스테이크 31,000원, 오리스테이크 31,000원, 오징어다리&감자튀김 9,000원, 홍합스튜&파르펠레 13,000원, 에그인헬&와인빵 14,000원, 브레드스틱&하몽 14,000원, 치즈케이크 8,000원, 와인빵&오디잼 6,000원, 오디파이 6,000원"
1507660278,빨간토마토피자 북구점,35.1849307088545,126.90327431638732,062-269-0447,전남광주통합특별시 북구 우치로231번길 41,음식점 > 양식 > 피자,False,"불고기 21,900원, 콤비네이션 21,900원, 하와이언 21,900원, 이탈리언 21,900원, 야채 21,900원, 페파로니 21,900원, 화이트갈릭 21,900원, 고구마리치골드 25,900원, 토마토스페셜 25,900원, 포테이토리치골드 25,900원, 하와이언리치골드 25,900원, 베이컨체다 25,900원, 매콤불고기 25,900원, 스윗고구마무스 25,900원, 쉬림프큐브스테이크 26,900원, 화이트파인불고기 26,900원, 반반피자 24,900원, 수제직화 불갈비 26,900원, 베이컨체다쉬림프 26,900원, 체다치즈후라이 26,900원, 핫칠리쉬림프올인 26,900원, 화이트파인쉬림프 26,900원, 스테이크불갈비 27,900원, 베이컨리치골드 27,900원, 스위트리치골드 27,900원, 쉬림프골드 피자 33,900원, 오리지널 피자M +오리지널 피자M +코카콜라500mL 36,900원, 오리지널 피자L +오리지널 피자L +코카콜라1.25L 43,900원, 치즈크러스트L +치즈크러스트L +코카콜라1.25L 49,900원, 스페셜치즈크러스트L +스페셜치즈크러스트L +콜라1.25L 53,900원"
1623692073,고급양식,35.1777205812438,126.893393780957,,전남광주통합특별시 북구 저불로31번길 14-3,음식점 > 양식,False,
1626520956,임실N치즈피자 문흥전남대점,35.1809734327028,126.912320933266,062-267-4447,전남광주통합특별시 북구 효산로 3-1,음식점 > 양식 > 피자,False,
1383821218,미쁘다담양식돼지갈비 본점,35.1771898042025,126.892511840053,062-512-9114,전남광주통합특별시 북구 청계로 45,"음식점 > 한식 > 육류,고기 > 갈비",False,"（（서비스 비빔소면））순한갈비 36,000원, （（서비스 비빔소면））반반갈비 37,000원, 오직 고기만 2인분 SET（순한맛） 32,000원, （（서비스 비빔소면））매운갈비 38,000원, [3000원할인] 갈비만 필요해요 14,900원, 오직 고기만 2인분 SET（매운맛） 34,000원, 오직 고기만 2인분 SET（반반） 33,000원, 공기밥 1,000원, 물냉면 8,000원, 비빔냉면 8,000원, 물비빔 냉면 8,900원, 후식냉면 5,900원, 된장찌개 추가 4,000원, 된장찌개 육수500ml 한팩 4,000원, 비빔소면 추가 4,000원, 상추 추가（청양고추 포함） 2,000원, 파절이 추가 2,000원, 코카콜라 355ml (뚱캔) 2,000원, （펩시）콜라 500mL 2,000원, （칠성）제로 사이다 2,000원"
1336370781,끼니꾸니,35.1822562241571,126.908876630198,062-263-0570,전남광주통합특별시 북구 우치로 181,음식점 > 분식,False,"꼬마김밥 4,500원, 순대 5,500원, 떡볶이 4,000원, 어묵 3,000원, 라면 4,000원, 떡국 6,000원, 떡만두국 6,500원, 참치찌개 6,500원, 쫄면 6,000원, 야채전 4,000원, 물만두 4,000원, 군만두 4,000원, 세트（꼬마김밥＋떡볶이＋순대＋음료수） 15,500원, 세트（야채전＋떡볶이＋순대＋음료수） 15,000원, 세트（쫄면＋야채전＋어묵） 13,000원, 세트（쫄면＋군만두＋음료수） 11,500원, 세트（꼬마김밥＋쫄면＋음료수） 12,000원, 세트（꼬마김밥＋떡볶이＋어묵） 11,500원, 계란후라이 1,500원, 치즈 추가 1,500원, 만두추가 1,500원, 콜라 1,500원, 사이다 1,500원, 물냉면 6,500원, 비빔냉면 6,500원"
1707545870,예가 떡볶이&치킨,35.1817182198204,126.90097260747,062-511-3954,전남광주통합특별시 북구 용주로 27,음식점 > 분식 > 떡볶이,False,
17836624,김밥천국 오치점,35.1854897261512,126.905785683646,062-265-5282,전남광주통합특별시 북구 우치로 230,음식점 > 분식,False,
1060825123,승미,35.1821428183964,126.909096330792,,전남광주통합특별시 북구 우치로 177-1,음식점 > 분식,False,
25978649,비티씨,35.1814720382484,126.904196225964,062-525-7755,전남광주통합특별시 북구 용주로30번길 81,음식점 > 카페 > 커피전문점,False,"카페라떼 3,800원, 아메리카노 3,300원, 바닐라라떼 4,000원, 오리지널 레몬티 4,000원, 핸드드립 5,000원, 더치커피(500ml병) 9,500원"
198782111,컴포즈커피 광주전대상대점,35.179295487227286,126.90111057921135,062-710-0130,전남광주통합특별시 북구 반룡로27번길 5,음식점 > 카페 > 커피전문점 > 컴포즈커피,False,"빅포즈 아메리카노 3,500원, 아메리카노 2,000원, 커피밀크쉐이크 5,000원, 구미식 사이다 수박화채 5,000원, 구미식 딸기우유 수박화채 5,000원, 저당 복숭아 스무디 4,400원, 복숭아 캐모마일 티브리즈 3,400원, 제주 한라봉 스무디 4,400원, 제주 한라봉 자몽에이드 3,700원, 스모크 바비큐 치아바타 4,400원, 꿀 토마토 주스 4,300원, 그레인 바나나 주스 4,300원, 논산에서 온 수박 주스 4,400원, 솔티드 쿨 리치 3,000원, 빅포즈 솔티드 쿨 리치 4,600원, 망고 자몽 요거빙 4,400원, 연유 수박 팥빙 4,400원, 너티 크림 라떼 3,400원, 바닐라 크림 라떼 3,400원, 파인애플 커피 3,800원, 빅포즈 파인애플 커피 5,400원, 베러 댄 아인슈페너 4,700원, 올데이 오트 4,400원, 올데이세트(대파크림) 4,800원, 올데이세트(치폴레) 4,800원, 인절미 컵빙수 5,000원, 팥절미밀크쉐이크 5,000원, 이상한 나라의 앨리스 드립백 9,400원, 커피&와플 5,000원, 커피 2잔&와플 7,000원"
1001476595,카페나인틴52,35.17884214761339,126.90684946294475,,전남광주통합특별시 북구 용봉로 77,음식점 > 카페,False,"에스프레소 1,800원, 아메리카노 2,000원, 더치라떼 3,000원, 바닐라라떼 3,000원, 카페라떼 2,700원, 연유라떼 3,500원, 헤이즐넛라떼 3,200원, 더치연유라떼 3,800원, 카페모카 3,500원, 그린티라떼 3,200원, 토피넛라떼 3,200원, 자스민우롱티 2,800원, 스트로베리 민트티 2,800원, 오레오 프라페 3,800원, 그린티 프라페 3,800원, 플레인요거트스무디 3,800원, 딸기요거트스무디 3,800원, 블루베리요거트스무디 3,800원, 토마토쥬스 4,000원, 바나나쥬스 3,800원"
1245640101,커피드림 5호점,35.1789704725186,126.902686355099,062-526-2191,전남광주통합특별시 북구 반룡로41번길 2,음식점 > 카페 > 커피전문점,False,"아메리카노 2,500원, 헤이즐넛 아메리카노 3,000원, 복숭아 아이스티 2,000원"
1225782126,요거트아이스크림의정석 광주북구점,35.18089526649169,126.90318358420623,0507-1375-7060,전남광주통합특별시 북구 용주로30번길 41-2,음식점 > 카페 > 테마카페 > 디저트카페 > 요거트아이스크림의정석,False,"New) 빠삭 두바이 초코쉘 9,000원, 1인（150g+a） 요거트 아이스크림（토핑은 옵션선택） 4,500원, 2인（300g+a） 요거트 아이스크림（토핑은 옵션선택） 8,000원, 초코쉘 요거트 아이스크림 6,000원, 꿀그래놀라 8,500원, [내맘대로] 빙수의 정석 6,500원, 와르르 리얼 수박 빙수 16,500원, 와르르 허니 멜론 빙수 16,900원, 순수 요거트 빙수 8,500원, 리얼 꿀 자몽 빙수 14,500원, 프리미엄 생망고 빙수 22,500원, 두바이 딥초코 빙수 16,500원, 쫀득 인절미 팥빙수 9,500원, 말차 인절미 팥빙수 9,500원, Health의 정석 20,500원, Individuality의 정석 15,000원, Premium의 정석 23,000원, 소금빵 아이스크림의 정석 8,000원, 요아정 유기농 올토샷 1,200원, 요아정 식혜 3,800원, 요아정 소금빵 플레인 3,500원, 요아정 소금빵 츄러스맛 4,300원, [저당] 내맘대로 토마토 요거트 아이스크림 5,000원, [저당 토마토] 토마토 몽땅 (1인/2인) 7,500원, [저당 토마토] 꿀토마토 몽땅 (1인/2인) 11,500원, [저당 토마토] 자몽 만난 토마토 (1인/2인) 10,000원, [저당 토마토] 리치 망고 토마토 (1인/2인) 14,000원, [저당 토마토] 레몬 올리브샷 토마토 (1인/2인) 10,000원, 요아정 두바이초코 찹쌀떡 3,800원, 빠삭 두바이 쫀득 쿠키 4,800원"
1803056771,유커피,35.1772710155724,126.898896563743,,전남광주통합특별시 북구 설죽로202번길 28-2,음식점 > 카페,False,"오미자에이드 4,000원, 아메리카노 3,000원, 꿀아메리카노 3,500원, 헤이즐넛아메리카노 3,500원, 카페라떼 4,000원, 아포가토 4,000원, 바닐라라떼 4,500원, 헤이즐넛라떼 4,500원, 카라멜마키아토 5,000원, 과테말라와이칸 2023 6,500원, 에티오피아 6,500원, 보성앞바다 5,500원, 남원하늘 6,000원, 키위주스 5,500원, 레몬에이드 4,000원, 구아바에이드 4,500원, 키위에이드 4,500원, 얼그레이 4,000원, 히비스커스 4,000원, 잉그리시브랙퍼스트 4,000원, 캐모마일 4,000원, 유자차 4,000원, 모과차 4,000원, 생강차 4,000원, 오미자차 4,000원, 복숭아아이스티 3,500원, 밀크티 4,000원, 체리캔디아이스티 4,000원, 고구마라떼 4,500원, 쑥라떼 4,500원, 초코라떼 4,500원, 말차라떼 4,500원, 런던포그 4,500원, 호지라떼 4,500원"
2008311046,프린트카페 전대상대점,35.1772432472423,126.902405180087,,전남광주통합특별시 북구 설죽로202번길 90,음식점 > 카페 > 테마카페,False,
2051280297,카페오씨오씨,35.1773642691336,126.902703638612,,전남광주통합특별시 북구 설죽로202번길 94,음식점 > 카페,False,
19162074,카페아프리카,35.17734265070325,126.90272122925849,,전남광주통합특별시 북구 설죽로202번길 94,음식점 > 카페,False,"아메리카노(HOT) 1,500원, 아메리카노(ICE) 2,000원, 카페라떼(HOT) 2,500원, 바닐라라떼(ICE) 3,500원, 카라멜프라페노(L) 4,500원"
1849329888,나이브플레이스,35.18075844812375,126.90570660901875,010-4972-8772,전남광주통합특별시 북구 용봉로 77,음식점 > 카페 > 커피전문점,False,"딸기라떼 5,000원, 아이스크림 크로플 5,500원, 아메리카노 3,000원, 카페라떼 3,500원, 콜드브루 3,500원, 초코라떼 4,000원, 말차라떼 4,000원, 고흥유자차 4,000원, 매실차 4,000원, 얼그레이 리저브 4,000원, 캐모마일 3,500원, 아인슈페너 4,500원, 크림모카 4,500원, 크림 치즈 1,000원, 에스프레소 말자 5,000원, 아이스티 (나이브 / 레몬 / 복숭아) 3,000원, 피치우동 4,000원, NYC 브랙퍼스트 4,000원, 페퍼먼트 3,500원, 레몬자 4,000원, 이니크로플 2,500원, 나이브쿠키 1,500원, 베이글 (플레인, 어니언, 블루베리) 3,500원, 아메리카노 + 플레인크로플 6,500원"
425362665,더벤티 광주전대상대점,35.1778227411761,126.903432039444,062-446-0029,전남광주통합특별시 북구 설죽로214번길 104,음식점 > 카페 > 커피전문점 > 더벤티,False,
622543634,비라이트,35.1806843500549,126.904319011647,010-4378-0072,전남광주통합특별시 북구 용주로30번길 64-1,음식점 > 카페,False,
8544290,음악에,35.177920836603,126.90437604284,,전남광주통합특별시 북구 설죽로214번길 123,음식점 > 카페,False,
495190309,카페인중독 전대상대점,35.1772047330338,126.90048955882,010-8411-6735,전남광주통합특별시 북구 설죽로202번길 53,음식점 > 카페 > 커피전문점 > 카페인중독,False,"추억의 길거리 와플 4,500원, [ 시그니처 ] 햅쌀 와플 6,300원, 국물 컵떡볶이 5,800원, [ 전국 카페 주문수 1위 ] 아메리카노 8,500원, 대왕 카스텔라 6,800원, 약속의 음료 [ 주문 당 1잔 ] 900원, [ NEW ] 장인더 쫀득 파지약과 ( 겉바속쫀 ) 9,900원, [ NEW ] 生 레몬 워터 ( 비타민 수혈 ) 2,300원, [ NEW ] 초코 바게트 ( 생크림 찍먹 ) 6,900원, [ NEW ] 버켓 빙수 ( 팥 / 대구 꿀떡 ) 11,900원, [ NEW ] 팩빙수 ( 우유 / 팥 ) 3,500원, [ NEW ] 버켓 수박 시리즈 ( 화채 / 빙수 ) 12,900원, [ NEW ] 꿀 수박 주스 ( 100% 국내산 ) 6,300원, [ NEW ] 꿀 수박 우유 화채 ( 해장ST ) 6,300원, [ NEW ] 꿀 수박 컵빙수 ( 시원함 폭격 ) 6,300원, [ NEW ] 말차몬드 와플 5,800원, [ NEW ] 딸기 나무 숲 ( 딸기 말차 ) 6,000원, [ NEW ] 숙성 말차 라떼 5,800원, [ NEW ] 코코 말차 클라우드 ( 코코넛 말차 ) 5,800원, [ NEW ] 상하이 쫀득 버터떡 7,500원, [ NEW ] 얼얼 마라 컵떡볶이 6,600원, [ NEW ] 논알콜 캬~페인 4,500원, [ NEW ] 붕세권 붕어빵 ( 팥 / 슈크림 ) 3,500원, [ 시그니처 ] 숙성 카페 라떼 5,200원, [ 시그니처 ] 숙성 흑당 밀크티 5,800원, [ 시그니처 ] 숙성 메이플 시나몬 라떼 5,800원, [ 시그니처 ] 숙성 生 초콜릿 라떼 5,800원, [ 시그니처 ] 숙성 꿀 고구마 라떼 5,800원, [ 시그니처 ] 숙성 바닐라빈 라떼 6,200원, 생크림 와플 4,800원"
2024566220,메가MGC커피 전대예대점,35.1807598146335,126.904003839847,062-522-5688,전남광주통합특별시 북구 용주로30번길 63,음식점 > 카페 > 커피전문점 > 메가MGC커피,False,
1706081139,컴포즈커피 광주전남대생활관점,35.1807251056254,126.905716528186,062-716-5930,전남광주통합특별시 북구 용봉로 77,음식점 > 카페 > 커피전문점 > 컴포즈커피,False,
1473003837,커피베이 전남대학교점,35.1809459651277,126.902338176563,062-521-5500,전남광주통합특별시 북구 용주로30번길 29,음식점 > 카페 > 커피전문점 > 커피베이,False,
185593911,온다방,35.1821800490689,126.89919349709898,,전남광주통합특별시 북구 고운로5번길 6,음식점 > 카페 > 테마카페 > 디저트카페,False,"수제밀크티 5,700원, 초코라떼 4,700원, 에스프레스 3,300원, 아메리카노 3,300원, 카페라떼 4,300원, 바닐라라떼 4,800원, 카라멜라떼 4,800원, 플랫화이트 4,800원, 아인슈페너 ICE 5,300원, 바닐라크림라떼（only ice） 5,800원, 달고나커피 5,300원, 헤이즐럿라떼 4,800원, 헤이즐럿아메리카노 3,800원, 크림카페모카（ONLY ICE） 5,800원, 뚱바라떼（바나나 샷 라떼） 4,800원, 말차라떼 5,200원, 수제자몽티 4,700원, 수제자몽에이드 4,700원, 수제레몬티 4,700원, 수제레몬에이드 4,500원, 유자차 4,700원, 달고나 밀크티 5,200원, 패션후르츠에이드 4,700원, 오미자차（onlyice） 4,700원, 딸기우유 5,700원, 울엄마 미숫가루 5,200원, 플레인요거트스무디 5,200원, 바나나쥬스 5,200원, 수제자몽요거트스무디 5,200원, 수제레몬요거트스무디 5,200원"
1798429252,벌크커피 전철우사거리점,35.17815697862545,126.8966767798713,062-514-6232,전남광주통합특별시 북구 용봉택지로 94,음식점 > 카페 > 벌크커피,False,"양촌리다방커피 4,400원, 크림쿠키프라펫 4,500원, 딸기 요거트 스무디 4,000원, 라임청포도에이드 4,500원, 히비스커스 3,500원, 복숭아 아이스티 3,500원, 벌크업 아메리카노 3,500원, 핫도그 2,500원, 벌크업 요거트스무디 5,000원, 벌크업 리얼모카 5,500원, 수제 두바이 쫀득 쿠키 6,500원, 아메리카노 2,500원, 카페라떼 3,500원, 카라멜마끼아또 4,000원, 바닐라라떼 4,000원, 카페모카 4,500원, 꿀아메리카노 3,200원, 딸기블라썸라떼 ICE 4,300원, 토피넛라떼 4,000원, 쿠키라떼 4,000원, 밀크티라떼 4,000원, 초코라떼 4,000원, 녹차라떼 4,000원, 고구마라떼 4,000원, 곡물라떼 4,000원, 민트초코라떼 4,300원, 히비스커스（티） 3,500원, 바나나라떼 4,000원, 바나나 헤이즐넛 샷 라떼 5,300원, 바나나 밀크티 5,300원"
1691090713,거북당 전대예대점,35.180989343401826,126.90247865005135,062-522-6970,전남광주통합특별시 북구 용주로34번길 26,음식점 > 카페 > 테마카페 > 디저트카페,False,"꿀메리카노 2,500원, 가베(아메리카노) 2,000원, 말차가베 3,500원"
1777706074,커피드림 2호점,35.1816708223274,126.901431571969,,전남광주통합특별시 북구 용주로 30,음식점 > 카페,False,"아메리카노 2,500원, 에스프레소 2,500원, 카페라떼 3,000원, 바닐라라떼 3,000원, 카페모카 3,500원, 레몬차 3,500원, 민트라떼 3,000원, 초코라떼 3,500원, 고구마라떼 3,500원, 오곡라떼 3,500원, 토피넛라떼 3,500원, 흑당버블티 3,500원, 그린티라떼 3,500원, 플레인요거트 3,800원, 망고요거트 3,800원, 블루베리요거트 3,800원, 허니브레드 4,500원, 마카롱 2,200원"
136786347,투썸플레이스 광주용봉점,35.1771151912268,126.89688887615046,062-512-5666,전남광주통합특별시 북구 설죽로 195,음식점 > 카페 > 커피전문점 > 투썸플레이스,False,"멜론 주스 R 6,500원, 샤인 청포도 주스 R 6,500원, 하프 카페인 콜드브루 R 5,400원, 하프 카페인 콜드브루 L 6,000원, 하프 카페인 콜드브루 라떼 R 5,900원, 하프 카페인 콜드브루 라떼 L 6,500원, [MAX SIZE] 레몬 아샷추 5,700원, [MAX SIZE] 피치 아샷추 5,700원, 생크림 아메리카노 (R) 5,200원, 생크림 아메리카노 (L) 5,800원, 생크림 카페 라떼 (R) 5,700원, 생크림 카페 라떼 (L) 6,300원, 바닐라빈 라떼 (R) 6,000원, 바닐라빈 라떼 (L) 6,600원, 아메리카노 (R) 4,700원, 아메리카노 (L) 5,300원, 카페라떼 (R) 5,200원, 카페라떼 (L) 5,800원, 바닐라라떼 (R) 5,700원, 바닐라라떼 (L) 6,300원, 카라멜마끼아또 (R) 6,100원, 카라멜마끼아또 (L) 6,700원, 카페모카 (R) 5,700원, 카페모카 (L) 6,300원, 바닐라빈 콜드브루 라떼 (R) 6,100원, 바닐라빈 콜드브루 라떼 (L) 6,700원, 콜드브루 (R) 5,100원, 콜드브루 (L) 5,700원, 콜드브루라떼 (R) 5,600원, 콜드브루라떼 (L) 6,200원"
22484798,비틀즈,35.1769907820831,126.895809895183,,전남광주통합특별시 북구 운용로 89,음식점 > 카페 > 테마카페 > 라이브카페,False,"마른안주모듬 30,000원, 손질오징어 25,000원, 손질먹태 25,000원, 손질쥐포 25,000원, 손질육포 25,000원, 케이준감자튀김 25,000원, 아이스황도 20,000원"
1595988573,미우미우,35.1769407141215,126.899493078124,062-710-1040,전남광주통합특별시 북구 설죽로202번길 34-7,음식점 > 카페 > 커피전문점,False,"아메리카노 1,800원"
8235034,네네치킨 용봉점,35.18246032185381,126.90470008842685,062-522-4492,전남광주통합특별시 북구 용주로30번길 104-2,음식점 > 치킨 > 네네치킨,False,"스노윙MAXX 24,000원, 오리엔탈파닭 23,000원, 레드마블치킨 23,000원, 레드마요치킨 23,000원, 청양마요치킨 23,000원, 반반 21,000원, 스노윙MAXX+네네볼 26,500원, 어니언스노윙 23,000원, 치즈스노윙 23,000원, 매콤치즈스노윙 23,000원, 코찡마요치킨 23,000원, 크리미언치킨 23,000원, 쇼킹핫치킨 23,000원, 핫블링치킨 23,000원, 양념치킨 22,000원, 소이갈릭치킨 23,000원, 후라이드 20,000원, 후라이드（핫） 21,000원, 닭다리 24,000원, 윙봉 24,000원, 닭날개 24,000원, 닭다리반＋닭날개반 24,000원, 반반반 31,500원, 네네소떡（양념소스맛） 3,000원, 네네소떡（쇼킹핫맛） 3,000원, 네네소떡（어니언스노윙맛） 3,000원, 네네소떡（매콤치즈스노윙맛） 3,000원, 카스(병)19세 이상 4,000원, 생맥주 1000CC.19세 이상 8,000원, 소주19세 이상 4,000원"
2038127270,빛고을닭강정 전남대점,35.1823972387146,126.908216650829,062-522-3009,전남광주통합특별시 북구 우치로 187,음식점 > 치킨,False,"백종원의 푸드트럭 1위 닭강정 16,000원, 껍질없는 새우강정 16,000원, 타코야끼（문어 듬뿍） 8개 5,000원, 오징어튀김 4개 6,000원, 새우튀김 6개 6,000원, 흑미 찰치즈볼 5개 4,500원, 소스추가 1,000원, 치즈스틱 5개 3,000원, 감자 튀김 5,000원, 케이준 양념감자 5,000원, 감자볼 40알 5,000원, 고구마튀김 3개 3,000원, 감자크로켓 6개 3,000원, 김말이 8개 3,000원, 만두튀김 12개 3,000원, 매콤 고추튀김 3개 4,000원, 잘 만든 김치전 8개 5,000원, 잘 만든 해물부추전 8개 5,000원, 잘 만든 감자전 8개 5,000원, 멘치카츠 5개 5,500원, 굴 튀김 4개 4,500원, 즉석밥（210g) 2,000원, 치킨무 500원, 코카콜라 500mL 2,000원, 코카콜라 1.25리터 3,000원, 스프라이트 500mL 2,000원, 스파라이트 1.5리터 3,000원, 참이슬19세 이상 4,000원, 카스캔 35519세 이상 3,500원, 테라캔 35519세 이상 3,500원"
1363796377,60계치킨 광주용봉점,35.1786916573147,126.89375259923072,062-514-6082,전남광주통합특별시 북구 용봉택지로 67,음식점 > 치킨 > 60계치킨,False,"쯔란윙봉 26,900원, 후라이드치킨 22,900원, 간지치킨 24,900원, 크크크치킨 25,900원, 크랑이치킨 25,900원, 참지마라치킨 24,900원, 순살 참지마라치킨 25,900원, 윙봉 참지마라치킨 25,900원, 콤보 참지마라치킨 25,900원, 쯔란콤보 26,900원, 순살 쯔란치킨 26,900원, 고추치킨 24,900원, 양념치킨 24,900원, 더매운고추치킨 24,900원, 호랑이치킨 25,900원, 하하핫치킨 25,900원, 푸하핫치킨 25,900원, 순살 후라이드치킨 23,900원, 순살 간지치킨 25,900원, 순살 고추치킨 25,900원, 순살 양념치킨 25,900원, 순살 더매운고추치킨 25,900원, 순살 호랑이치킨 26,900원, 참이슬 후레쉬19세 이상 5,000원, 진로이즈백19세 이상 5,000원, 새로19세 이상 5,000원, 카스 병 500ml19세 이상 5,000원, 테라 병 500ml19세 이상 5,000원, 생맥주 1,000cc19세 이상 8,000원, 카스 생맥주 1,000cc19세 이상 8,000원"
289308327,굽네치킨 용봉점,35.1778232807449,126.895398251303,062-525-9294,전남광주통합특별시 북구 저불로 40,음식점 > 치킨 > 굽네치킨,False,"추추 치킨 스테이크 (1.5 SET) 17,000원, 추추 치킨 스테이크 (2 SET) 22,000원, 굽네 장각구이 23,900원, 오리지널 장각 21,900원, 오리지널 장각 3조각 17,900원, 굽네 장각구이 3조각 19,900원, 오리지널 17,900원, 고추 바사삭 19,900원, 오븐 바사삭 18,900원, 남해마늘 바사삭 20,900원, 고추 바사삭 곱빼기(1.5마리) 28,900원, 오리지널 곱빼기(1.5마리) 25,900원, 오리지널+치트킹(매콤) 18,900원, 오리지널+치트킹(콘스프) 18,900원, 굽네 장각구이(양념) 23,900원, 볼케이노 장각 23,900원, 굽네 장각구이 3조각(양념) 19,900원, 볼케이노 장각 3조각 19,900원, 볼케이노 19,900원, 갈비천왕 19,900원, 양념 히어로 19,900원, 반반A) 볼케이노 반반 19,900원, 반반B) 갈비천왕 반반 19,900원, 양념 반반 19,900원, 폭립 22,500원, 갈비천왕 플러스 피자(M) 15,900원, 트리플 토테이토 피자(M) 14,900원, 콤비네이션 시카고 피자 18,900원, 시카고 딥디쉬 피자 17,500원, 바비큐 시카고 피자 18,900원, 페퍼로니 시카고 피자 18,900원, 바질&토마토 피자(S) 9,000원, 스윗 콘치즈 피자(S) 9,000원, 웨지감자(국내산) 4,000원, 미니 바게트(10개) 2,500원, 갈릭버터 웨지감자 5,000원, 콰트로 치즈 웨지감자 5,000원, 매콤치즈 웨지감자(국내산) 5,000원, 콘스프 웨지감자(국내산) 5,000원, 모짜치즈볼(5pcs) 5,000원, 콰트로 모짜치즈볼(5pcs) 5,000원, 맵달떡볶이 8,500원, 케이준감자 4,000원, 갈릭버터 케이준감자 5,000원, 콰트로 치즈 케이준감자 5,000원, 매콤치즈 케이준감자 5,000원, 찍먹커리(티카마살라) 2,900원, 콘스프 케이준감자 5,000원, 찍먹커리(치킨마크니) 2,900원, 볼로네제 파스타 6,700원, 까르보나라 파스타 7,200원, 갈릭크림 바게트볼 3,300원, 바게트볼 2ea 6,000원, 에그타르트(2pcs) 4,700원, 갈비천왕 치즈치밥 6,300원, 볼케이노 치즈치밥 6,300원, 매콤치즈 소떡소떡 2,800원, 불닭발 21,000원, (토핑) 남해 구운마늘 (8알) 1,000원"
855570196,훌랄라참숯치킨 광주용봉점,35.18039657416198,126.8953071269205,,전남광주통합특별시 북구 저불로 65,음식점 > 치킨 > 훌랄라참숯치킨,False,"참숯 핫 바베큐 22,900원, 참숯 소금구이 21,900원, 참숯 양념구이 22,900원, 치즈볼세트 26,800원, 치면세트 24,900원, 바베킹 25,900원, 치밥킹 26,900원, 콘치킹 27,900원, 참숯 치즈마요 소금구이 22,900원, 핫마요바베큐 23,900원, 치즈양념구이 23,900원, 순살 참숯 갈비구이 27,900원, 순살 참숯 치즈 바베큐 28,900원, 참숯 스위트 바베큐 22,900원, 참숯 불꽃 바베큐 22,900원, 참숯 간장구이 22,900원, 참숯 갈릭 바베큐 22,900원, 참숯 데리 바베큐 22,900원, 반반 바베큐 21,900원, 후라이드 21,900원, 양념치킨 22,900원, 꿀간장치킨 22,900원, 반반 후라이드 21,900원, 치즈듬뿍 5,000원, 치즈떡 2,000원, 라면사리 3,000원, 우동사리 3,000원, 주먹밥 4,000원, 참이슬 후레쉬.19세 이상 5,000원, 진로이즈백.19세 이상 5,000원"
1039698136,노랑통닭 광주용봉점,35.17899795237271,126.89356337431703,062-511-0411,전남광주통합특별시 북구 설죽로217번길 37-1,음식점 > 치킨 > 노랑통닭,False,"알싸한 마늘치킨 22,000원, 엄청 큰 후라이드 치킨 19,000원"
26629911,호식이두마리치킨 오치매곡점,35.1851607256471,126.904626669727,062-263-9935,전남광주통합특별시 북구 우치로231번길 17,음식점 > 치킨 > 호식이두마리치킨,False,"한마리+한마리 25,000원, 플라윙세트(윙+봉) 24,000원, [천원할인] 파티세트) 두마리+사이드2 32,000원, 4인 패밀리세트) 두마리+사이드 29,000원, 2인 커플세트) 한마리+사이드 20,000원, 치잘알세트) 넥똥텐 3종+사이드 23,000원, [신메뉴]딥블랙갈릭치킨(한마리) 19,000원, [신메뉴]딥블랙갈릭치킨 한마리+한마리 세트 28,000원, [HIT]깐쇼킹치킨(한마리) 20,000원, [HIT]깐쇼킹치킨 한마리+한마리 세트 29,000원, [강추]매운간장치킨(한마리) 18,000원, [강추]매운간장치킨 한마리+한마리 세트 27,000원, 쫀득한 안심치킨+한마리 세트 28,000원, [신메뉴]딥블랙갈릭치킨(쫀득안심) 19,000원, 깐쇼킹치킨(쫀득안심) 20,000원, 수라깐풍치킨(쫀득안심) 19,000원, 타코마요치킨(쫀득안심) 19,000원, 요거치즈닝치킨(쫀득안심) 19,000원, 레몬크림탕슈(쫀득안심) 19,000원, 크리스피 골드(국내산 순살) 단품 17,000원, 크리스피 골드(국내산 순살)+한마리 세트 26,000원, 한마리+안심텐더 25,000원, 순살치킨+순살치킨 25,000원, 순살치킨+안심텐더 25,000원, 안심텐더+안심텐더 25,000원, 특수부위 세트 26,000원, 특수부위 단품 16,000원, 뼈한마리 16,000원, 순살치킨 16,000원, 안심텐더 16,000원"
1911698553,굽네치킨 광주용봉점,35.1808519230282,126.893428117295,062-525-9294,전남광주통합특별시 북구 저불로69번길 18,음식점 > 치킨 > 굽네치킨,False,"베스트 Pick 뼈 한마리 17,900원, 헬시 Pick 닭가슴살 16,900원, (New) 굽네 순살 시카고 피자 시리즈 18,900원, (New) 치킨 베이크 8,000원, (SET)치킨+굽네 순살 시카고 피자 36,800원, 굽네 양념 강정 19,000원, [굽블링] 굽네 한마리 치킨만(무/소스 미제공) 16,000원, [굽블링] 굽네 반마리+사이드(2종) 16,000원, 시그니쳐 Pick 윙봉 20,900원, (SET)치킨+피자+콜라1.25L 35,400원, (SET)치킨+치킨+콜라1.25L 35,800원, (SET)피자+파스타 21,900원, (SET)치킨＋싱글피자 26,900원, (SET)치킨+맵달떡볶이 26,400원, (SET)피자+치킨 반마리 25,900원, (SET)피자+장각 시리즈 반마리 26,900원, (SET)싱글피자+장각 시리즈 반마리 21,000원, New 오리지널 17,900원, New 오리지널 곱빼기（1.5마리） 25,900원, 고추바사삭 19,900원, 고추바사삭 곱빼기（1.5마리） 28,900원, 볼케이노 19,900원, 갈비천왕 19,900원, 오븐바사삭 18,900원, 양념히어로 19,900원, 남해마늘바사삭 20,900원, 굽네 장각구이 23,900원, 볼케이노 장각 23,900원, 오리지널 장각 21,900원, 굽네 추추 치킨 스테이크 2 SET 22,000원"
26829551,KFC 광주용봉DT점,35.18364910473793,126.89900833545103,062-513-4350,전남광주통합특별시 북구 설죽로 270,음식점 > 패스트푸드 > KFC,False,"칰폴레맵징거더블다운박스 14,600원, 칰폴레맵징거더블다운세트 12,400원, 칰폴레맵징거더블다운 10,100원, 칰폴레맵징거타워박스 13,200원, 칰폴레맵징거타워세트 10,700원, 칰폴레맵징거타워 8,100원, 칰폴레맵징거통다리박스 12,800원, 칰폴레맵징거통다리세트 10,300원, 칰폴레맵징거통다리 7,700원, 맵징거타워더블팩 20,900원, 맵징거더블박스 17,900원, 맵징거싱글박스 15,900원, 꿀조합파티팩 36,900원, 갓양념켄치밥징거팩 20,300원, 트러플치르르통다리8조각 29,800원, 트러플치르르통다리5조각 19,600원, 트러플치르르통다리3조각 11,900원, 트러플치르르통다리1조각 4,000원, 갓양념통다리8조각 29,800원, 갓양념통다리5조각 19,600원, 갓양념통다리3조각 11,900원, 갓양념통다리1조각 4,000원, 갓양념치킨 8조각 29,000원, 갓양념치킨 5조각 19,100원, 갓양념치킨 3조각 11,600원, 갓양념치킨 1조각 3,900원, 오리지널통다리8조각 29,000원, 오리지널통다리5조각 19,100원, 오리지널통다리3조각 11,600원, 오리지널통다리1조각 3,900원"
11512196,맥도날드 용봉DT점,35.185078901065275,126.89822595298624,062-419-2300,전남광주통합특별시 북구 설죽로 289,음식점 > 패스트푸드 > 맥도날드,False,
9431507,창평국밥,35.1842346703551,126.910042585569,062-267-3110,전남광주통합특별시 북구 천지인로 103,음식점 > 한식 > 국밥,False,"순대국밥 9,000원, 내장국밥 10,000원, 머리국밥 10,000원, 모듬국밥 10,000원, 콩나물국밥 8,000원, 선지국밥 8,000원, 순대만국밥 9,000원, 섞어국밥 10,000원, 오소리국밥 10,000원, 막창국밥 10,000원, 암뽕국밥 10,000원, 새끼보국밥 9,000원, 순대한접시 10,000원, 암뽕한접시 20,000원, 머리고기한접시 20,000원"
10168433,곱창마당 갈비마당,35.1868854962473,126.9018402944,062-268-9242,전남광주통합특별시 북구 서하로194번길 3,음식점 > 한식,False,"모듬전골 (대) 55,000원, 곱창구이 (대) 65,000원, 막창구이 (대) 65,000원, 돼지갈비 (1인분) 15,000원, 곱창구이 (중) 50,000원, 곱창구이 (소) 35,000원, 막창구이 (중) 50,000원, 막창구이 (소) 35,000원, 모듬전골 (중) 45,000원, 모듬전골 (소) 35,000원"
18961213,참진미국밥,35.18214384850803,126.90457639853085,062-525-3006,전남광주통합특별시 북구 용주로30번길 100,음식점 > 한식 > 국밥,False,"짜글이찌개(2인이상) 12,000원, 된장찌개(시래기or감자) 9,000원, 청국장찌개(시래기or감자) 9,000원, 애호박찌개 9,000원, 김치찌개 9,000원, 황태국밥 9,000원, 콩나물국밥 7,000원, 예약)닭백숙 65,000원, 점심특선)묵은지야채제육쌈+공기밥 12,000원, 점심특선)시래기야채제육쌈+공기밥 12,000원, 공기밥 1,000원, 국수사리 3,000원"
15659806,용봉골,35.1812124062591,126.904143833463,062-521-6864,전남광주통합특별시 북구 용주로30번길 75,음식점 > 한식 > 수제비,False,"코다리찜 20,000원, 제육볶음(1인) 10,000원, 동태탕(1인) 30,000원, 청국장 8,000원, 애호박찌개 8,000원, 추어탕 8,000원, 콩물국수 10,000원, 동지죽 10,000원"
1122474809,바다로한상,35.18393784286194,126.91211463910066,062-525-9990,전남광주통합특별시 북구 천지인로 123,"음식점 > 한식 > 해물,생선 > 회",False,"바다로한상 (2인) 90,000원, 바다로한상 (3인) 120,000원, 바다로한상 (4인) 150,000원, 바다로한상 (5인) 180,000원, 바다로특선 (2인) 140,000원, 바다로특선 (3인) 160,000원, 바다로특선 (4인) 190,000원, 바다로특선 (5인) 250,000원, 바다로스페셜 (2인) 160,000원, 바다로스페셜 (3인) 190,000원, 바다로스페셜 (4인) 220,000원, 바다로스페셜 (5인) 250,000원, 굴비정식 (1인)(점심) 20,000원, 굴비특정식 (점심) 35,000원, 회정식 (1인)(점심) 20,000원"
1998849678,다현 정식,35.1825441667495,126.897014862776,062-267-0110,전남광주통합특별시 북구 비엔날레로 183-5,음식점 > 한식 > 한정식,False,
1181915760,창평시장국밥 전대직영점,35.1801766820908,126.912387659504,062-251-8298,전남광주통합특별시 북구 우치로 144,음식점 > 한식 > 국밥,False,"辛냄비찜 15,000원, 살코기국밥 11,000원, 머리국밥 10,000원, 선지국밥 9,000원, 콩나물국밥 9,000원, 찰순대국밥 10,000원, 암뽕순대국밥 10,000원, 모듬국밥 11,000원, 새끼보국밥 11,000원, 곱창전골 (중) 33,000원, 곱창전골 (대) 40,000원, 막창전골 (중) 35,000원, 막창전골 (대) 42,000원, 곱창야채철판 (중) 35,000원, 곱창야채철판 (대) 42,000원, 만두 7,000원, 머리수육 27,000원, 새끼보수육 27,000원, 모듬수육 30,000원, 원조옛날순대(암뽕) 20,000원, 찰순대 13,000원, 암뽕순대+찰순대 16,000원, 복분자 13,000원"
1870639222,빛고을국밥&전골전문점,35.1809872511146,126.902119654137,062-528-6565,전남광주통합특별시 북구 용주로30번길 25,음식점 > 한식 > 국밥,False,
967459302,코다리각시 광주점,35.1835914344696,126.899028168805,,전남광주통합특별시 북구 설죽로 270,"음식점 > 한식 > 해물,생선",False,"리뷰이벤트 500원의 행복 500원, 코다리조림 31,000원, 코다리&시래기 조림 34,000원, 코다리&갈비조림 41,000원, 코다리&해물조림 45,000원, 코다리&묵은지조림 38,000원, 치즈돈까스 10,000원, 등심돈까스 9,000원, 새우튀김 6,000원, 고기만두 6,000원, 고등어구이 10,000원, 물냉면 10,000원, 비빔냉면 10,000원, 공기밥 1,000원, 펩시콜라 355mL 2,000원, 펩시 제로 콜라 355mL 2,000원, 칠성사이다 355mL 2,000원, 밀키스 355mL 2,000원, 참이슬 후레쉬19세 이상 3,000원, 새로19세 이상 3,000원, 진로19세 이상 3,000원, 잎새주19세 이상 3,000원, 카스19세 이상 3,000원, 테라19세 이상 3,000원"
21342004,이영미궁중한방삼계탕 본점,35.18700534555759,126.89745170255144,062-513-9292,전남광주통합특별시 북구 서하로 156,"음식점 > 한식 > 육류,고기 > 닭요리 > 삼계탕",False,"한방 삼계탕 20,000원, 한방 옻 삼계탕 23,000원, 한방 전복 삼계탕 24,000원, 한방 삼채 삼계탕 22,000원, 장모님 삼계탕 27,000원, 옻.전복삼계탕 26,000원, 궁중삼계탕 27,000원"
17188056,맛골,35.1809837308175,126.902225052382,062-266-8621,전남광주통합특별시 북구 용주로30번길 27,음식점 > 한식,False,
1864877399,남촌황소곱창,35.1785711871921,126.896191018443,,전남광주통합특별시 북구 용봉택지로 87,"음식점 > 한식 > 육류,고기 > 곱창,막창",False,"남촌무쇠한우곱창모듬구이(200g) 15,900원, 남촌무쇠한우곱창구이(150g) 17,900원, 남촌무쇠소막창구이(200g) 16,900원, 남촌무쇠한우대창구이(200g) 16,900원, 남촌무쇠한우소염통구이(130g) 9,900원, 남촌무쇠소갈비살구이(130g) 12,900원, 남촌무쇠오드레기구이(130g) 15,900원, 남촌한우곱창전골(2~3인) 37,900원"
117517121,도원,35.1872254333802,126.907733618941,062-263-2007,전남광주통합특별시 북구 서하로 249,음식점 > 중식,False,"1. 나홀로+짜장 18,000원, 탕수육+볶음밥 13,000원, 삼선짬뽕 11,000원, 삼선쟁반짜장2인 21,000원, 오므라이스 10,000원, 2. 나홀로+짬뽕 20,000원, 3. 나홀로+우동 20,000원, 4. 나홀로+간짜장 20,000원, 5. 나홀로+짬뽕밥(국밥) 20,000원, 6.나홀로+볶음밥 20,000원, 7.나홀로+매콤볶음짜장 21,000원, 8. 나홀로+차돌짬뽕(삼선) 24,000원, 10. 나홀로+고추짬뽕(삼선) 23,000원, 9. 나홀로+차돌짬뽕밥(삼선) 24,000원, 10.나홀로+고추짬뽕밥 23,000원, 나홀로+삼선짬뽕 23,000원, 나홀로+쟁반짜장(1인) 21,000원, 수제탕수육 +맷돌콩국수2+음료수+군만두 31,000원, 나홀로+맷돌콩국수 22,000원, 맷돌콩국수 10,000원, 1. 수제탕수육+짜장2군만두+음료수 25,000원, 2. 수제탕수육+짬뽕1짜장1+군만두+음료수 26,000원, 3. 수제탕수육+짬뽕2+군만두+음료수 28,000원, 4. 수제탕수육+우동2+군만두+음료수 28,000원, 5. 수제탕수육+간짜장2+군만두+음료수 28,000원, 6. 수제탕수육+쟁반짜장2인분+군만두+음료수 28,000원, 참이슬 후레쉬19세 이상 4,500원, 카스19세 이상 4,500원, 이과두주(125ml)19세 이상 5,000원, 연태고량주 중(250ml)19세 이상 25,000원"
9925257,자금성중화요리,35.1871255465729,126.899991079797,062-267-0058,전남광주통합특별시 북구 서하로 180,음식점 > 중식 > 중국요리,False,"짜장 7,000원, 짬뽕 9,000원, 우동 9,000원, 간짜장 9,000원, 울면 10,000원, 삼선간짜장 11,000원, 1.바삭한탕수육＋짜장2＋군만두＋음료 25,000원, 2. 바삭한탕수육＋짜장1＋짬뽕1＋군만두＋음료 26,000원, 3.바삭한탕수육＋짬뽕2＋군만두＋음료 28,000원, 4.바삭한탕수육＋간짜장2＋군만두＋음료 28,000원, 5바삭한탕수육＋볶음밥2（국밥2）군만두＋음료 28,000원, 6.바삭한탕수육＋쟁반짜장2인분＋군만두＋음료 29,000원, 7.바삭한탕수육＋쟁반짬뽕2인분＋군만두＋음료 30,000원, 8.바삭한탕수육＋삼선짬뽕2＋군만두＋음료 32,000원, 탕수육＋삼선짬뽕1＋해물왕짜장1＋군만두 ＋음료 31,000원, 10.바삭한탕수육＋해물왕짜장2＋군만두＋음료 30,000원, 일인세트（탕수육＋짜장＋군만두） 18,000원, 일인세트（탕수육＋짬뽕or간짜장＋군만두） 20,000원, 일인세트（탕수육＋볶음밥or국밥＋군만두） 20,000원, 일인세트（탕수육＋해물왕짜장＋군만두） 21,000원, 일인세트（탕수육＋삼선짬뽕＋군만두） 22,000원, 일인세트（탕수육＋소고기(우삼겹)짬뽕＋군만두） 23,000원, 일인세트（탕수육＋잡채밥＋군만두） 21,000원, 일인세트（탕수육＋해물덮밥＋군만두） 22,000원, 바삭한탕수육＋콩물국수2＋군만두＋음료 32,000원, 바삭한탕수육＋콩물국수1＋군만두 22,000원, 해물왕짜장 10,000원, 삼선짬뽕 11,000원, 고추짬뽕 11,000원, 소고기(우삼겹)짬뽕 12,000원"
9632748,홍보석,35.18773815596703,126.90070728746208,062-251-9111,전남광주통합특별시 북구 설죽로320번길 18,음식점 > 중식 > 중국요리,False,"냉콩물국수 10,000원, 1.탕수육＋짜장2＋만두＋음료 24,000원, 2.탕수육＋짬봉2＋만두＋음료 26,000원, 3.탕수육＋볶음밥2＋만두＋음료 28,000원, 4.탕수육＋국밥2＋만두＋음료 28,000원, 5.탕수육＋쟁반짜장2人＋만두＋음료 28,000원, 6.탕수육＋잡채＋만두＋음료 29,000원, 7.간짜장＋짬뽕＋탕수육＋만두＋콜라 27,000원, 8.짜장＋짬뽕＋탕수육＋만두＋콜라 25,000원, 9. 탕수육＋간짜장2＋만두＋음료 26,000원, 1.오징어탕수육＋짜장2＋만두＋음료 30,000원, 2.오징어탕수육＋짬뽕2＋만두＋음료 34,000원, 3.오징어탕수육＋간짜장2＋만두＋음료 34,000원, 4.오징어탕수육＋볶음밥2＋만두＋음료 34,000원, 5.오징어탕수육＋잡채밥2＋만두＋음료 36,000원, 6.오징어탕수육＋해물덮밥2＋만두＋음료 36,000원, 짜장 6,000원, 우동 9,000원, 짬뽕 9,000원, 차돌박이 짬뽕 1人 12,000원, 간짜장 9,000원, 불짜장 11,000원, 삼선짬뽕 11,000원, 삼선우동 11,000원, 삼선간짜장 11,000원, 삼선울면 11,000원, 울면 9,000원, 유슬짜장 11,000원, 삼선기스면 11,000원, 쟁반짜장2人 18,000원"
23562449,오치반점,35.1886021501599,126.902426734865,062-267-5788,전남광주통합특별시 북구 안산로 16,음식점 > 중식 > 중국요리,False,"짜장면 7,000원, 짬뽕 9,000원, 매콤왕짜장 10,000원, 우삼겹짬뽕 12,000원, 바삭한탕수육(소) 22,000원, 서리태콩물국수 11,000원, 짜장소스추가 2,000원, 짬뽕국물추가 2,000원, 간짜장 9,000원, 우동 9,000원, 울면 9,000원, 쟁반짜장（2人） 18,000원, 쟁반짜장（3人） 23,000원, 삼선쟁반짜장1인분 11,000원, 삼선쟁반짜장（2人） 20,000원, 쟁반볶음짬뽕（2人） 20,000원, 사천해물쟁반짜장（2人） 19,000원, 삼선간짜장 11,000원, 삼선우동 12,000원, 삼선짬뽕 12,000원, 삼선울면 12,000원, 사천탕면 10,000원, 모듬해물왕짬뽕 14,000원, 중화비빔밥 10,000원, 볶음밥 9,000원, 참이슬후레쉬19세 이상 4,500원, 카스19세 이상 4,500원, 이과두주 125mL19세 이상 4,000원, 고량주 250mL19세 이상 6,000원, 연태고량주 小19세 이상 15,000원"
1940697656,가화성,35.1875639827777,126.902667327448,062-572-9204,전남광주통합특별시 북구 안산로 2-1,음식점 > 중식 > 중국요리,False,"등심찹쌀탕수육＋짜장2＋만두＋캔콜라 25,000원, 찹쌀탕수육＋간짜장2＋만두＋캔콜라 27,000원, 차돌배기짬뽕 13,000원, 간짜장 9,000원, 잡채밥 10,000원, 찹쌀탕수육 15,000원, 콩물국수 11,000원, 짜장면 7,000원, 찹쌀탕수육＋굴떡국1＋만두 26,000원, 찹쌀탕수육＋굴짬뽕1＋만두 26,000원, 찹쌀탕수육＋굴국밥1＋만두 26,000원, 찹쌀탕수육+떡국1+만두 21,000원, 찹쌀탕수육+만두국1+만두 22,000원, 찹쌀탕수육+떡만두국1+만두 22,000원, 찹쌀탕수육＋콩물국수2＋만두＋캔콜라 33,000원, 찹쌀탕수육＋물냉면2＋만두＋캔콜라 33,000원, 찹쌀탕수육＋비빔냉면2＋만두＋캔콜라 33,000원, 등심찹쌀탕수육＋짜장1＋짬뽕1＋만두＋캔콜라 26,000원, 등심찹쌀탕수육＋짬뽕2＋만두＋캔콜라 27,000원, 찹쌀탕수육＋짜장1＋간짜장1＋만두＋캔콜라 26,000원, 찹쌀탕수육＋우동2＋만두＋캔콜라 27,000원, 찹쌀탕수육＋볶음밥2＋만두＋캔콜라 28,000원, 참이슬19세 이상 5,000원, 잎새주19세 이상 5,000원, 카스19세 이상 5,000원, 북경이과두주19세 이상 5,000원, 북경고량주19세 이상 7,000원, 연태고량주 小19세 이상 15,000원, 연태고량주 中19세 이상 25,000원, 연태고량주 大19세 이상 35,000원"
14507290,필링돈까스 본점,35.186154987104004,126.8980687061614,062-575-3668,전남광주통합특별시 북구 설죽로 297,"음식점 > 일식 > 돈까스,우동",False,"200시간 쌈돈까스(2-3인분) 35,000원, [광주최초]나리쿠라 안심 18,000원, [광주원조]200시간 안심카츠 17,000원, 200시간 수제양파돈까스 15,000원, 200시간 통치즈돈까스 17,000원"
27434649,산으로간참치,35.1869412647012,126.908603504364,0503-7152-1477,전남광주통합특별시 북구 서하로 258,음식점 > 일식 > 참치회,False,"시그니처 코스 1인 43,000원, 풍미 코스 1인 63,000원, 참치 머리살 특선 (하루전 예약필수) (4인) 300,000원, 산참치 모듬스시 (10ps) 23,000원, 숙성참치초밥 (10ps) 24,000원, 생연어초밥 (8ps) 18,000원"
200382,하랑은 오치점,35.1873707897365,126.902290964283,070-8836-5308,전남광주통합특별시 북구 서하로 199,"음식점 > 일식 > 초밥,롤",False,"생연어초밥 (6pcs) 8,000원, 스테이크초밥 (10pcs) 14,000원, 모듬초밥 (10pcs) 9,500원, 특선모듬 (10pcs) 12,000원, 유부초밥 (6pcs) 6,000원, 계란초밥 (6pcs) 6,000원, 생연어초밥 (10pcs) 13,500원, 연어불초밥 (6pcs) 9,000원, 장어초밥 (6pcs) 8,000원, 장어초밥 (10pcs) 13,500원, 생연어샐러드 11,500원, 생연어사시미 한접시 30,000원, 새우튀김초밥 (6pcs) 7,000원, 새우초밥 (6pcs) 7,000원, 새우초밥 (10pcs) 11,500원, 불새우초밥 (6pcs) 8,000원, 불새우초밥 (10pcs) 13,500원, 유부초밥(3pcs)+계란초밥(3pcs) 6,000원, 간장새우초밥(5pcs)+생새우초밥(5pcs) 11,500원, 연어불초밥(4pcs)+불새우초밥(4pcs) 12,000원"
1282118673,윤가츠당 용봉본점,35.1827523519914,126.91307546095602,062-266-2022,전남광주통합특별시 북구 효산로 26,"음식점 > 일식 > 돈까스,우동",False,"경양가츠 12,900원, 생등심돈가츠 10,900원, 치즈돈가츠 11,900원, 고구마치즈돈가츠 12,900원, 흑돼지함박가츠 11,900원, 김치볶음밥 7,500원, 크림파스타 12,500원, 육개장 9,500원, 냉모밀 7,900원, 어묵우동 7,900원"
795254672,광주참치회초밥 어울림 오치본점,35.187545160211,126.901682495315,062-263-0010,전남광주통합특별시 북구 서하로 193,음식점 > 일식 > 참치회,False,"어울림 초밥 17,000원, 참치회 한접시 어울림 1인 20,000원, 어울림 특 초밥 23,000원, 숙성회 한접시 (중) 60,000원, 숙성회 한접시 (대) 80,000원, 연어회 한접시 (중) 45,000원, 참치회 한접시 어울림 특1인 27,000원, 참다랑어 한 접시 65,000원, 모둠회 한접시 (중) 58,000원, 모둠회 한접시 (대) 77,000원, 반반회 한접시 (중) 58,000원, 반반회 한 접시 (대) 77,000원, 어울림 키조개 + 차돌박이 (중) 45,000원, 어울림 키조개 + 차돌박이 (대) 60,000원, 등심돈까스 10,000원, 회덮밥 15,000원, 물회 15,000원, 와다(해삼내장) 10,000원, 새우튀김 (10p) 13,000원, 메로구이 25,000원, 키조개탕 15,000원, 어묵우동 6,000원, 숙성회 한접시 (소) 40,000원, 연어회 한접시 (소) 30,000원, 모둠회 한접시 (소) 39,000원, 반반회 한접시 (소) 39,000원"
783768913,타루카츠,35.1892767582172,126.902917817161,062-264-7207,전남광주통합특별시 북구 우치로275번길 45,"음식점 > 일식 > 돈까스,우동",False,"안심가츠 11,000원, 롤치즈가츠 12,000원, 시오라멘 9,000원, 치킨가츠 10,000원, 모듬가츠 16,000원, 소유라멘 9,000원, 돈코츠라멘 9,500원, 돈코츠소유라멘 9,000원, 탄탄라멘 9,000원, 고마라멘 9,000원, 새우튀김우동 8,000원"
1741988456,프랭크버거 광주오치사거리점,35.1867756663752,126.905408706572,062-268-0101,전남광주통합특별시 북구 우치로 246,음식점 > 양식 > 햄버거 > 프랭크버거,False,"프랭크버거세트 10,100원, 쉬림프버거세트 10,500원, 100%한우버거세트 13,600원, 100%한우갈릭버거세트 14,100원, 더블비프치즈버거세트 14,200원, (박은영 에디션)파닭파닭치킨버거세트 11,300원, (박은영 에디션)깐쇼새우비프버거세트 13,600원, (박은영 에디션)맥앤치즈비프버거세트 14,600원, (박은영 에디션)파닭파닭치킨버거 7,500원, (박은영 에디션)깐쇼새우비프버거 9,800원, (박은영 에디션)맥앤치즈비프버거 10,800원, K불고기세트 9,600원, K핫불고기세트 9,600원, 청양마요쉬림프버거세트 10,700원, 치즈버거세트 11,100원, 베이컨치즈버거세트 12,500원, 비프앤쉬림프버거세트 13,600원, JG버거세트 14,600원, K불고기버거 5,800원, K핫불고기버거 5,800원, 프랭크버거 6,300원, 쉬림프버거 6,700원, 청양마요쉬림프버거 6,900원, 치즈버거 7,300원, 베이컨치즈버거 8,700원, 비프앤쉬림프버거 9,800원, 100%한우버거 9,800원, 100%한우갈릭버거 10,300원, 더블비프치즈버거 10,400원, JG버거 10,800원"
22277761,피자스쿨 광주오치점,35.18731986563336,126.90285426827994,062-263-3334,전남광주통합특별시 북구 서하로 203,음식점 > 양식 > 피자 > 피자스쿨,False,"고구마피자 스페셜 18,900원, 불고기피자 스페셜 19,900원, 까르보네피자 스페셜 20,900원, 더블갈릭바베큐 스페셜 21,900원, 직화파인애플피자 스페셜 21,900원, 비프퀘사디아피자 스페셜 21,900원, 닭안심살피자 스페셜 22,900원, 치즈피자스페셜 16,900원, 페퍼로니피자스페셜 18,900원, 고구마피자 12,900원, 콤비네이션피자 12,900원, 불고기피자 13,900원, 포테이토피자 13,900원, 핫치킨피자 12,900원, 나폴리피자 14,900원, 트러플 포테이토피자 15,900원, 더블갈릭바베큐피자 15,900원, 까르보네피자 14,900원, 고르곤졸라피자 14,900원, 아이리쉬포테이토피자 14,900원, 깐쇼새우피자 16,900원, 치킨퀘사디아피자 15,900원, 비프퀘사디아 15,900원, 도이치바이트피자 16,900원, 직화홀릭바이트 16,900원, 멕시칸바이트피자 16,900원, 닭안심피자 16,900원, 오지치즈포테이토피자 16,900원, 미트러버피자 17,900원, 불닭고구마피자 15,900원"
797825271,피자파는집 전남대점,35.1869656758217,126.90751432557,062-251-9898,전남광주통합특별시 북구 서하로 248,음식점 > 양식 > 피자 > 피자파는집,False,
973069270,임실치즈피자 직영점,35.188147310832,126.906287673585,062-264-5982,전남광주통합특별시 북구 우치로264번길 16,음식점 > 양식 > 피자,False,"맵달콤비 19,900원"
1148467977,뮤,35.1882965849315,126.902419414474,,전남광주통합특별시 북구 안산로 12,음식점 > 양식 > 이탈리안,False,
21361981,후왕김밥,35.1874083066346,126.901870408036,062-268-7097,전남광주통합특별시 북구 서하로 195,음식점 > 분식,False,"김밥 4,000원, 떡볶이 3,000원, 순대 5,000원, 김치찌개 7,000원, 참치찌개 7,000원, 작은김밥 3,500원, 초밥 5,000원, 냄비우동 5,000원, 비빔국수 5,000원, 멸치국수 5,000원, 만두라면 5,000원, 육개장 8,000원, 볶음밥 7,000원, 김치볶음밥 7,000원, 떡만두국 7,000원, 떡국 6,000원, 쫄면 7,000원, 라면 4,000원, 떡라면 5,000원, 오므라이스 7,000원, 비빔밥 7,000원, 돈까스 7,000원"
830884555,전통손만두,35.1874944106738,126.902458801429,062-251-8999,전남광주통합특별시 북구 안산로 3,음식점 > 분식,False,
8223185,김가네 오치점,35.18738978104519,126.90015764301936,062-265-9922,전남광주통합특별시 북구 서하로 179,음식점 > 분식 > 김가네,False,"김가네김밥 4,500원, 더블치즈김밥 5,500원, 멸추김밥 6,000원, 참치김밥 5,500원, 소고기김밥 6,000원, 샐러드김밥 5,500원, 에그스팸김밥 6,000원, 통새우롤 6,000원, 돈까스롤 6,000원, 청양고추김치김밥 5,000원, 김치김밥 5,000원, 불오뎅김밥 5,500원, 라면 5,000원, 떡라면 5,500원, 만두라면 6,000원, 치즈라면 5,500원, 해물짬뽕라면 7,000원, 라면애순두부 7,000원, 계란후라이 500원, 공기밥 1,500원, 치즈추가(모짜렐라) 2,000원, 치즈추가(체다치즈) 1,000원, 곱배기(면류) 2,000원, 곱배기(라이스류,볶음밥류,덮밥류) 3,000원, 쌀떡볶이 7,000원, 치즈떡볶이 8,500원, 라볶이 8,000원, 치즈라볶이 9,500원, 모듬오뎅 8,000원, 쫄면 8,000원"
26960990,불티나튀김,35.18903715215296,126.9019903236371,,전남광주통합특별시 북구 안산로 21,음식점 > 분식,False,"상추튀김 6,000원, 떡볶이 3,000원, 모듬튀김 6,000원, 순대 6,000원, 어묵 3,000원, 라면 5,000원, 쫄면 7,000원, 수제식혜 7,000원"
1111862694,꼬마김밥송촌 광주북구문흥점,35.1869087198981,126.910893831529,062-266-2277,전남광주통합특별시 북구 서하로 278,음식점 > 분식,False,
1370591908,대박꼬마김밥,35.18892452291965,126.90203986713598,062-252-0101,전남광주통합특별시 북구 안산로 19,음식점 > 분식,False,"야채 꼬마김밥 5,500원, 참치 꼬마김밥 6,000원, 고추참치 꼬마김밥 6,000원, 김치볶음 꼬마김밥 6,000원, 오뎅탕 6,000원, 즉석떡볶이 6,000원, 모듬 꼬마김밥 12,000원, 1인모듬꼬마김밥 6,000원, 모듬1인+제육볶음200g+음료245ml(랜덤) 15,500원, 모듬 소+제육볶음300g+음료500mL(랜덤) 26,500원, 모듬 중+제육볶음400g+음료500mL(랜덤) 41,000원, 모듬 대+제육볶음600g+음료1.25L(랜덤) 57,000원, 꼬마김밥+오뎅탕 11,000원, 꼬마김밥+떡볶이 11,000원, 제육볶음(200g)+공기밥+음료245mL(랜덤) 11,000원, 제육볶음 9,000원, 김치말이냉국수 8,000원, 공기밥 1,500원, 소스 500원, 치즈떡볶이 7,500원, 콜라500mL 2,000원, 콜라1.25L 3,000원, 사이다500mL 2,000원, 사이다1.25L 3,000원"
327214220,오치커피앤빙수,35.1857465025161,126.906808647352,062-251-9991,전남광주통합특별시 북구 우치로228번길 19,음식점 > 카페,False,"생딸기듬뿍 딸기빙수 19,800원, 생체리빙수 26,800원"
2071881393,리앤츄러스,35.18610610473367,126.90559503150574,070-4044-1315,전남광주통합특별시 북구 우치로 236,음식점 > 카페,False,"리앤 츄러스 5개 세트 6,900원, 리앤 반반 츄러스 5,900원, 리앤 오레오 츄러스 5개 세트 7,400원, 리앤 츄러스 3개 세트 4,900원, 리앤 오레오 츄러스 3개 세트 5,400원, 상하목장 아이스크림 4,300원, 아메리카노 3,000원, 카페라떼 4,000원, 카페모카 4,500원, 상하목장 아이스크림 라떼 6,000원, 바닐라라떼 4,500원, 시나몬허니크림라떼 6,000원, 콜드브루 4,000원, 콜드브루 바닐라라떼 5,000원, 콜드브루 돌체라떼 5,000원, 딸기라떼 5,500원, 얼그레이 밀크티 5,500원, 생강라떼 6,000원, 밀크쉐이크 6,000원, 오디주스 6,500원"
681612912,빈드럭스,35.186689607326,126.90259151488,0503-7150-0460,전남광주통합특별시 북구 서하로 202-16,음식점 > 카페 > 테마카페 > 디저트카페,False,"필터커피 6,000원, 코코럽 6,700원, 미숫가루쉐이크 6,700원, 에스프레소 4,500원, 아메리카노 4,500원, 플랫화이트 5,000원, 카페라떼 5,000원, 리얼바닐라빈라떼 6,000원, 케인슈가라떼 5,500원, 아인슈패너 6,700원, 허브차 6,000원, 수제차 6,000원, 에이드 6,500원, 블루베리스무디 7,000원"
32860017,벌크커피 전대예대점,35.18057388968124,126.90369446504975,062-513-5013,전남광주통합특별시 북구 용주로30번길 56,음식점 > 카페 > 벌크커피,False,"아이스아메리카노 2,000원"
2141968333,커피앤스튜디오 나이브,35.180772868954215,126.90570549451236,,전남광주통합특별시 북구 용봉로 77,음식점 > 카페,False,"나이브라떼 5,000원, 아이스크림 크로플 5,500원, (여름신메뉴)우유 컵빙수 5,000원, 1L 벌크업아메리카노 4,500원, 아메리카노 3,000원, 카페라떼 3,500원, 바닐라라떼 4,000원, 아인슈페너 4,500원, 콜드브루 3,500원, 에스프레소 말차 5,000원, 카페모카 4,000원, (수박만갈아버린)수박주스 5,000원, 꿀 토마토 주스 4,500원, 망고주스 4,500원, 자두코코 슬러시 4,000원, 청포도 코코 슬러시 4,000원, 복숭아 아이스티 3,000원, 레몬 아이스티 3,000원, 망고아이스티 3,000원, 나이브 아이스티 3,000원, 패션후르츠 에이드 4,000원, 자몽 에이드 4,000원, 청포도 에이드 4,000원, 레몬 에이드 4,000원, 유자 에이드 4,000원, 블루소다 에이드 3,500원, 플레인 요거트 스무디 4,000원, 망고 요거트 스무디 4,000원, 딸기 요거트 스무디 4,000원, 딸기라떼 5,000원"
47479822,빅스커피,35.1806148234445,126.905310451221,,전남광주통합특별시 북구 용봉로 77,음식점 > 카페 > 커피전문점,False,
1667989590,이장님CAFE,35.1825707970639,126.90887627908685,,전남광주통합특별시 북구 우치로 182,음식점 > 카페,False,"아메리카노 2,000원, 1리터 아메리카노 3,500원, 복숭아 아이스티 3,000원, 유자차 4,500원, 카페라떼 3,500원, 바닐라라떼 4,500원, 초코라떼 4,500원, 녹차라떼 4,500원, 헤이즐넛 아메리카노 3,500원, 헤이즐넛 라떼 4,500원, 카페모카 4,500원, 카라멜마끼아또 4,500원, 레몬 아이스티 3,000원, 백향과차 4,500원, 자몽차 4,500원, 레몬차 4,500원, 캐모마일 4,500원"
311551605,010카페 1호점,35.182579704852,126.908735741021,010-8414-2111,전남광주통합특별시 북구 우치로 184,음식점 > 카페,False,
437943828,카페EZ,35.18022045419831,126.90132573422399,010-6567-4418,전남광주통합특별시 북구 반룡로27번길 25,음식점 > 카페,False,"EZ주문수1위 극락불닭 6,500원"
1571740047,카페거북이,35.182129397653,126.909229187995,062-522-8363,전남광주통합특별시 북구 우치로 177,음식점 > 카페,False,"아메리카노 3,000원, 1리터 거북이아메리카노 4,500원, 꿀메리카노 4,000원, 헤이즐넛 아메리카노 4,000원, 카페라떼 4,500원, 꿀라떼 5,000원, 말차 가베 라떼 5,000원, 카페모카 5,000원, 카라멜마끼아또 5,000원, 바닐라라떼 5,000원, 헤이즐넛라떼 5,000원, 마늘빵 3개 3,000원, 마들렌 3,000원, 명품단팥빵 3,000원, 명품모카빵 3,000원, 쿠키(초코/마카다미아 넛)중 랜덤 2,500원, 과일 생크림 컵케이크 (딸기) 6,500원, 소금빵 3,500원, 오곡라떼 5,000원, 흑임자라떼 5,000원, 초코라떼 5,000원, 초코 자바칩 프라푸치노 5,500원, 오레오 쿠앤크 프라푸치노 5,500원, 말차 아이스크림 라떼 5,500원, 초코 말차 라떼 5,500원, 고구마 라떼 5,500원, 밀크티 5,500원, 버블티 6,000원, 딸기수제우유 6,000원, 바나나라떼 5,500원"
406742443,필라이크선데이,35.1859338610173,126.904338111126,,전남광주통합특별시 북구 우치로 239-15,음식점 > 카페 > 테마카페 > 디저트카페,False,"아메리카노 4,000원, 라떼 4,400원, 헤이즐넛라떼 4,600원, 바닐라빈라떼 4,600원, 크림라떼 4,800원, 과일향이나는커피 4,800원, 발로나초코 4,600원, 미숫가루 4,600원, 래몬에이드 4,700원, 라임에이드 4,700원, 백향과에이드 4,700원, 매실에이드 4,700원, 레몬티 4,500원, 매실티 4,500원, 얼그레이티 4,500원, 히비스커스티 4,500원"
1445330300,카페밀리,35.1795950030245,126.90143627367,,전남광주통합특별시 북구 반룡로27번길 10-1,음식점 > 카페,False,
932253697,카페놀이터,35.1807936148055,126.902312010355,,전남광주통합특별시 북구 용주로30번길 30,음식점 > 카페,False,
1504640894,이바구하우스,35.181329239219195,126.897132768355,062-431-0107,전남광주통합특별시 북구 설죽로251번길 17-14,음식점 > 카페,False,"이바구하우스커피 5,000원, 벌집라떼 6,500원, 리라미수라떼 5,500원, 초당옥수수라떼 5,500원, 에스프레소 3,300원, 에스프레스콘파냐 4,000원, 카라멜마끼야또 4,800원, 카페모카 4,800원, 바닐라라떼 4,800원, 헤이즐넛라떼 4,500원, 돌체라떼 4,500원, 더치아메리카노 4,000원, 더치라떼 4,800원, 핸드드립 4,500원, 딸기라떼 5,500원, 딸기크림라떼 6,500원, 쿠키라떼 5,000원, 초코라떼 4,500원, 녹차라떼 4,500원, 오곡라떼 4,500원, 고구마라떼 4,500원, 자스민 4,000원, 페퍼민트 4,000원, 루이보스 4,000원, 녹차 4,000원, 히비스커스 4,000원, 키위 5,000원, 토마토 5,000원, 바나나 4,500원, 파인애플 5,500원, 플레인블루베리 4,500원, 블루베리 4,800원, 딸기 4,800원, 밀크쉐이크 5,000원"
1719350625,쿠크당,35.1854440882351,126.905055623211,010-5045-4002,전남광주통합특별시 북구 우치로231번길 6,음식점 > 카페,False,"카페라떼 3,000원, 아메리카노 2,000원"
1407206639,깜보,35.1864687913976,126.902611541091,062-251-9929,전남광주통합특별시 북구 우치로241번길 42,음식점 > 치킨,False,
762663527,BBQ 광주오치점,35.1869885323795,126.90444666865,062-251-5555,전남광주통합특별시 북구 서하로 220,음식점 > 치킨 > BBQ,False,"황금올리브치킨™ 23,000원, 바사칸 윙 23,000원, 땡쇼크 25,000원, 맵소디 24,500원, 황금올리브치킨™양념 24,500원, [NEW] 필크런치 27,000원, [NEW] 필크런치 소스 세트 29,000원, [NEW] 필크런치 소떡 세트 32,000원, [NEW] 필크런치 치즈볼 세트 32,000원, [NEW] 필크런치 떡볶이 세트 34,000원, [NEW] 필크런치 더블 PICK 세트 46,000원, [NEW] 필크런치 트리플 PICK 세트 52,000원, 필크런치 반+황올 반 25,500원, 필크런치 반+핫크리스피 반 26,000원, 필크런치 반+양념 반 26,500원, 황금올리브치킨™ + 코카-콜라1.25L 26,000원, 황금올리브치킨™ + 코카-콜라제로1.25L 26,000원, 황금올리브치킨™핫크리스피 + 코카-콜라1.25L 27,000원, 황올 반+양념 반 + 코카-콜라제로1.25L 27,000원, 자메이카 통다리구이 + 코카-콜라제로1.25L 27,000원, 황금올리브치킨™속안심 19,000원, 황금올리브치킨™핫윙(VAP) 23,000원, 황금올리브치킨™핫크리스피 24,000원, 크런치 순살크래커 20,000원, 파더's치킨(로스트 갈릭) 15,000원, 소주19세 이상 4,000원, 병맥주19세 이상 4,000원, 생맥주(카스) 500cc19세 이상 4,000원, 페일에일500cc19세 이상 5,000원, 바이젠500cc19세 이상 5,000원"
19188757,교촌치킨 오치점,35.18675749736756,126.89855104388528,062-262-1991,전남광주통합특별시 북구 설죽로 306,음식점 > 치킨 > 교촌치킨,False,"반반윙박스20pcs[간장+레드] 27,000원, 허니갈릭윙박스20pcs 26,000원, 허니한마리 22,000원, 레드한마리 23,000원, 간장한마리 22,000원, 반반한마리[간장+레드] 23,000원, 반반윙박스20pcs[마라레드+허니갈릭] 27,000원, 반반윙박스20pcs[레드+허니갈릭] 27,000원, 반반윙박스20pcs[간장+허니갈릭] 27,000원, 반반윙박스20pcs[간장+마라레드] 27,000원, 반반윙박스20pcs[레드+마라레드] 27,000원, 반반윙박스20pcs[후라이드+양념] 27,000원, 마라레드윙박스20pcs 26,000원, 간장윙박스20pcs 26,000원, 레드윙박스20pcs 26,000원, 허니윙박스20pcs 26,000원, 후라이드윙박스20pcs 26,000원, 양념치킨윙박스20pcs 27,000원, 오리지널찰도그(3ea) 6,000원, 체다치즈찰도그(3ea) 6,500원, SET)허니갈릭한마리+오리지널찰도그 28,000원, SET)허니갈릭한마리+체다치즈찰도그 28,500원, 궁중닭갈비볶음밥 4,500원, 허니갈릭한마리 25,000원, 마라레드한마리 25,000원, 소주（참이슬후레쉬）19세 이상 4,000원, 소주（새로）19세 이상 4,000원, 생맥주（1000cc）19세 이상 6,000원, 병맥주（카스）19세 이상 5,000원, 문베어 소빈블랑 （캔500ml）19세 이상 6,000원"
346896076,멕시카나치킨 오치점,35.1873586036089,126.902828969553,062-418-9992,전남광주통합특별시 북구 서하로 203,음식점 > 치킨 > 멕시카나치킨,False,"고추화삭+치토스치즈볼 세트 32,000원, 시그니처 양념치킨 23,000원, 고추화삭 24,500원, 치필링 24,000원, 치토스치킨 23,500원, 후양퐁 세트 27,500원, 반반치킨(후+양)+치토스치즈볼 세트 26,500원, 땡초치킨 23,500원, 치필링HOT 24,000원, 치필링 반반 24,500원, 치치반반(순살치토스+치필링) 25,500원, 콤보 후라이드 24,000원, 콤보 양념 25,000원, 후라이드치킨 21,500원, 1989오리진후라이드 21,000원, 와삭칸 21,000원, 마늘간장치킨 23,000원, 고매치킨 22,000원, 눈꽃치즈치킨 22,000원, 강정치킨 22,000원, 허니벌꿀치킨 22,000원, 반반치킨 21,500원, 반반치킨（후라이드＋양념） 22,500원, 반반치킨（후라이드＋땡초） 24,000원, 순살세트 29,000원, 멕시핀（다리） 24,000원, 멕시윙（윙/봉） 23,500원, 병맥주（카스）19세 이상 4,000원, 참이슬19세 이상 4,000원, 진로이즈백19세 이상 4,000원"
877265434,양동시장통닭 용봉점,35.18629730952639,126.90459459986197,062-511-9978,전남광주통합특별시 북구 우치로241번길 7,음식점 > 치킨,False,"반반치킨 21,000원, 양념치킨 21,000원, 뼈 두마리 치킨세트 26,000원, 후라이드치킨 20,000원, 간장치킨 21,000원, 매운간장치킨 22,000원, 매운양념치킨 22,000원, 순살치킨 20,000원, 순살 두마리세트 26,000원, 깻잎치킨 21,000원, 깻잎 매운양념치킨,반반 23,000원, 깻잎 매운간장치킨,반반 23,000원, 닭다리（12개） 26,000원, 닭날개 26,000원, 소스.무추가 500원, 깻잎두마리세트 27,000원, 닭똥집반＋닭반 23,000원, 닭똥집반＋간장닭반 24,000원, 똥집반＋양념닭반 24,000원, 닭똥집반＋매운간장닭반 25,000원, 닭똥집반＋매운양념닭반 25,000원, 똥집 23,000원, 양념똥집 24,000원, 간장똥집 24,000원, 매운똥집 25,000원, 매운간장똥집 25,000원, 잎새주19세 이상 4,000원, 참이슬19세 이상 4,000원, 카스（병맥주）19세 이상 4,000원, 생맥주 1000cc19세 이상 6,000원"
24529792,88켄터키치킨,35.1878000310348,126.900319637227,,전남광주통합특별시 북구 서하로183번길 5,음식점 > 치킨,False,"레드치킨 (한마리) 13,800원, 레드치킨 (한마리반) 19,700원, 매콤 간장치킨 (한마리) 13,800원, 매콤 간장치킨 (한마리반) 19,700원, 켄터키 치킨 (반마리) 6,300원, 켄터키 치킨 (한마리) 9,800원, 켄터키 치킨 (한마리반) 15,300원, 후라이드반 양념반 11,800원, 켄터키 양념 (반마리) 7,800원, 켄터키 양념 (한마리) 12,800원, 켄터키 양념 (한마리반) 18,800원, 켄터키 간장 (한마리) 12,800원, 켄터키 간장 (한마리반) 18,800원, 켄터키 파닭 (한마리) 14,800원, 켄터키 파닭 (한마리반) 21,800원, 통마늘 치킨 (한마리) 14,800원, 통마늘 치킨 (한마리반) 20,700원, 통새우 치킨 (한마리) 15,800원, 통새우 치킨 (한마리반) 21,700원, 켄터키 갈비 (한마리) 14,800원"
847880345,스모프양념통닭 광주북구점,35.1877690796317,126.901046515057,062-265-6988,전남광주통합특별시 북구 설죽로320번길 20,음식점 > 치킨 > 스모프양념통닭,False,"[옛날 맛 그대로] 1989 양념치킨 23,000원, [옛날 통닭에 담백한 소금 콕] 1989 후라이드치킨 21,000원, [케찹과 마요네즈의 만남] 케요네즈치킨 25,000원, [단짠단짠] 쫄간장치킨 24,000원, [내맘대로 골라먹는] 반반치킨 22,000원, [숙성간장의 깊은 맛] 1989 간장치킨 23,000원, [청양고추가득] 쫄고추치킨 24,000원, [알싸한 마늘 듬뿍] 쫄마늘치킨 24,000원, 감자튀김 4,000원, 속이 꽉찬 크림 치즈볼 4,000원, 쑥팥 도나스 4,000원, 흑임자 고구마 도나스 4,000원, 소떡소떡(1개) 4,000원, 치즈스틱(5개) 4,000원, 치킨무 1,000원, 양배추 샐러드 1,500원, 콜라 500mL 2,000원, 사이다 500mL 2,000원, 사이다1.25 3,000원, 콜라1.25 3,000원"
10256991,참숯나라닭굽는마을,35.18786030102701,126.90127258153004,062-573-8992,전남광주통합특별시 북구 설죽로320번길 22,음식점 > 치킨,False,"숯불양념구이 23,000원, 숯불소금구이 23,000원, 숯불반반구이（양념구이 반＋소금구이 반） 24,000원, 숯불순살양념구이 25,000원, 햇반 2,000원, 콜라 1.25L 2,000원, 콜라 500mL 1,000원, 무 500원, 소스 500원, 생맥주 1000cc19세 이상 6,000원, 생맥주 1500cc19세 이상 8,000원, 잎새주19세 이상 4,000원, 참이슬 후레쉬19세 이상 4,000원, 진로이즈백19세 이상 4,000원, 카스19세 이상 4,000원, 테라19세 이상 4,000원"
784029318,칠분통닭 오치점,35.18867507394611,126.90232014577639,062-411-9992,전남광주통합특별시 북구 안산로 18,음식점 > 치킨,False,"옛날통닭한마리(포장가) 9,000원, 두마리통닭(포장가) 17,000원, 칠분왕통닭(포장가) 21,000원, 마늘통닭한마리(포장가) 11,000원, 두마리마늘통닭(포장가) 21,000원, 후라이드(포장가) 12,000원, 양념or간장(포장가) 13,000원, 땡초매운치킨(포장가) 14,000원, 마늘치킨(포장가) 14,000원, 순살후라이드(포장가) 13,000원, 순살양념or간장(포장가) 13,000원, 땡초매운순살(포장가) 15,000원, 마늘순살(포장가) 15,000원, 옛날통닭한마리+똥집+무(포장가) 18,000원, 옛날통닭한마리+닭발튀김+무(포장가) 19,000원, 똥집튀김(포장가) 9,000원, 닭발튀김(포장가) 10,000원, 땡초불똥집(포장가) 11,000원, 닭껍질튀김(포장가) 8,000원, 감자튀김(포장가) 8,000원, 치즈볼 5,000원"
1886134319,오빠통닭 오치점,35.188858496228946,126.90630881626205,062-268-5882,전남광주통합특별시 북구 서하로233번길 38,음식점 > 치킨,False,
21243217,원조양동통닭,35.1890741192593,126.902004552769,,전남광주통합특별시 북구 안산로 21,음식점 > 치킨,False,"양념치킨 대 23,000원, 간장치킨 대 23,000원, 뼈 SET 4 24,000원, 순살 SET 3 24,000원, 후라이드반＋양념반 22,000원, 후라이드 대 21,000원, 순살치킨 대 21,000원, 후라이드 특대 24,000원, 순살치킨 특대 24,000원, 양념치킨 특대 26,000원, 간장치킨 특대 26,000원, 뼈 SET 1 27,000원, 뼈 SET 2 27,000원, 뼈 SET 3 24,000원, 순살 SET 1 27,000원, 순살 SET 2 27,000원, 순살 SET 4 24,000원, 후라이드반＋간장반 22,000원, 후라이드반＋매운양념반 22,000원, 후라이드반+양념반 특대 25,000원, 후라이드반+간장반 특대 25,000원, 후라이드반+매운양념반 특대 25,000원, 순살치킨반＋순살양념반 22,000원, 순살치킨반＋순살간장반 22,000원, 순살치킨반＋순살매운양념반 22,000원, 순살치킨반+순살양념반 특대 25,000원, 순살치킨반+순살간장반 특대 25,000원, 순살치킨반+순살매운양념반 특대 25,000원, 카스19세 이상 3,000원, 참이슬19세 이상 3,000원"
706040814,오치통닭&J푸드,35.1891482910038,126.902327265202,,전남광주통합특별시 북구 안산로 20-1,음식점 > 치킨,False,"오리지날 산닭 24,000원, 산닭 닭볶음탕 30,000원, 순살후라이드 20,000원, 무뼈닭발튀김 7,000원, 닭똥집 8,000원, 고구마 추가 2,000원, 떡 추가 2,000원, 공기밥 1,000원, 코카콜라(뚱캔) 355mL 2,000원, 펩시(뚱캔) 355mL 2,000원, 칠성사이다(뚱캔) 355mL 2,000원, 칠성사이다 500mL 2,500원, 코카콜라 500mL 2,500원"
1913208159,원더풀명품찹쌀꽈배기&통닭,35.186792686959,126.901877735714,,전남광주통합특별시 북구 서하로194번길 3,"음식점 > 간식 > 제과,베이커리",False,
1931004859,맘스터치 광주오치매곡점,35.1873751681594,126.901022837903,062-251-5045,전남광주통합특별시 북구 서하로 187,음식점 > 패스트푸드 > 맘스터치,False,"모코코 썸머 바캉스세트 24,500원, 내슈빌핫치킨버거 세트 9,900원, (행사)갓빠삭치킨(순살) 14,600원, (행사)스트레스 빠삭세트(순살) 20,300원, 싸이플렉스버거 세트 12,700원, 싸이버거 세트 9,000원, 바삭크림치즈볼 2,900원, 내슈빌핫치킨버거 6,900원, (행사)핫치즈밤치킨(순살) 17,200원, 당근빵(2조각) 3,400원, 매직풍싸이버거 세트 10,700원, 매직풍싸이버거 단품 7,700원, 후덕죽 싱글세트 24,100원, 후덕죽싸이버거 세트 10,200원, 후덕죽싸이버거 단품 7,200원, 후덕죽치킨(순살) 16,200원, 치킨&버거세트 19,500원, 떡강정세트 11,100원, 언빌리버블버거 세트 10,300원, 화이트갈릭버거 세트 9,300원, 딥치즈버거 세트 9,200원, 휠렛버거 세트 8,800원, 불고기버거 세트 8,000원, 통새우버거 세트 7,900원, 디럭스불고기버거 세트 9,600원, 새우불고기버거 세트 10,400원, 아라비아따치즈버거 세트 11,500원, 쉬림프싸이플렉스버거 세트 12,000원, 딥치즈싸이버거 세트 9,500원, 화이트갈릭싸이버거 세트 9,600원"
949177866,또망샌드위치,35.1894597647779,126.906392669641,070-4070-6960,전남광주통합특별시 북구 서하로233번길 50,음식점 > 패스트푸드 > 샌드위치,False,"샌드위치 & 샐러드 9,999원"
10366663,득량만횟집,35.1736490132944,126.920149211051,062-265-2452,전남광주통합특별시 북구 동문대로97번길 81,"음식점 > 한식 > 해물,생선 > 회",False,"모둠회 30,000원, 광어 20,000원, 우럭 20,000원, 광어&우럭 30,000원, 광어+숭어 30,000원, 우럭+숭어 30,000원, 전어 15,000원, 전어구이 15,000원, 방어회 30,000원, 낙지 40,000원, 전복 20,000원, 초밥 10,000원, 하모샤브 40,000원, 하모회 30,000원, 장어탕 20,000원"
1083507664,참돈 전남대점,35.176817498206,126.913884269793,062-266-5592,전남광주통합특별시 북구 호동로63번길 73,"음식점 > 한식 > 육류,고기",False,
16490137,매코미통닭발,35.17448518794694,126.9144509816233,062-515-9292,전남광주통합특별시 북구 중문로9번길 72,"음식점 > 한식 > 육류,고기 > 닭요리",False,"통닭발＋계란찜 24,000원, 통닭발 大＋계란찜 36,000원, 무뼈닭발＋계란찜 26,000원, 무뼈닭발 大＋계란찜 39,000원, 주먹밥 4,000원, 오뎅탕 3,000원, 계란찜 3,000원, 사이다 1.25L 2,500원, 콜라 1.25L 2,500원, 쿨피스930ml 2,000원, 샐러드 1,000원, 머스타드소스 500원, 치킨무 500원, 참이슬 후레쉬19세 이상 4,000원, 카스19세 이상 4,000원, 잎새주19세 이상 4,000원"
27495180,전대주먹구이,35.1749288148171,126.91467665816,062-252-4273,전남광주통합특별시 북구 호동로 20,"음식점 > 한식 > 육류,고기",False,"전대주먹구이 (180g) 9,900원, 삼겹살 (180g) 9,900원, 막창 (200g) 11,000원, 국내산낙엽살 (180g) 11,500원, 국내산꼬들살 (180g) 12,500원, 국내산오돌뼈 (200g) 12,500원, 국내산생삼겹살 (180g) 12,900원, 국내산오겹살 (180g) 12,900원"
1493822468,부대통령뚝배기 전남대점,35.1756384961926,126.913845992948,062-251-3029,전남광주통합특별시 북구 우치로90번길 21,"음식점 > 한식 > 찌개,전골",False,"부대찌개 6,000원, 제육볶음 6,000원, 안동찜닭 6,000원, 닭갈비 6,000원, 순두부찌개 5,000원, 고기손만두(7p) 2,500원"
1507567950,광양재첩,35.1728450050992,126.91485886545044,062-512-7764,전남광주통합특별시 북구 서방로 16-9,"음식점 > 한식 > 해물,생선",False,"재첩비빔밥 10,000원, 낙지전골 (중) 50,000원, 낙지회무침 (중) 50,000원, 낙지생비빔밥 18,000원, 낙지비빔밥 12,000원, 연포탕 18,000원, 마른연포 (중) 40,000원, 산낙지 (중) 40,000원, 재첩회 (중) 35,000원, 재첩국 8,000원"
667677325,송고집 전대후문점,35.1772856915473,126.913166909483,062-251-5595,전남광주통합특별시 북구 우치로110번길 16,"음식점 > 한식 > 육류,고기 > 족발,보쌈",False,"[갓성비]메인메뉴+야채,소스팩(사이드없이,실속파) 27,000원, [과일넣어 만든 상큼한]막국수~ 4,000원, 보쌈김치(과일넣은 얼큰한 다대기로 당일 버무린 그맛) 5,000원, 수제 마늘소스[알싸,달콤] 3,000원, 야채소스팩 추가 2,000원, 주먹밥 3,000원, 공기밥 1,000원, 콜라(펩시)500mL 2,000원, 제로콜라(펩시)500mL 2,000원, 사이다(칠성)500mL 2,000원, 제로사이다(칠성)500mL 2,000원"
705480166,쭈군,35.1759885836441,126.914354996947,,전남광주통합특별시 북구 호동로43번길 43,"음식점 > 한식 > 해물,생선",False,"（비조리）쭈꾸미 28,900원, （비조리）쭈꾸미삼겹 28,900원, （조리）쭈꾸미삼겹 29,900원, 누드새우 6,000원, 삶은계란 1,000원, 날치알주먹밥 3,000원, 계란찜 2,000원, 당면사리 2,000원, 공기밥 1,000원, 콜라 355mL 2,000원, 스프라이트 355mL 2,000원, 쿨피스 180mL 500원"
27275079,돼지고기듬뿍넣은김치찌개 전대점,35.1741202392488,126.913325059833,062-265-3231,전남광주통합특별시 북구 호동로 4-7,"음식점 > 한식 > 찌개,전골",False,"김치찌개 2인 +들기름후라이(2알) 22,000원, 제육볶음 2인 + 들기름후라이 2알 23,000원, 김치찌개 + 볶음밥 +들기름후라이+음료 22,000원, 김치찌개 + 들기름후라이 12,000원, 제육볶음 + 들기름후라이 12,500원, 제육두부김치(두부 7개) + 들기름후라이 15,000원, 김치찌개 10,000원, 제육볶음 10,500원, 제육두부김치（두부7개） 13,000원, 얼큰이 두부 김치찌개(고기없음) 8,000원, 김치볶음밥 8,000원, 스팸김치볶음밥 8,500원, 간장스팸볶음밥 8,000원, 날치알김치볶음밥 8,500원, 체다치즈김치볶음밥 8,500원, 체다치즈날치알볶음밥 9,000원, 고기 사리 4,000원, 만두 사리 1,500원, 두부 사리 1,500원, 들기름후라이 2,000원, 공기밥 2,000원, 두부김치 （두부7개） 9,000원, 무생채(100g) 1,000원, 오뎅볶음 1,000원, 코카콜라 355mL 2,000원, 스프라이트 355mL 2,000원, 환타（파인） 355mL 2,000원, 생수（500mL） 1,000원"
1622733233,석구고기,35.17754952719227,126.91406353835947,062-452-1974,전남광주통합특별시 북구 우치로110번길 31,"음식점 > 한식 > 육류,고기",False,"삼겹 1人 세트 21,000원, 국내산 돼지 냉면세트 23,000원, 국내산 생삼겹살 17,000원, 국내산 생갈매기살 19,000원, 국내산 생가브리살 19,000원, 국내산 생항정살 20,000원, 국내산 통껍데기(200g) 7,500원, 간장계란밥 3,000원, 된장찌개 3,000원, 계란전 2,000원, 공기밥 1,000원, 계란후라이밥 1,500원, 누룽지 2,000원, 물냉면 7,000원, 비빔냉면 7,000원, 삼겹김치볶음밥 8,000원, 콜라캔(355ml) 2,000원, 사이다캔(355ml) 2,000원, 환타캔(355ml) 2,000원, 제로콜라캔(355ml) 2,000원, 참이슬 후레쉬19세 이상 4,000원, 잎새주19세 이상 4,000원, 카스19세 이상 4,000원, 테라19세 이상 4,000원, 진로이즈백19세 이상 4,000원"
15223795,신쭈꾸미&돈 전대점,35.1774662556461,126.913576199575,062-263-3407,전남광주통합특별시 북구 용봉동 150-18,"음식점 > 한식 > 해물,생선",False,"삼겹쭈꾸미(1인) 14,000원, 신쭈꾸미(1인) 14,000원, 대하쭈꾸미(1인) 14,000원, 콩불(점심메뉴) 7,000원"
86156811,정통집 전남대점,35.1765557997908,126.913456405721,062-251-6467,전남광주통합특별시 북구 우치로100번길 17,"음식점 > 한식 > 육류,고기",False,"1人 돼지김치구이 19,000원, 돼지김치구이 28,000원, 꽃껍데기 9,000원, 특미볶음밥 9,000원, 비빔국수 6,500원, 김치 150g추가 1,500원, 공기밥 1,000원, 코카콜라 355mL 뚱캔 2,000원, 칠성사이다 355mL 뚱캔 2,000원, 판타파인애플 355mL 뚱캔 2,000원"
1094856072,트라이브레코드바,35.1753571413116,126.914935286456,010-9919-5709,전남광주통합특별시 북구 호동로43번길 37-16,음식점 > 한식,False,
26330176,풍남옥 전대후문점,35.173829879792656,126.91315411769423,062-263-2001,전남광주통합특별시 북구 우치로 72,음식점 > 한식 > 국밥,False,"전주콩나물국밥(구수한맛) 9,000원, 전주콩나물국밥(개운한맛) 9,000원, 돼지콩나물국밥 10,000원, 황태해장국 10,000원, 함흥비빔냉면 9,500원, 돼지애호박찌개 10,000원, 돈까스 9,000원, 고구마 돈가스 10,000원, 치즈 돈가스 10,000원, 함흥물냉면 9,500원, 함흥코다리냉면 12,000원, 왕만두 7,000원, 냉면사리 추가 4,000원, 데친 오징어 14,000원, 족발편육 15,000원, 미니족발 1~2인분 13,000원, 매운 미니 족발 1~2인분 14,000원, 콩나물,육수 추가 4,000원, 공기밥 1,500원, 코카콜라 355mL 캔 2,000원, 스프라이트 355mL 캔 2,000원, 환타 355mL 캔 2,000원"
1260893528,서울깍두기 전남대점,35.17450207255134,126.91284822352407,062-262-2123,전남광주통합특별시 북구 우치로 80,음식점 > 한식 > 설렁탕,False,"설렁탕 12,000원, 특설렁탕 15,000원, 갈비탕 22,000원, 도가니탕 23,000원, 꼬리곰탕 25,000원, 한우소불고기 24,000원, 수육 62,000원, 소갈비찜 62,000원, 교자만두 7,000원"
667773391,더진국 전남대점,35.1767308367597,126.913699931227,062-269-1525,전남광주통합특별시 북구 면앙로6번길 79,음식점 > 한식 > 국밥 > 더진국,False,
24136764,전주현대옥 전남대점,35.1727170682607,126.912408835531,062-525-8778,전남광주통합특별시 북구 우치로 60,음식점 > 한식 > 국밥 > 전주현대옥,False,"전주남부시장식콩나물국밥 9,500원, [매운탕식]전주끓이는식콩나물국밥 9,500원, 현대옥 순한두부찌개 10,500원, 얼큰돼지국밥 11,500원, 현대옥순대국밥 10,500원, 현대옥스테이크 10,000원, 황태콩나물국밥 10,500원, 공기밥 1,500원, [전통직화식]전주끓이는식콩나물국밥 9,500원, [맑은탕식]전주끓이는식콩나물국밥 9,500원, 곤드레밥 10,000원, 별미콩나물밥 10,000원, 현대옥 햄볶음밥 9,500원, 현대옥 새우볶음밥 9,500원, 시래기국밥 9,500원, 편육 맛보기 （100g） 7,000원, 현대옥 편육 한접시 12,000원, 바짝 불고기 한접시 18,000원, 불쭈꾸미볶음 18,000원, 고추군만두 8개 8,500원, 메밀전병 5,000원, 김치전（6조각） 8,000원, 녹두전（5조각） 7,500원, 큰오징어 데침한접시 15,000원, 고추군만두맛보기4개 4,500원, 전통떡갈비맛보기(5p) 5,000원, 수정과 3,500원, 오징어사리 3,500원, 오징어젓갈(130g) 2,000원, 사이다 2,000원"
1887545470,최정담,35.1749519061938,126.912926783149,062-262-7996,전남광주통합특별시 북구 우치로 86-4,음식점 > 한식,False,"매운 갈비 김치찜 정식 12,000원, 해물볶음 정식 12,000원, 육회비빔밥 정식 12,000원, 제육볶음 정식 12,000원, 뚝불 정식 12,000원, 돔베고기 정식 12,000원, 삼치구이 정식 12,000원, 순살 게장 비빕밥 정식 12,000원, 닭강정 4,000원, 계란말이 4,000원, 스팸구이 4,000원, 명란젓 3,000원, 계란후라이 3개 2,000원"
1582228488,내가찜한닭 전남대점,35.1756203784279,126.9137186693,062-710-0444,전남광주통합특별시 북구 우치로90번길 19,"음식점 > 한식 > 육류,고기 > 닭요리",False,"안동찜닭 24,000원, 로제파스타찜닭 26,000원, 마라로제찜닭 26,000원, 매콤고추장찜닭 24,000원, 섞어찜닭 24,000원, 치즈토핑 3,000원"
827384497,김삼철,35.1770721579617,126.914558051633,062-269-9981,전남광주통합특별시 북구 호동로63번길 62,"음식점 > 한식 > 육류,고기",False,"김치 삼겹살 철판구이（1인분 180g） 13,900원, 김치삼겹살 철판구이 정식세트 30,900원, 삼겹살추가（300g） 12,000원, 삼겹살추가（600g） 20,000원, 물냉면 5,900원, 비빔냉면 5,900원, 공기밥 1,000원, 콜라 500mL 2,500원, 스프라이트 500mL 2,500원, 환타 500mL 2,500원"
809958342,금돼지 용봉점,35.1751392664688,126.914017772689,062-262-7169,전남광주통합특별시 북구 호동로 13-2,"음식점 > 한식 > 육류,고기",False,
24168643,중앙닭갈비 전대점,35.1763989653887,126.913458767523,062-269-7892,전남광주통합특별시 북구 우치로100번길 18,"음식점 > 한식 > 육류,고기 > 닭요리",False,"뼈없는 닭갈비 23,000원, 뼈없는 치즈닭갈비 28,000원, 닭갈비 볶음밥 23,000원, 철판닭볶음 1마리 31,000원, 치즈철판닭볶음 1마리 35,000원, 주먹밥 1개 5,000원, 공기밥 1개 1,500원, 치즈사리 1개 5,000원, 중국당면사리 4,000원, 우동사리 2,500원, 비엔나소세지 사리 3,500원, 만두사리 3,500원, 떡사리 2,500원, 수제비사리 2,500원, 날치알볶음밥（2인） 6,500원, 분모자 당면 4,000원, 고구마사리 3,500원, 코카콜라 캔 355mL 2,500원, 스프라이트 캔 355mL 2,500원, 환타파인맛 캔 355mL 2,500원"
1586471232,월계수식당 전대점,35.1755223608323,126.914042618294,062-265-0203,전남광주통합특별시 북구 우치로90번길 26,음식점 > 한식,False,"비빔볶음밥 8,500원, 회오리오므라이스 11,000원, 수제옛날돈까스 12,000원, 돈까스제육덮밥 13,000원, 눈꽃치즈제육덮밥 11,000원, 우삼겹짬뽕밥 12,000원, 비빔볶음밥(고기토핑) 10,500원, 비빔볶음밥(새우토핑) 10,500원, 베이컨김치볶음밥 10,500원, 매콤돈까스 13,000원, 눈꽃치즈돈까스 14,000원, 매콤눈꽃돈까스 15,000원, 치킨마요덮밥 10,500원, 고기마요알밥 10,500원, 순두부짬뽕국밥 10,500원, 물만두 8,000원, 치킨가라아게5개 5,000원, 새우튀김4마리 4,500원, 새우튀김2마리 2,500원, 공기밥 1,500원, 펩시콜라 2,000원, 제로콜라 2,000원, 사이다 2,000원, 단무지추가 500원"
1853880181,효자동솥뚜껑 전남대후문점,35.1764719328907,126.914669556854,062-269-0901,전남광주통합특별시 북구 우치로100번길 38,"음식점 > 한식 > 육류,고기 > 삼겹살 > 효자동솥뚜껑",False,"두부추가 2,000원, 우삼겹찌개(찌개용) 2,000원, 셀프계란찜추가 2,000원, 배추개찌개운 2,000원"
11232520,코끼리손짜장,35.1777035158147,126.917752019461,062-262-2043,전남광주통합특별시 북구 호동로 67,음식점 > 중식 > 중국요리,False,"짜장 4,000원, 짬뽕 5,000원, 우동 5,000원, 볶음밥 6,500원, 미니탕수육 7,000원"
1525701535,원보,35.1714467328007,126.921121754368,062-252-3380,전남광주통합특별시 북구 서방로 78-1,음식점 > 중식 > 중국요리,False,"짜장면 3,000원, 짬뽕 7,000원, 미니탕수육 8,000원, 크림새우 8,000원, 우동 7,000원, 간짜장 7,000원, 울면 9,000원, 굴짬뽕 11,000원, 쟁반짜장(2인) 16,000원, 삼선짜장 9,000원, 삼선짬뽕 9,000원, 볶음밥 7,000원, 잡채밥 9,000원, 새우볶음밥 8,000원, 해물덮밥 10,000원, 양송이덮밥 9,000원, 유산슬밥 12,000원, 해물잡탕밥 15,000원, 짬뽕밥 8,000원, 삼선짬뽕밥 10,000원, 탕수육(소) 19,000원, 사천탕수육 35,000원, 고추잡채 35,000원, 유린기 35,000원, 유산슬 35,000원, 양장피 35,000원, 팔보채 35,000원, 칠리새우 35,000원, 깐풍기(소) 20,000원, 누룽지탕 50,000원, 해파리냉채 25,000원, 전가복 70,000원, 동파육 40,000원, 칠리닭 8,000원, 멘보샤 6,000원, 잡채 20,000원, 계란탕 25,000원, 삼선술국 18,000원"
1270232816,교동짬뽕,35.17515372555244,126.91797084951753,062-525-0546,전남광주통합특별시 북구 호동로46번길 16,음식점 > 중식,False,"원조교동짬뽕 10,000원, 탕수육(중) 18,000원, 해물교동짬뽕 13,000원, 교동짜장 7,000원, 간짜장 9,000원, 탕수육(소) 12,000원, 군만두(8ea) 7,000원, 순두부짬뽕밥 11,000원, 교동짬뽕밥 10,000원, 옛날볶음밥 9,500원, 교동짜장밥 7,000원"
1884395590,깐튀남 전대점,35.1784930738552,126.91770731131,062-261-0801,전남광주통합특별시 북구 호동로75번길 8-2,음식점 > 중식 > 중국요리,False,"깐튀남 특제 순살후라이드 17,000원, 깐풍기 17,000원, 순살 양념치킨 17,000원, 깐풍기에빠졌새우 23,000원, 깐풍떡볶이 7,000원, 깐풍기에빠졌새우세트 30,000원, 깐풍기（소）세트 24,000원, 깐풍기（중）세트 28,000원, 깐풍기（대）셋트 34,000원, 김말이튀김（깐풍기에볶아서） 2,000원, 김말이튀김（안볶고따로） 2,000원, 공기밥 1,500원, 케이준감자 4,000원, 양념감자 4,000원, 떡꼬치 2개 1,500원, 치즈토핑 3,000원, 참이슬19세 이상 3,000원, 잎세주19세 이상 3,000원, 카스 500mL19세 이상 3,000원"
1916445200,다연,35.1731654278569,126.920824799818,062-263-2620,전남광주통합특별시 북구 중문로10번길 45-1,음식점 > 중식 > 중국요리,False,"[눈꽃]서리태 콩물국수 9,500원, 세트2（탕수육＋짜장＋짬뽕） 26,000원, 나홀로1（탕수육＋짜장1＋코카콜라캔） 19,000원, 간짜장 9,000원, 잡채밥 9,500원, 해물덮밥 12,000원, 물냉면 9,500원, 우동 9,000원, 탕수만두 8,000원, 비빔냉면 9,500원, 세트1（탕수육＋짜장2） 25,000원, 세트 3（탕수육＋짬뽕2） 28,000원, 세트4（탕수육＋우동2） 28,000원, 세트 5（탕수육＋간짜장2） 28,000원, 세트 6（탕수육＋쟁반짜장2인） 29,000원, 세트 7（탕수육＋쟁반짬뽕2인） 30,000원, 세트 8（탕수육＋볶음밥2） 29,000원, 세트 9（탕수육＋국밥2） 29,000원, 세트 10（탕수육＋잡채밥2） 30,000원, 세트 11（탕수육＋해물덮밥2） 34,000원, 세트 12（탕수육＋콩물국수2） 30,000원, 세트 13（탕수육＋물냉면2） 30,000원, 세트 14（탕수육＋비빔냉면2） 30,000원, 나홀로 2（탕수육＋짬뽕1＋코카콜라캔） 20,000원, 나홀로（탕수육＋간짜장1＋코카콜라캔） 21,000원, 이과두주19세 이상 4,000원, 고량주19세 이상 6,000원, 잎새주19세 이상 4,000원, 참이슬19세 이상 4,000원, 카스19세 이상 4,000원"
666864681,다복향마라탕 동강대점,35.17003488548504,126.9206302472033,062-527-8889,전남광주통합특별시 북구 서양로 157,음식점 > 중식 > 중국요리,False,"（맛집）마라탕／麻辣湯 （대표메뉴） 12,000원, 마라샹궈／麻辣香鍋 （인기메뉴） 15,000원, 꿔바로우/鍋包肉 7,000원, 계란볶음밥／蛋炒飯 7,000원, 꽃빵튀김（4개）/炸花卷 3,000원, 크림새우 /乃油蝦 9,900원, 공기밥／米飯 1,000원, 햇반／速食飯 2,000원, 코카콜라 캔 355mL 2,000원, 코카콜라（제로）355ml 2,000원, 스프라이트 사이다 캔 355mL 2,000원, 암바사 캔 345mL 2,000원, 환타 파인맛 캔 355mL 2,000원, 차파이 복숭아우롱차 3,000원, 빙홍차 3,000원, 참이슬 후레쉬19세 이상 5,000원, 잎새주19세 이상 5,000원, 진로이즈백19세 이상 5,000원, 카스19세 이상 5,000원, 칭따오19세 이상 7,000원, 연태고량주125ml19세 이상 10,000원, 연태고량주250ml19세 이상 20,000원"
1628305601,호주에서온스시 전대점,35.1728750861032,126.916638279637,,전남광주통합특별시 북구 서방로 34,"음식점 > 일식 > 초밥,롤 > 호주에서온스시",False,"초밥세트(26p) 22,900원, 스시앤롤세트(22p) 25,900원, 연어세트(12p) 17,900원, 초밥세트(12p) 13,900원, 특선세트(10p) 11,900원, 호온세트(9p) 11,900원, 캘리포니아롤(9p) 8,900원, 치킨카츠아보카도롤(9p) 8,900원, 연어아보카도롤(9p) 8,900원, 연어크림치즈아보카도롤(9p) 11,900원, 콤비네이션롤(9p) 10,900원, 연어스테이크롤(8p) 14,900원, 구운장어롤(8p) 14,900원, 연어후토마끼롤(10p) 14,900원, 구운연어4p 6,900원, 연어양파 4p 6,700원, 돈까스+구운유부초밥3p 9,000원, 치즈돈까스+구운유부초밥3p 10,000원, 한개우동 6,000원, 모듬고로케3p 3,000원"
1535648104,대박돈까스,35.1717968694062,126.921753709337,,전남광주통합특별시 북구 서방로81번길 7,"음식점 > 일식 > 돈까스,우동",False,"왕통새우까스2p 3,800원, 생등심 수제돈까스 7,900원, 자갸~ 난 카레돈까스가 마싯떠라^^ 7,900원, '강추'（랭킹맛집）생등심 수제 파슬리돈까스 7,900원, 생등심 수제 치즈폭탄돈까스 8,900원, 압도적인 새우포함 푸짐한 나홀로 수제돈까스 21,500원, 새우없이 푸짐한 나홀로 수제돈까스 17,800원, 치카추 새우포함(치즈,카레돈까스추천) 21,500원, 치파추 새우포함(치즈,파슬리돈까스추천) 21,500원, 과일돈까스소스 1,000원, 칠리소스 1,000원, 타르타르 1,000원, 매운돈까스소스 1,000원"
850248884,페퍼콘,35.1757666341804,126.916629839049,0502-5554-4383,전남광주통합특별시 북구 호동로 43,음식점 > 양식 > 이탈리안,False,"앤초비 파스타 16,000원, 라자냐 16,000원, 바질 크림 파스타 16,000원, 클래식 까르보나라 14,000원, 미트로프 19,000원, 머쉬룸 수프 7,000원, 브레드 샐러드 12,000원, 잠봉 샐러드 10,000원, 부라타 샐러드 12,000원, 쉬림프 로제 리조또 16,000원, 머쉬룸 크림 파스타 16,000원, 프리타타 14,000원, 잠봉뵈르 10,000원"
2035221748,라티,35.1753195810202,126.916658837694,070-4647-2544,전남광주통합특별시 북구 호동로 38-1,음식점 > 양식,False,
134897315,베르데,35.176688165118065,126.91582421314041,0502-1910-1122,전남광주통합특별시 북구 우치로100번길 61,"음식점 > 양식 > 멕시칸,브라질",False,"엔칠라다 24,000원, 쉬림프타코 1p 5,500원, 파히타세트 40,000원, 파히타 24,000원"
12526389,피자마루 우산주공점,35.179452648250916,126.9158564939165,062-269-6001,전남광주통합특별시 북구 면앙로32번길 1,음식점 > 양식 > 피자 > 피자마루,False,"투탑박스1 15,900원, 투탑박스2 16,900원, 투탑박스3 18,900원, BBQ치폴레 피자 14,900원, [한정판매] 불닭 치즈폭탄피자 세트 13,900원, 레드콘 피자 14,900원, 아메리칸체다 피자 13,900원, 흑마늘 불고기 피자 13,900원, 명란크림 새우 피자 13,900원, 고추마요 치킨 피자 11,900원, 돼지불백 피자 11,900원, 투움바 피자 12,900원, 바베큐 치킨 피자 10,900원, 이탈리안 치즈 피자 9,900원, 페퍼로니 피자 10,900원, 콤비네이션 피자 12,900원, 포테이토 피자 12,900원, 꿀고구마 피자 12,900원, 불고기 피자 13,900원, [1인피자] 바베큐치킨 피자 7,900원, [1인피자] 콤비네이션 피자 8,900원, [1인피자] 꿀고구마 피자 8,900원, [1인피자] 치즈 폭탄 피자 12,900원, [1인피자] 페퍼로니 치즈 폭탄 피자 15,900원, 몬스터 BBQ치폴레 피자 18,900원, 몬스터 레드콘 피자 18,900원, 몬스터 아메리칸체다 피자 17,900원, 몬스터 흑마늘 불고기 피자 17,900원, 몬스터 명란크림 새우 피자 17,900원, 몬스터 바베큐치킨 피자 14,900원, 몬스터 고추마요 치킨피자 15,900원, 몬스터 돼지불백 피자 15,900원, 몬스터 투움바 피자 16,900원, 몬스터 이탈리안 피자 13,900원, 몬스터 페퍼로니 피자 14,900원, 몬스터 콤비네이션 피자 16,900원, 몬스터 포테이토 피자 16,900원, 몬스터 꿀고구마 피자 16,900원, 몬스터 불고기 피자 17,900원, 몬스터 스테이크 불갈비 피자 20,900원, 몬스터 하와이안 쉬림프 피자 20,900원, [골드, 바이트 중 택1] BBQ치폴레 피자 19,900원, [골드, 바이트 중 택1] 레드콘 피자 19,900원, [골드, 바이트 중 택1] 아메리칸체다 피자 18,900원, [골드, 바이트 중 택1] 흑마늘 불고기 피자 18,900원, [골드, 바이트 중 택1] 명란크림 새우 피자 18,900원, [골드, 바이트 중 택1] 돼지불백 피자 16,900원, [골드, 바이트 중 택1] 바베큐 치킨 피자 15,900원, [골드, 바이트 중 택1] 투움바 피자 17,900원, [골드, 바이트 중 택1] 고추마요 치킨 피자 16,900원, [골드, 바이트 중 택1] 이탈리안 치즈피자 14,900원, [골드, 바이트 중 택1] 페퍼로니 피자 15,900원, [골드, 바이트 중 택1] 콤비네이션 피자 17,900원, [골드, 바이트 중 택1] 포테이토 피자 17,900원, [골드, 바이트 중 택1] 꿀고구마 피자 17,900원, [골드, 바이트 중 택1] 불고기 피자 18,900원, [골드, 바이트 중 택1] 스테이크 불갈비 피자 21,900원, [골드, 바이트 중 택1] 하와이안 쉬림프 피자 21,900원, 스테이크 불갈비 피자 16,900원, 크레이지 불새 피자 17,900원, 하와이안 쉬림프 피자 16,900원, 리얼 시카고 오리지널 피자 18,900원, 페퍼로니 치즈 폭탄 피자 23,500원, 치즈 폭탄 피자 17,500원, [일부매장 한정판매] 불닭치킨피자 6,500원, [일부매장 한정판매] 옥수수 콘 피자 4,900원, [일부매장 한정판매] 명란 쉬림프 피자 6,500원, [일부매장 한정판매] 치즈 포테이토 피자 5,900원, [일부매장 한정판매] 숯불포크 피자 6,500원, [일부매장 한정판매] 콤비네이션 피자 5,900원, [일부매장 한정판매] 고구마 피자 5,900원, [일부매장 한정판매] 페퍼로니 피자 4,900원, [일부매장 한정판매] 트리플 치즈피자 4,900원, [일부매장 한정판매] 연유피자 3,900원, 명란크림스파게티 6,900원, 로제떡볶이 6,900원, 투움바 스파게티 6,900원, 불닭발 9,900원, 마떡 6,500원, 치즈 오븐 스파게티 6,500원, 로스트 치킨 윙&봉 6,900원, 텐더 치킨 6,500원, 통새우링 3,900원"
1572391483,반올림피자 광주전남대점,35.17282120081688,126.91692374829705,062-523-7767,전남광주통합특별시 북구 서방로 36-1,음식점 > 양식 > 피자 > 반올림피자,False,"불벅 치즈링 피자 28,900원, 베이컨쉬림프 치즈링 피자 28,900원, 치즈후라이 크림치즈 피자 26,900원, 반올림고구마 골드 피자 27,900원, 내맘대로pick 피자 30,900원, 포텐피자 L 32,900원, MZ's Pick 피자 34,900원, 핫치킨 쉬림프 골드 28,900원, 통마늘불고기 소보로 피자 29,900원, 반올림고구마 피자 23,900원, 치즈후라이 피자 22,900원, 와일드 더블쉬림프 23,900원, 스모크 수비드 스테이크 25,900원, 콤비네이션 피자 19,900원, 불고기 피자 23,900원, 치즈 피자 19,900원, 페퍼로니 피자 19,900원, 포테이토 피자 21,900원, 콘마요 피자 21,900원, 슈퍼하와이언 피자 21,900원, 핫치킨 피자 22,900원, 더블토핑 콤비네이션 22,900원, 더블토핑 페퍼로니 22,900원, 베이컨체다 피자 20,900원, 크림치킨 피자 22,900원, 치킨바베큐 피자 21,900원, 핫치킨&쉬림프 피자 26,900원, 바질 더블쉬림프 26,900원, 고스트 더블쉬림프 26,900원, 미트볼미트 23,900원"
355489652,피자탑 전남대점,35.17483500398729,126.91586564313882,062-515-9909,전남광주통합특별시 북구 호동로 32,음식점 > 양식 > 피자 > 피자탑,False,"올스타피자 22,900원"
25148431,피자스쿨 광주우산점,35.17910470081244,126.91712923665776,062-251-9979,전남광주통합특별시 북구 면앙로 46,음식점 > 양식 > 피자 > 피자스쿨,False,"오지치즈포테이토피자 14,900원, 트러플포테이토피자 13,900원, 미트러버피자 15,900원, 더블갈릭바베큐피자 13,900원, 고르곤졸라피자 12,900원, 직화파인애플피자 13,900원, 고구마피자 10,900원, 핫치킨피자 10,900원, 나폴리피자 12,900원, 까르보네피자 12,900원, 아이리쉬포테이토피자 12,900원, 깐쇼새우피자 14,900원, 도이치바이트피자 14,900원, 멕시칸바이트피자 14,900원, 직화홀릭바이트피자 14,900원, 야채퀘사디아피자 13,900원, 치킨퀘사디아피자 13,900원, 비프퀘사디아피자 13,900원, 닭안심살피자 14,900원, 치즈피자 8,900원, 페퍼로니피자 9,900원, 콤비네이션피자 10,900원, 포테이토피자 11,900원, 불고기피자 11,900원, 콘치즈피자 10,900원, 치즈오븐크림스파게티 6,900원, 프리미엄스테이크피자 15,900원, 지구식단직화피자 12,900원, 불닭고구마피자 13,900원, 트러플머쉬룸피자 13,900원, 크림치즈꽈배기 5,900원, 크림치즈볼 4,900원, 오지치즈그라탕 6,900원, 트러플포테이토스틱 4,900원, 새우링 5,900원, 치킨텐더 5,900원, 치킨스틱&윙 6,900원, 치즈오븐스파게티 6,900원, 갈릭포테이토 4,900원"
741411525,프레드피자 광주북구점,35.1758800852342,126.919111817301,062-714-2464,전남광주통합특별시 북구 중문로 33-1,음식점 > 양식 > 피자 > 프레드피자,False,"반반 피자 20,900원, 1 + 1 피자 32,900원, 쉬림플렉스피자 26,900원, 페퍼로니피자 17,900원, 베이컨포테마요피자 20,900원, 메가콤비네이션피자 21,900원, 2인 갓성비 세트 23,900원, 4인 갓성비 세트 45,900원, [NEW] 레드핫포테마요피자 20,900원, [NEW] 크림불고기피자 21,900원, [NEW] 바베큐핫치킨피자 21,900원, [NEW] 매콤쭈새피자 26,900원, 치즈피자 17,900원, 레드콘리코타피자 19,900원, 베이컨딥체다치즈피자 18,900원, 할라로니피자 18,900원, 하와이안피자 19,900원, 슈퍼콤비네이션피자 19,900원, 스위트고구마피자 20,900원, 더블불고기피자 20,900원, 할라불고기피자 21,900원, 화이트포테이토피자 21,900원, 킬바사소세지피자 24,900원, 갈릭쉬림플렉스피자 26,900원, [NEW] 레드핫포테마요피자. 20,900원, [NEW] 크림불고기피자. 21,900원, [NEW] 바베큐핫치킨피자. 21,900원, [NEW] 매콤쭈새피자. 26,900원, 쉬림플렉스피자. 26,900원, 페퍼로니피자. 17,900원"
987044857,몽스피자 광주북구점,35.16976165041661,126.92044170766756,062-710-1232,전남광주통합특별시 북구 우산동 333-8,음식점 > 양식 > 피자,False,"불고기할라피뇨를품은어니언 22,900원"
24945017,동대문엽기떡볶이 광주전남대점,35.174951596057234,126.91632329455669,062-267-8592,전남광주통합특별시 북구 호동로 34-2,음식점 > 분식 > 떡볶이 > 동대문엽기떡볶이,False,"실속세트 17,500원, 베스트세트 20,000원, 엽기메뉴 14,000원, 로제메뉴 16,000원, 마라떡볶이 16,000원, 마라로제떡볶이 18,000원, 스페셜세트 25,000원, 숯불닭발세트 18,500원, 국물닭발세트 19,500원, 엽기닭볶음탕 24,000원, 숯불통뼈닭발 15,000원, 숯불무뼈닭발 16,000원, 국물통뼈닭발 16,000원, 국물무뼈닭발 17,000원, 엽떡밀키트 18,000원, 참치마요밥 3,500원, 주먹김밥（셀프） 2,000원, 계란찜 2,000원, 계란야채죽 5,000원, 순대 3,000원, 오뎅튀김（15개） 2,000원, 모둠튀김 2,000원, 만두（4개） 2,000원, 김말이（3개） 2,000원, 야채튀김（1개） 1,000원, 꿔바로우（5개） 5,900원, 엽봉（5개） 5,000원, 바삭치즈만두（7개） 2,000원, 엽도그（1개） 2,000원, 감자채튀김 2,500원"
1578077436,원이네웰빙호떡튀김,35.17187115317719,126.92093912094165,062-431-2611,전남광주통합특별시 북구 서방로 73,음식점 > 분식,False,"오징어튀김 (1개) 800원, 상추튀김 (1인분) 9,000원, 떡볶이 (1인분) 4,500원, 컵볶이 (1인분) 2,500원, 핫도그 (1개) 2,500원, 닭꼬치 (1개) 2,500원, 고구마튀김 (1개) 800원, 김말이 (1개) 800원, 새우튀김 (1개) 800원, 계란튀김 (1개) 800원, 순대튀김 (1개) 800원, 고추튀김 (1개) 1,700원, 모듬튀김 (1인분) 8,000원, 오뎅 (1인분) 3,000원, 식빵튀김 (1개) 800원"
635697756,이박사왕만두찐빵,35.171779367852,126.921174124199,062-383-2291,전남광주통합특별시 북구 서방로 77-1,음식점 > 분식,False,
929384810,오방김밥,35.1793582030851,126.916140929919,062-262-6078,전남광주통합특별시 북구 면앙로 36,음식점 > 분식,False,
8802160,김밥나라 우산점,35.17856620508581,126.91788618260517,062-264-6031,전남광주통합특별시 북구 호동로 77,음식점 > 분식,False,"김밥 3,500원, 참치김밥 4,500원, 매운고추김밥 4,000원, 고추참치김밥 5,000원, 치즈김밥 4,500원, 김치김밥 4,500원, 샐러드김밥 4,500원, 돈까스김밥 5,500원, 야채돈까스김밥 6,000원, 소세지김밥 6,000원, 새우김밥 6,000원, 계란말이김밥 7,000원, 라면 5,000원, 떡라면 6,000원, 김치라면 6,000원, 만두라면 6,000원, 치즈라면 6,000원, 짬뽕라면 7,000원, 야채비빔밥 8,000원, 참치비빔밥 9,000원, 오므라이스 8,500원, 새우오므라이스 9,500원, 치즈오므라이스 9,500원, 김치치즈오므라이스 9,900원, 김치볶음밥 8,500원, 참치볶음밥 9,000원, 참치김치볶음밥 9,900원, 새우복음밥 9,000원, 야채볶음밥 8,000원, 해물볶음밥 9,900원"
1842754088,광주든든김밥 우산자이점,35.16948479435127,126.92023012122718,,전남광주통합특별시 북구 서양로 157,음식점 > 분식,False,"철판오불덮밥 10,500원, 야채든든 쫄면 8,000원, 갈비만두 6,500원, 스팸김치볶음밥 9,000원, 철판치즈김치볶음밥 10,000원, 오믈렛라이스 9,000원, 치즈오믈렛라이스 10,000원, 야채든든 비빔밥 8,500원, 소고기비빔밥 8,500원, 철판낙지덮밥 10,500원, 철판제육덮밥 10,000원, 스팸옛날도시락 8,500원, 해물 순두부찌개 9,500원, 햄가득 1인부대찌개 10,500원, 소고기 육개장 10,500원, 돼지고기 김치찌개 10,000원, 든든 쌀떡볶이 7,000원, 치즈떡볶이 8,500원, 든든 라볶이 8,000원, 치즈라볶이 9,500원, 우동볶음 9,500원, 든든 우동 8,000원, 왕새우튀김우동 9,500원, 떡국 8,500원, 떡만두국 9,000원, 만두국 9,000원, 든든 돈까스 10,500원, 든든 치즈돈까스 11,500원, 든든김밥 4,500원, 치즈김밥 5,500원"
1701080779,이심김밥 북구직영점,35.167527024064746,126.91750760697421,062-710-1369,전남광주통합특별시 북구 서양로 157,음식점 > 분식,False,"참치김밥 3,900원, 이심김밥 1,900원, 로제떡볶이 7,900원, 라면 3,900원, 순두부찌개 5,900원"
43482154,백남옥달인손만두 광주북구우산점,35.169638122590534,126.92037816126653,062-710-0733,전남광주통합특별시 북구 서양로 155,음식점 > 분식,False,"새우통만두(5개) 6,000원, 굴림김치만두(10개) 6,000원, 고기왕만두(4개) 5,000원, 김치왕만두(4개) 5,000원, 만두전골 15,000원, 고기통만두(8개) 6,000원, 김치통만두(8개) 6,000원, 갈비통만두(10개) 6,000원, 감자피고기만두(8개) 6,000원, 감자피김치만두(5개) 6,000원, 술빵(1개) 4,000원, 만두국/떡만두국 8,000원, 냉모밀 8,000원, 바싹군만두(5개) 6,000원, 굴림고기만두(10개) 6,000원, 우유찐빵(4개) 5,000원, 만두귝용만두(6개) 6,000원, 쫄면 8,000원, 매운쫄면 9,000원, 만두전골(매운맛) 16,000원"
236705931,불아더두마리숯불바베큐치킨 북구점,35.1741684380091,126.9205186493,,전남광주통합특별시 북구 서방로63번길 42,음식점 > 분식,False,"숯불치킨&직화불닭발 美(미)친 한상 세트 37,900원, [[주][문][폭][주]]//숯불두마리 바베큐 36,900원, //숯불양념바베큐 22,900원, [[재주문200%]]//숯불소금구이 바베큐 22,900원, [[고민 NO]]// 숯불반반 BBQ치킨 23,500원, [[아기입맛 클릭]]//숯불데리야끼 바베큐 22,900원, [[단짠단짠]]//숯불 달콤간장 바베큐 22,900원, [[치즈폭탄]]//숯불치즈양념바베큐 24,900원, [[닭이랑 밥이랑]]//숯불반마리&김치볶음밥 18,400원, 직화 무뼈닭발 세트 26,900원, 직화 튤립닭발 세트 26,900원, 직화 통뼈닭발 세트 26,900원, 무뼈 국물닭발세트 28,900원, 튤립 국물닭발세트 28,900원, 통뼈 국물닭발세트 28,900원, 직화 무뼈닭발 (단품) 22,900원, 직화 튤립닭발 (단품) 22,900원, 직화 통뼈닭발 (단품) 22,900원, 무뼈 국물닭발 (단품) 24,900원, 튤립 국물닭발 (단품) 24,900원, 통뼈 국물닭발 (단품) 24,900원, 순살소금구이 [반마리] 14,900원, 순살 매콤달콤 [반마리] 14,900원, 순살 매콤달콤매운맛 [반마리] 14,900원, 순살 달콤간장 [반마리] 14,900원, 순살 데리야끼 [반마리] 14,900원, [가성비][최고봉] 1.5인분 혼밥, 치밥 치킨 도시락 14,900원, 참이슬 후레쉬19세 이상 4,000원, 진로19세 이상 4,000원, 카스19세 이상 4,000원"
214873581,김밥마을 우산점,35.1716988469065,126.920714253129,,전남광주통합특별시 북구 서방로 74-2,음식점 > 분식,False,"원조김밥 4,500원, 치즈김밥 5,000원, 참치김밥 5,500원, 제육김밥 6,200원, 원조땡초 5,000원, 참치땡초 6,000원, 치즈땡초 5,500원, 제육땡초 6,500원, 떡볶이 1~2인분 5,000원, 오뎅 꼬치3개 1~2분 3,000원, 컵라면육개장 2,000원, 콜라 2,000원"
1459726890,진심어묵 광주말바우점,35.1722651183905,126.922444835301,,전남광주통합특별시 북구 동문대로85번길 20,음식점 > 분식,False,
209101951,이삼김밥 북구직영점,35.16758479829152,126.91763597654342,062-710-1369,전남광주통합특별시 북구 서양로 157,음식점 > 분식,False,
1727627461,행운분식 말바우점,35.1717672543948,126.920568188537,062-522-4568,전남광주통합특별시 북구 서방로 74,"음식점 > 간식 > 제과,베이커리",False,"사라다빵 3,000원, 왕사라다빵 4,000원, 고구마빵 2,000원, 꽈배기 2,500원, 찹쌀도넛 3,500원, 소세지빵 2,000원, 왕소세지빵 2,500원, 야채고로케 3,000원, 찹쌀팥도넛 1,500원, 단팥빵 1,500원, 아메리카노 3,000원, 카페라떼 4,000원, 바닐라라떼 4,300원, 콜라 2,000원, 사이다 2,000원, 포카리스웨트 2,000원, 우유 2,500원, 코코팜(망고) 2,000원, 코코팜(복숭아) 2,000원, 환타(오렌지) 2,000원, 환타(파인애플) 2,000원"
26910025,투썸플레이스 광주전남대점,35.175149198733855,126.91532192025517,062-268-2388,전남광주통합특별시 북구 호동로 25,음식점 > 카페 > 커피전문점 > 투썸플레이스,False,
2012118581,컴포즈커피 광주전대후문점,35.17558360690418,126.91271753102261,062-710-8879,전남광주통합특별시 북구 우치로 92,음식점 > 카페 > 커피전문점 > 컴포즈커피,False,"구미식 사이다 수박화채 5,000원, 구미식 딸기우유 수박화채 5,000원, 저당 복숭아 스무디 4,400원, 복숭아 캐모마일 티브리즈 3,400원, 제주 한라봉 스무디 4,400원, 제주 한라봉 자몽에이드 3,700원, 스모크 바비큐 치아바타 4,400원, 꿀 토마토 주스 4,300원, 그레인 바나나 주스 4,300원, 논산에서 온 수박 주스 4,400원, 솔티드 쿨 리치 3,000원, 빅포즈 솔티드 쿨 리치 4,600원, 망고 자몽 요거빙 4,400원, 연유 수박 팥빙 4,400원, 너티 크림 라떼 3,400원, 바닐라 크림 라떼 3,400원, 파인애플 커피 3,800원, 빅포즈 파인애플 커피 5,400원, 베러 댄 아인슈페너 4,700원, 올데이 오트 4,400원, 올데이세트(대파크림) 4,800원, 올데이세트(치폴레) 4,800원, 인절미 컵빙수 5,000원, 팥절미밀크쉐이크 5,000원, 이상한 나라의 앨리스 드립백 9,400원, 아메리카노 5+1 10,000원, 빅포즈 아메리카노 3,500원, 에스프레소 2,000원, 아메리카노 2,000원, 꿀 아메리카노 2,800원"
24451899,설빙 광주전남대점,35.1762147016424,126.912918849914,070-4232-1327,전남광주통합특별시 북구 우치로100번길 10-4,음식점 > 카페 > 테마카페 > 디저트카페 > 설빙,False,"순수요거꿀자몽설빙 18,000원, 벌집꿀메론설빙 20,000원, 벌집꿀수박설빙 20,000원, 밀크팥메론설빙 18,000원, 요거치즈메론설빙 18,400원, 수박화채설빙 18,000원, 과일화채설빙 19,000원, 우베베리치즈설빙 16,400원, 팥절미말차설빙 15,400원, 초코말차설빙 16,400원, 인절미 세트 21,400원, 달콤매콤 세트 21,000원, 크로플망고세트 24,400원, 망고추천세트1 26,000원, 망고추천세트2 26,000원, 인절미메론반반설빙 18,000원, 팥인절미메론반반설빙 19,000원, 애플망고메론반반설빙 20,400원, 흑절미설빙 12,400원, 팥흑절미설빙 13,400원, 자.망.코.설빙 16,400원, 두바이초코설빙 19,000원, 순수요거블루베리설빙 16,000원, 애플망고치즈설빙 16,000원, 인절미망고반반설빙 17,000원, 팥인절미망고반반설빙 18,000원, 인절미설빙 11,400원, 팥인절미설빙 12,400원, 인절미아이스크림설빙 13,000원, 오레오초코몬스터설빙 15,000원"
633881024,코지루프스,35.1757494877721,126.914021521319,062-716-7733,전남광주통합특별시 북구 우치로90번길 23,음식점 > 카페,False,"아메리카노 3,000원, 카페라떼 3,500원, 바닐라라떼 4,000원, 돌체라떼 4,000원, 카페모카 4,000원, 초코라떼 4,000원, 말차라떼 4,000원, 레몬에이드 4,000원, 자몽에이드 4,000원, 청포도에이드 4,000원, 플레인 요거트 스무디 4,500원, 레몬 요거트 스무디 4,500원, 블루베리 스무디 4,500원, 딸기 스무디 4,000원, 망고 스무디 4,500원, 초코 스무디 4,500원, 밀크쉐이크 4,500원, 페퍼민트 3,500원, 케모마일 3,500원, 얼그레이 3,500원, 복숭아 아이스티 3,500원, 매실 아이스티 3,500원, 레몬얼그레이티 4,500원, 말렌카(코코아) 5,500원, 말렌카(월넛) 5,500원, 카키고오리 2,500원, 팥빙수 8,000원, 딸기빙수 8,000원, 감자튀김 7,000원, 치킨너겟 7,000원, 모듬소세지 9,000원"
1797394851,읍천리382 전남대점,35.17768534826038,126.91240899545288,,전남광주통합특별시 북구 우치로 114,음식점 > 카페,False,"[무조건]아메리카노 3,500원, [판매율 1위]미숫가루 4,700원, [상큼딸기]딸기 요거트 스무디 6,200원, [치킨텐더 밀쌈]치킨 또띠아랩 5,500원, [시그니처]불고기샌드위치 8,400원, 읍천리 팥빙수 쉐이크 6,300원, 제주 말차 컵빙수 쉐이크 6,300원, 망고 밀크 컵빙수 쉐이크 6,300원, [신선도100%] 포케 샐러드 9,900원, [연어큐브] 연어 포케 샐러드 14,600원, [근육생성] 부채살 스테이크 포케 샐러드 14,600원, [쫄깃촉촉] 오리훈제 포케 샐러드 14,400원, [한식의 정석] 불고기 포케 샐러드 12,400원, [겉바속촉] 치킨텐더 포케 샐러드 11,900원, [식단의 정석] 닭가슴살 포케 샐러드 14,400원, [치즈치즈] 피스타치오 치즈 폼 라떼 6,400원, [치즈치즈] 돌체 초코 치즈 폼 라떼 6,400원, [치즈치즈] 고구마프레소 치즈 폼 라떼 6,700원, [할미큰손] 1L 아메리카노 6,900원, [할미큰손] 1L 카페라떼 7,900원, [할미큰손] 1L 읍천리커피 8,900원, [할미큰손] 1L바닐라빈라떼 9,700원, [할미큰손] 1L 헤이즐넛 9,500원, [할미큰손] 1L 헤이즐넛라떼 9,900원, [할미큰손] 1L 카페모카 9,500원, [할미큰손] 1L 콜드브루 9,500원, [할미큰손] 1L 콜드브루 라떼 9,900원, [할미큰손] 1L바닐라빈 콜드브루라떼 10,500원, [할미큰손] 1L 읍천리 감주 (식혜) 7,900원, [할미큰손] 1L 복티샷 (아샷추) 9,500원"
600162182,할리스 광주북구청점,35.1734063051328,126.91324238834,062-511-8002,전남광주통합특별시 북구 서방로 2,음식점 > 카페 > 커피전문점 > 할리스,False,
27355617,스타벅스 광주북구청점,35.174816863857,126.91441770102,1522-3232,전남광주통합특별시 북구 서방로9번길 30,음식점 > 카페 > 커피전문점 > 스타벅스,False,"브루드 커피 4,500원, 카푸치노 5,200원, 카페 라떼 5,200원, 카페 모카 5,700원, 카페 아메리카노 4,700원, 카라멜 마키아또 6,100원, 화이트 초콜릿 모카 6,100원, 스타벅스 돌체 라떼 6,100원, 자바 칩 프라푸치노 6,500원, 망고 바나나 블렌디드 6,600원, 아이스 자몽 허니 블랙 티 5,900원, 자몽 허니 블랙 티 5,900원, 콜드 브루 5,100원, 디카페인 카페 아메리카노 5,000원, 디카페인 카페 라떼 5,500원, 제주 말차 라떼 6,100원, 돌체 콜드 브루 6,000원"
27253071,공차 전남대점,35.1769535257267,126.912518462696,062-262-7758,전남광주통합특별시 북구 우치로 106-1,음식점 > 카페 > 공차,False,"저당 햅쌀 미숫가루 밀크티 + 펄 L 5,900원, 저당 자스민 밀크티 + 펄 L 5,800원, 블랙밀크티＋펄 J 6,800원, 망고 쥬스 L 5,100원, 아메리카노 J 4,700원, 망고쥬얼리시그니처밀크티L+솔티드황치즈쫀득바 11,500원, 말차쥬얼리시그니처밀크티L+말차카스테라샌드 11,800원, 말차타로밀크티+황치즈쫀득바 11,200원, 말차초코스무디+말차카스테라 11,600원, 타로쥬얼리시그니처밀크티+황치즈쫀득바 11,500원, 초당 옥슈슈 밀크티+펄 L 5,900원, 초당 옥슈슈 스무디+펄 L 6,200원, 망고 트로피컬 블러쉬 스무디 L 6,200원, 트로피컬 블러쉬 아이스티 J 5,900원, 트로피컬 블러쉬 아이스티 1L 8,200원, 아삭 참외 밀크티 L 5,900원, 아삭 참외 스무디 L 6,200원, 수박 밀크티 + 펄 L 5,900원, 수박 밀크티 + 펄 J 7,000원, 리얼 수박 주스 BIG 컵 J 6,200원, 대만식 수박 빙수 밀크 L 6,400원, 밀크티 모찌 빙수 쉐이크L 6,800원, 완두말차 모찌 빙수 쉐이크L 7,000원, 망고 가득 모찌 빙수 쉐이크L 7,000원, 말차샷 타로 밀크티 + 화이트펄 L 6,100원, 말차 초코 스무디 L 6,200원, 더블 말차 밀크티 L 5,900원, (HOT)더블 말차 밀크티 L 5,900원, 얼그레이 말차 밀크티 + 펄 L 6,100원, 자스민 코코 with 말차폼 L 5,600원"
27026010,파스쿠찌 전남대점,35.17518806737204,126.91419775667447,062-251-9655,전남광주통합특별시 북구 호동로 15,음식점 > 카페 > 커피전문점 > 파스쿠찌,False,"(V)저당 리치 자스민 빅 아이스티 6,300원, (V)저당 피치 우롱 빅 아이스티 6,300원, (V)저당 청포도 민트 빅 아이스티 6,300원, (L)애플 캐모마일 티 스파클링 6,500원, (L)청포도 민트 티 스파클링 6,500원, (L)패션 레몬 스파클링 6,300원, (L)말차 팥 빙수 그라니따 7,900원, (L)인절미 팥 빙수 그라니따 7,900원, (R)베리베리 요거트 그라니따 7,900원, (R)베리베리 바나나 그라니따 7,900원, (L)베리UP 스파클링 6,500원, 우베코코 6,100원, 우베크림 카페라떼 6,500원, 자두 코코 그라니따 7,300원, 트로피칼 바질 그라니따 7,100원, 레드 수박 그라니따 7,100원, 청포도민트 요거 크림티 6,900원, 오렌지망고 요거 크림티 6,900원, 세트)오마이 화이트 10,700원, 세트)오마이 초코 11,100원, 세트) 허니 버터 브레드+생크림 15,800원, 세트)카사타 티라미수 11,100원, 세트)카사타 요거트 블루베리 11,100원, 세트)이탈리안 클레식 파니니 11,300원, 세트)필리 스테이크 파니니 11,300원, 세트)햄치즈 멀티그레인 파니니 11,300원, 세트)에그 멜팅 불고기 파니니 11,300원, 세트)아보카도 치킨햄 파니니 11,500원, 인절미 팥빙수 13,000원, 피칸 밀크티 빙수 14,500원"
13308571,토프레소 광주북구청점,35.17346410737949,126.91340369669285,062-525-9800,전남광주통합특별시 북구 서방로 4,음식점 > 카페 > 커피전문점 > 토프레소,False,
1692396767,용봉커피,35.1761660697029,126.915522859133,,전남광주통합특별시 북구 호동로43번길 24,음식점 > 카페,False,"(추천) 복샤 크레이프 케이크 7,900원, (추천) 복숭아 요거트 크림치즈 타르트 7,200원, 쿠앤크 폭탄 케이크 6,800원, 순우유 롤케이크 5,400원, 크로플 + 아이스크림 5,400원, (추천) 마틸다 초코 케이크 6,800원, 수제 플레인 스콘 2,800원, 몽몽크루키 6,200원, 복샤 요거트 크레이프롤 + 아메리카노 10,000원, 복숭아 요거트 크림치즈 타르트 + 아메리카노 9,500원, 수제 햄치즈 샌드위치 + 아메리카노 10,000원, 순우유 롤케이크 + 아메리카노 8,000원, 크로플 + 아이스크림 + 아메리카노 8,000원, 몽몽크루키 + 에이드 10,000원, 에스프레소 2,500원, 아메리카노 3,000원, 1L 아메리카노 3,500원, 콜드브루 4,000원, 디카페인 콜드브루 4,000원, 카페라떼 4,000원, 바닐라빈라떼 4,500원, 헤이즐넛라떼 4,500원, 돌체라떼 4,000원, 카라멜마끼아또 4,500원, 카페모카 4,500원, 흑당라떼 4,500원, 메로나라떼 5,000원, 흑임자크림라떼 5,300원, 아인슈페너 5,000원, 아포카토 5,000원"
502352291,안전가옥커피,35.1750935185346,126.913064951849,010-6640-4626,전남광주통합특별시 북구 우치로90번길 8-8,음식점 > 카페,False,"아메리카노 3,500원, 카페라떼 4,500원, 플랫화이트 4,500원, 아인슈페너(ICE ONLY) 5,000원"
1251422032,카페아빌라,35.1748643593615,126.915306846798,062-268-1194,전남광주통합특별시 북구 호동로 26-1,음식점 > 카페,False,"아메리카노 3,500원, 카페라떼 3,800원, 카푸치노 3,800원, 카페모카 4,500원, 키위쥬스 4,800원"
1068243416,010카페 2호점,35.176682492063634,126.91289968851638,010-8414-2111,전남광주통합특별시 북구 우치로 104-8,음식점 > 카페 > 테마카페,False,"아메리카노 4,000원, 에스프레소 4,000원, 카페라떼 5,000원, 레몬에이드 5,500원, 플레인 요거트 스무디 5,500원, 콜드브루아메리카노 4,500원, 헤이즐넛 4,500원, 아샷추 4,500원, 카푸치노 5,000원, 돌체라떼 5,000원, 바닐라라떼 5,000원, 헤이즐넛라떼 5,000원, 카라멜마끼야또 5,000원, 카페모카 5,500원, 아포카토 5,500원, 시나몬헤이즐넛라떼 5,500원, 스트로베리허니라떼 6,000원, 딸기피스타치오라떼 5,500원, 리얼초코라떼 5,000원, 그린티라떼 5,000원, 홍차라떼 5,000원, 자색고구마라떼 5,000원, 자몽에이드 5,500원, 청포도에이드 5,500원, 오션에이드 5,500원, 매실에이드 5,500원, 패션후르츠에이드 5,500원, 히비스커스레몬에이드 6,000원, 패션히비스커스에이드 6,000원, 캐모마일 4,000원, 페퍼민트 4,000원, 얼그레이 4,000원, 루이보스 4,000원, 녹차 4,000원, 레몬/복숭아 아이스티 4,000원, 피치얼그레이 5,000원, 허니자몽블랙티 5,000원, 수제자몽차 5,000원, 수제레몬차 5,000원, 유자차 4,500원, 매실차 4,500원, 생강차 4,500원, 쌍화차 4,500원, 딸기요거트 5,500원, 플레인요거트 5,500원, 블루베리요거트 5,500원, 구름요거트 6,000원, 쿠앤크프라푸치노 6,000원, 자바칩프라푸치노 6,000원, 그린티프라푸치노 6,000원, 민트초코프라푸치노 6,000원, 첵스초코프라푸치노 6,500원, 미숫가루 5,000원, 바나나 5,000원, 해장토마토쥬스 6,000원, 딸기바나나 6,000원, 리얼꿀수박쥬스 6,000원, 플레인아이스크림 (1ps) 5,000원, 누텔라아이스크림 (1ps) 5,500원, 딸기or블루베리 아이스크림 (1ps) 5,500원, 누텔라바나나 아이스크림 (1ps) 6,000원, 당근크림치즈 5,000원, 초코무덤 5,000원, 베리생크림 5,000원, 플레인베이글 3,800원, 어니언베이글 3,800원, 플레인+크림치즈베이글 4,500원, 어니언+크림치즈베이글 4,500원"
525117405,커피스미스 광주전남대점,35.1749575188756,126.914479028933,062-251-0456,전남광주통합특별시 북구 중흥동 275-1,음식점 > 카페 > 커피전문점,False,"에스프레소 3,900원, 아메리카노 4,300원, 카페라떼 5,000원, 카푸치노 5,000원, 바닐라라떼 5,400원, 아인슈페너 5,200원, 카페모카 5,600원, 카라멜마끼아또 5,400원, 아포카토 7,500원, 콜드블루 5,000원, 콜드브루라떼 5,500원"
134423234,고마다커피 전대후문점,35.17860123054074,126.91255292553855,0507-1366-5542,전남광주통합특별시 북구 우치로126번길 6,음식점 > 카페,False,"프릳츠 아메리카노 ICE 3,000원, 프릳츠 아메리카노 HOT 3,000원, 테라로사 아메리카노 HOT 3,000원, 테라로사 아메리카노 ICE 3,000원"
1929806364,꾀꾀로,35.1775400584318,126.914694788071,,전남광주통합특별시 북구 우치로110번길 43,음식점 > 카페,False,"아메리카노 4,800원, 카페라떼 5,500원, 얼그레이바닐라더블샷바닐라아이스크림 6,800원, 오트밀아몬드라떼 6,200원, 베트남커피 6,200원, 딥솔티카라멜라떼 6,200원, 바닐라라떼 6,200원, 밀크초콜렛더블샷라떼 6,800원, 밀크초콜릿라떼 6,500원, 꾀꾀로밀크티 6,800원, 레몬소다 6,500원, 믹스프루츠소다 6,500원, 라임소다 6,200원, 청귤티 6,200원, 레몬티 6,200원, 유자티 6,200원"
1606753237,후드,35.17263605243246,126.91255601988964,,전남광주통합특별시 북구 우치로 60,음식점 > 카페 > 테마카페 > 디저트카페,False,"아메리카노 HOT&ICE 3,000원, 카페라떼 HOT&ICE 3,500원, 카라멜마끼아또 HOT&ICE 4,000원, 카페모카 HOT&ICE 4,000원, 바닐라라떼 HOT&ICE 4,000원, 그린티라떼 HOT&ICE 4,000원, 샷그린티라떼 ICE 4,500원, 아인슈페너 HOT&ICE 4,000원, 햄치즈토스트 2,000원, 과일핫케익 4,000원, 오렌지로스트포크치아바타샌드위치 8,000원, 자몽에이드 ICE 3,500원, 레몬에이드 ICE 3,500원"
519181871,메가MGC커피 전대후문점,35.17543790511491,126.91316009208467,062-261-8899,전남광주통합특별시 북구 우치로90번길 8,음식점 > 카페 > 커피전문점 > 메가MGC커피,False,
552354852,별밭,35.1763545560647,126.913119596766,010-9601-8188,전남광주통합특별시 북구 우치로100번길 12,음식점 > 카페 > 테마카페 > 북카페,False,"드립커피 5,000원"
1261133831,몽하스 전대후문점,35.1747431578745,126.918639804273,0502-5552-9019,전남광주통합특별시 북구 중문로 21,음식점 > 카페,False,"토마토빙수 15,000원, 우베빙수 16,000원, 초코 크루키 5,500원, 망고빙수 15,000원"
175973282,사보르커피,35.1760523659134,126.912791679592,,전남광주통합특별시 북구 우치로 98-4,음식점 > 카페,False,"수제 바닐라빈라떼 XL 3,700원, 꿀딸기 아이스크림 4,000원, 꿀빠는 딸기 쥬스 4,000원, 아메리카노 XL 2,000원, 헤즐넛 XL 2,800원, 카페라떼 XL 3,000원, 헤즐넛라떼 XL 3,600원, 카라멜마끼아또 XL 3,600원, 카페모카 XL 3,800원, 돌체라떼 XL 3,800원, 콜드브루 XL 3,600원, 그냥 아이스크림 3,300원, 꿀망고 아이스크림 4,000원, 꿀자몽아이스크림 4,200원, 오레오 아이스크림 4,200원, 브라우니 아이스크림 4,200원, 꿀자몽 퐁당 쥬스 4,200원, 생레몬 퐁당 쥬스 4,200원, 딸기라떼 4,900원, 레몬에이드 3,800원, 레몬블루에이드 3,900원, 망고 패션 푸르트 에이드 3,900원, 코코넛 스무디 4,500원, 딸기스무디 3,800원, 오미자 XL 3,600원, 아이스 초코 라떼 3,600원, 아이스티 3,000원, 아샷츄 3,700원, 피카츄 3,700원, 씹히는아이스티 3,500원"
1494002841,헤이키커피 전남대점,35.1747326478878,126.913867806251,,전남광주통합특별시 북구 호동로 10-1,음식점 > 카페,False,"아메리카노 2,000원, 에스프레소 2,000원, 카페라떼 3,000원, 헤이즐넛라떼 4,000원, 아인슈페너 3,800원, 허쉬라떼(ICE) 4,200원, 딥바닐라라떼 4,500원, 밀키라떼 4,500원, 넛츠모카(ICE) 4,500원, 딥카라멜라떼 4,500원, 초당옥수수크림라떼 4,800원, 허니비라떼(ICE) 4,800원, 피치아이스티(ICE) 3,200원, 애플유자티 3,500원, 고흥유자차(HOT) 3,500원, 허니레몬차(HOT) 3,500원, 제주청귤차(HOT) 3,500원, 유기농제주말차라떼 3,900원, 허쉬봉봉(ICE) 3,900원, 얼그레이밀크티 3,900원, 꿀고구마라떼 4,000원, 헤이딸기라떼(ICE) 4,500원, 딥초콜릿라떼 4,500원, 딸기주스(ICE) 4,500원, 로얄캐모마일/쿨민트/후르츠드림/얼그레이리저브 3,800원, 밀크쉐이크(ICE) 4,300원, 바나나밀크쉐이크(ICE) 4,500원, 커피밀크쉐이크(ICE) 4,500원, 코코넛커피쉐이크(ICE) 4,800원, 쿠앤크쉐이크(ICE) 4,800원, 플레인요거트스무디(ICE) 4,300원, 딸기요거트스무디(ICE) 4,500원, 탱크걸(ICE) 4,500원, 망고스무디(ICE) 4,800원"
1492264288,노마딕커피,35.17324979211483,126.91369482784151,,전남광주통합특별시 북구 향토문화로 72,음식점 > 카페 > 커피전문점,False,"소금빵 3,000원"
2041695741,다락,35.1770591396374,126.913993795136,010-9797-7654,전남광주통합특별시 북구 호동로63번길 72,음식점 > 카페,False,"아메리카노 3,900원, 바닐라라떼 5,300원, 자몽에이드 5,800원"
202970054,달롱도르요거트아이스크림 전남대점,35.1752090716233,126.91458415208,,전남광주통합특별시 북구 호동로 17,음식점 > 카페 > 테마카페 > 디저트카페 > 달롱도르요거트아이스크림,False,"[신규오픈][수제] 요거트 아이스크림 1인 4,500원, 열대과일 트로피 15,900원, [생딸기][파티추천메뉴] 루돌프 트로피 14,900원, [시그니처] 허니큐브 트로피 14,900원, 아빠는지구인 트로피 13,900원, 초코바나나 그릭 6,900원, [요구르트] 요거트 아이스크림 1인분 5,000원, 피치찰떡 요구르트 트로피 2인분(300g + a) 15,900원, 피치탱탱 요구르트 트로피 2인분(300g + a) 15,900원, 코코자몽 트로피(플레인 요거트아이스크림) 2인분 (300g + a) 14,500원, 치즈퐁당 무화과 트로피(2인분) 15,900원, 그릭퐁당 무화과 트로피(2인분) 15,900원, [솔티베리] 요거트 아이스크림 2인분(300g + a) 8,500원, [Happy] 솔티베리 케이크 2인분(300g + a) 14,900원, [Happy] 초코베리 케이크 2인분(300g + a) 14,900원, 그릭퐁당 베리 트로피 2인분(300g + a) 14,900원, [말차] 요거트 아이스크림 2인 8,500원, 말차랑 찰떡베리 2인 15,900원, 말차랑 초코톡톡 2인 14,900원, 말차숲 초코나무 14,900원, [블랭킷 초코톡] 요거트 아이스크림 12,500원, [초코톡] 요아츄 트로피 13,900원, [초코톡][생딸기] 톡돼지 트로피 14,900원, [초코톡][생딸기] 베리큐브 트로피 14,900원, [초코톡] 바나초코 트로피 13,900원, [초코톡] 두바이톡톡 트로피(2인분) 15,900원, [생딸기] 딸기 트로피 14,900원, 꿀자몽 트로피 13,900원, [BEST] 허니멜론 트로피 15,900원, [생딸기] 딸바블 트로피 14,900원"
1558098583,카페블리 북구직영점,35.1735378342591,126.914412454853,,전남광주통합특별시 북구 서방로 11,음식점 > 카페,False,"NEW 그릴드 파닭 Poke/Salad 11,900원, 연어 과카몰리 Poke/Salad 13,900원, 연어 스테이크 Poke/Salad (연어 120g) 14,900원, 그라브락스 생연어 Poke/Salad (연어 60g) 12,900원, 부채살 스테이크 마늘쫑 Poke/Salad 12,900원, 그릴드 머쉬룸 우삼겹 Poke/Salad 11,900원, 코리안 불고기 Poke/Salad (고기 100g) 11,900원, 오리 훈제 Poke/Salad (오리 100g) 11,900원, 수비드 닭가슴살 Poke/Salad (닭고기 100g) 11,900원, 와사비 크라비아 Poke/Salad 10,900원, 에그마요 + 단호박 2종 Poke/Salad 10,900원, 소고기유부초밥도시락 10,900원, 모듬쌈밥도시락 10,900원, 불고기쌈밥도시락 11,900원, 충무김밥도시락 11,900원, 치킨데리야끼마요덮밥 10,900원, 연어 스테이크 Wrap (연어 120g) 14,900원, 연어 과카몰리 Wrap 13,900원, 연어 Wrap (생연어 60g) 12,900원, 부채살 스테이크 Wrap (고기 100g) 12,900원, 그릴드머쉬 우삼겹 Wrap 11,900원, 코리안 불고기 Wrap (고기 100g) 11,900원, 닭가슴살 Wrap (닭고기 100g) 11,900원, 와사비 크라비아 Wrap 10,900원, 구운 계란 + 소금 2,900원, 버터 토스트 4,500원, 모닝빵 샌드위치 (2p) 5,500원, 빠삭하게 구워낸 Toast 3,800원, 햄치즈 토스트 4,000원, 아사삭 옛날 토스트 4,900원"
90083577,더리터 전남대점,35.1747276174599,126.913134500906,070-8860-7710,전남광주통합특별시 북구 호동로 3-2,음식점 > 카페 > 커피전문점 > 더리터,False,"아메리카노 2,300원, 시그니처바닐라빈라떼 4,300원, 딸기요거스 4,800원, 우롱버블티 5,100원, 복숭아숭숭 3,500원, 피치 자스민 브리즈 4,000원, 피치 자스민 클라우드 4,800원, 피치 자스민 그라니따 5,300원, 오로라 스파클링 에너지(카페인+타우린함유) 3,500원, 옐로우 스파클링 에너지(타우린함유) 3,500원, 우베 라떼 4,300원, 우베 말차 라떼 5,300원, 유니콘 우베크림 라떼 5,300원, 초코 요거트 젤라또 4,300원, 딸기 요거트 젤라또 4,300원, 레드뱅쇼 4,700원, 화이트뱅쇼 4,700원, 쏠티 카라멜 브륄레 5,200원, 카라멜 크림 콜드브루(Only Iced_SL사이즈) 4,000원, 카라멜 밀크 4,300원, 카라멜 애플티 3,300원, 꿀 아메리카노 3,200원, 꿀 라떼 4,300원, 헤이즐넛 아메리카노 2,700원, 레트로커피 3,000원, 카페라떼 3,400원, 카푸치노 3,400원, 바닐라라떼 4,000원, 헤이즐넛라떼 4,000원, 카라멜마끼아또 4,200원"
1899479405,숨바꼭질 2호점,35.176589589976125,126.91407442875867,062-267-4858,전남광주통합특별시 북구 우치로100번길 27,음식점 > 카페 > 테마카페,False,
1272490846,화순하다랩,35.16951932940168,126.91663511843126,010-5668-9629,전남광주통합특별시 북구 향토문화로12번길 27,음식점 > 카페,False,
237858475,더 펄스트 하우스,35.1748161554713,126.913420925123,0502-5552-8446,전남광주통합특별시 북구 호동로 7,음식점 > 카페,False,"[진짜 반찬 없어도 맛.있.는] 베이컨 김치볶음밥 8,500원, [한 번 먹으면 또 생각나는] 야키소바 빵 6,500원, 단호박 바스크 치즈케이크 6,500원, [재주문율 1위]꾸덕 브라우니 5,700원, [사장님 강추] 더펄하 크림 라떼 6,000원, 딸기 크림 푸딩 6,000원, 딸기 바나나 크림푸딩 6,000원, 리얼 생딸기 쥬스 6,000원, 나홀로 생딸기 빙수 8,000원, 내맘대로 그릭요거트 4,200원, 사빠딸 그릭요거트 8,300원, 키위에 반하나 그릭요거트 8,200원, 옥수수스프 + 토스트 7,000원, 에그인헬 7,000원, [500원 할인] 볶음밥 + 아메리카노 11,500원, 참치 김치볶음밥 9,500원, 대패삼겹 김치 볶음밥 10,500원, [치킨 가~득] 치킨 마요덮밥 오야꼬동 10,000원, [1인 치킨] 슈프림 양념 순살치킨 8,500원, 프렌치 토스트 6,000원, 바삭 치킨 가라아게 4p 3,500원, 해쉬브라운 2p 3,000원, [초코덕후라면 무조건] 마틸다 초코케이크 6,700원, 오레오 수건 케이크 7,300원, 플레인 바스크 치즈케이크 5,600원, 얼그레이 바스크 치즈케이크 6,000원, [겨울 디저트] 레밍턴 케이크 4,500원, (인기) 바나나 크림 푸딩 5,500원, 쫀득 스카치 버터바 5,000원, 쫀득 황치즈 버터바 5,500원"
399611008,베러데이즈,35.1738064252877,126.918309214553,010-6609-3531,전남광주통합특별시 북구 중문로 11,음식점 > 카페 > 테마카페 > 디저트카페,False,"잠봉뵈르 9,800원, 딸기듬뿍라떼 6,500원, 아메리카노 4,200원, 돌체 콜드브루 라떼 5,500원"
1450241377,대설 전남대점,35.1755836052791,126.912715335461,,전남광주통합특별시 북구 우치로 92,음식점 > 카페 > 테마카페 > 디저트카페,False,"카멜트윅 대설 9,500원, 메론열대과일 대설 18,900원, 수박열대과일 대설 17,900원, 렛츠고 피크닉 대설 9,500원, 요거리치피치 대설 8,800원, 내 여자친구가 좋아하는 대설 9,500원, 4월의 그린라이트 대설 9,500원, 4월의 웨딩부케 대설 16,900원, 내 남자친구가 좋아하는 대설 8,800원, 요거토마 대설 8,800원, 크림치즈 오레오 대설 15,900원, 죠리퐁퐁 대설 13,000원, 돌체 대설 11,900원, 마스카포네 인절미 대설 7,800원, 팥 인절미 대설 13,900원, 팥 흑임자 대설 14,900원, 요거베리대설 8,800원, 망고파인 대설 14,500원, 요거딸바 대설 13,000원, 초코오레오대설 13,900원, 미쯔더블초코 대설 13,900원, 돼지바 대설 8,900원, 수제 티라미수 대설 18,000원, 비비빅 대설 [팥빙수] 13,000원, 마스카포네 망고 대설 8,500원, 그린말차대설 13,500원, 화이트꿀자몽대설 15,900원, 황금망고케익 대설 20,800원, 내여자친구가 좋아하는 커플세트 14,300원, 요거토마 커플세트 13,600원"
1756606015,텐퍼센트커피 광주전대후문점,35.1749373929312,126.912799456927,062-263-2528,전남광주통합특별시 북구 우치로 84,음식점 > 카페 > 커피전문점 > 텐퍼센트커피,False,
1805628208,칠분통닭 문흥점,35.1793573032924,126.916143126508,062-263-7292,전남광주통합특별시 북구 면앙로 36,음식점 > 치킨,False,"마늘통닭 11,000원, 후라이드 12,000원, 두마리통닭 17,000원, 한마리통닭 9,000원, 양배추샐러드 1,000원, 치즈볼 5,000원"
1673738205,동키치킨 전대점,35.1758589122756,126.917124846179,062-264-8878,전남광주통합특별시 북구 호동로 46,음식점 > 치킨,False,
2014563399,노랑통닭 광주전대후문점,35.1727968438532,126.916894133972,062-452-0257,전남광주통합특별시 북구 서방로 36-1,음식점 > 치킨 > 노랑통닭,False,"엄청 큰 후라이드 치킨 21,000원, 대파 간장 치킨 24,000원, 대파 간장 치킨 반반(후라반간장반) 23,000원, 우도 땅콩 치킨 24,000원, 우도 땅콩 치킨 반반(후라반땅콩반) 23,000원, 맵싸한 똥집감자튀김 15,000원, 모짜체다치즈볼 4,000원, 엄청 큰 반반 치킨 22,000원, 맵싸한 반반 치킨 24,000원, 웰빙 파닭 후라이드 반반 치킨 24,000원, 갈릭 인 더 딥 25,000원, 노랑 3종 세트 24,000원, 알싸한 마늘 치킨 24,000원, 칼칼한 청양 치킨 24,000원, 뿌리노랑 치킨 24,000원, 맵싸한 후라이드 치킨 23,000원, 맵싸한 양념 치킨 25,000원, 맵싸한 깐풍 치킨 25,000원, 맵싸한 3종 치킨 26,000원, 엄청 큰 양념 치킨 23,000원, 엄청 큰 깐풍 치킨 23,000원, 웰빙 파닭 후라이드 치킨 23,000원, 참이슬 후레쉬(5000원)19세 이상 5,000원, 진로이즈백(5000원)19세 이상 5,000원, 처음처럼 새로(5000원)19세 이상 5,000원, 카스 (병)(5000원)19세 이상 5,000원, 테라 (병)(5000원)19세 이상 5,000원, 생맥주 500ml(5000원)19세 이상 5,000원, 생맥주 1,000ml(9000원)19세 이상 9,000원, 생맥주 1,500ml(13000원)19세 이상 13,000원"
9826211,무등닭집,35.1733065816012,126.920276885025,062-269-2495,전남광주통합특별시 북구 중문로10번길 33,음식점 > 치킨,False,
11784776,훌랄라숯불바베큐치킨 문흥1점,35.17800285540401,126.91788345568631,,전남광주통합특별시 북구 호동로 71,음식점 > 치킨 > 훌랄라참숯치킨,False,"참숯 핫 바베큐 22,900원, 참숯 소금구이 21,900원, 참숯 양념구이 22,900원, 치즈볼세트 26,800원, 치면세트 24,900원, 바베킹 25,900원, 치밥킹 26,900원, 콘치킹 27,900원, 뼈 반반세트 21,900원, 순살 반반세트 22,900원, 참숯 치즈마요 소금구이 22,900원, 핫마요바베큐 23,900원, 치즈양념구이 23,900원, 순살 참숯 갈비구이 27,900원, 순살 참숯 치즈 바베큐 28,900원, 파치닭 29,900원, 참숯 스위트 바베큐 22,900원, 참숯 불꽃 바베큐 22,900원, 참숯 간장구이 22,900원, 참숯 갈릭 바베큐 22,900원, 참숯 데리 바베큐 22,900원, 반반 바베큐 21,900원, 순살 파닭 바베큐 25,900원, 참숯 치즈떡 바베큐 26,900원, 참숯 고구마떡 바베큐 26,900원, 생맥주 1,000cc.19세 이상 9,000원, 참이슬 후레쉬.19세 이상 5,000원, 진로이즈백.19세 이상 5,000원, 병맥주 카스19세 이상 5,000원, 병맥주 테라19세 이상 5,000원"
1141139956,치밥대장숯불양념92치킨 전대점,35.173121671639706,126.9173899859257,,전남광주통합특별시 북구 서방로39번길 3,음식점 > 치킨,False,"1인숯불치밥세트[치킨혼밥시대] 19,900원, 숯불양념치킨구이 20,900원, [오늘밤 야식은]치즈숯불양념치킨구이 23,900원, [중독성 주의]숯불갈비양념치킨구이 20,900원, [풍미가득 안주]치즈숯불갈비구이치킨구이 23,900원, [가성비 그잡채]숯불순살두마리치킨 29,900원, 우동사리세트 22,500원, 라면사리세트 22,500원, [치킨집 최초] 달달한 볶음김치 1,000원, 고봉밥추가 1,500원, 치킨무추가 500원, 치즈사리 추가 3,000원, 라면사리추가 2,000원, 우동사리추가 2,000원, 소문난 떡갈비 3,000원, 코카콜라 355mL 1,500원, 코카콜라 제로 355mL 1,500원, 스프라이트 355mL 1,500원, 환타 파인애플 355mL 1,500원"
20149546,광주통닭,35.17925664250049,126.9205872512762,062-266-1321,전남광주통합특별시 북구 중문로 76,음식점 > 치킨,False,
818423823,치킨바보 사랑점,35.1725994709246,126.919601366277,,전남광주통합특별시 북구 서방로 59-2,음식점 > 치킨,False,"순살 후라이드치킨(600g) 18,000원, 순살 양념치킨(600g) 19,000원, 뼈후라이드치킨 18,000원, 뼈양념치킨 19,000원, 순살 아무거나 두가지세트 27,000원, 순살 한마리(600g) 반반치킨 18,000원, 뼈 두마리 치킨 28,000원, 뼈 한마리 반반치킨 18,000원, 김치 치즈 탕수육 25,000원, 쉐프's 탕수육 21,000원, 순살 간장치킨(600g) 19,000원, 순살 슈프림양념 치킨(600g) 20,000원, 순살 크림치즈 치킨(600g) 20,000원, 순살 화이트어니언(600g) 20,000원, 순살 매운간장치킨(600g) 20,000원, 순살 매운양념치킨(600g) 20,000원, 순살 골드치즈치킨(600g) 20,000원, 뼈간장치킨 19,000원, 뼈크림치즈치킨 20,000원, 뼈화이트어니언치킨 20,000원, 뼈매운간장치킨 20,000원, 뼈매운양념치킨 20,000원, 뼈골드치즈치킨 20,000원, 고추잡채김말이 7개 4,000원, 고구마 치즈스틱（6개） 4,000원, JOMT（존맛오징어튀김3개） 3,000원, 수제고구마튀김（4개） 3,000원, 통고추 튀김 3개 3,000원, 치킨안심 텐더 5,000원, 똥집후라이드（中） 9,000원"
1291042674,치킨퐁237 서방점,35.1722492928491,126.920282308052,,전남광주통합특별시 북구 서방로 67-2,음식점 > 치킨,False,
500871151,오븐에구운황금닭 본점,35.1717028609642,126.921341052976,062-251-1020,전남광주통합특별시 북구 서방로 79,음식점 > 치킨,False,"후라이드 14,800원, 양념치킨 15,800원, 간장치킨 15,800원, 순살황금닭（닭다리살） 15,800원, 양념순살（닭다리살） 16,800원, 간장순살（닭다리살） 16,800원, 매콤 바삭 옛날통닭! 9,500원, 옛날통닭 2마리! 18,000원, 매콤황금닭강정（닭다리살） 12,000원, 달콤황금닭강정（닭다리살） 12,000원, 치킨 두 마리 22,800원, 순살 두 마리 24,800원, 후라이드＋근위 20,800원, 양념치킨＋근위 21,800원, 간장치킨＋근위 21,800원, 옛날통닭 9,500원, 닭껍질 튀김 5,000원, 근위（똥집튀김） 9,000원, 감자튀김 4,000원, 치킨양념소스 500원, 고추핫소스 500원, 겨자소스 500원, 스프라이트 500mL 1,500원, 스프라이트 1.5L 2,500원, 코카콜라 500mL 1,500원, 코카콜라 1.25L 2,500원, 환타（파인애플） 500mL 1,500원, 치킨무 500원"
1007947790,오븐마루치킨 무등산자이점,35.17020355141329,126.92080132601596,062-525-8592,전남광주통합특별시 북구 서양로 157,음식점 > 치킨 > 오븐마루치킨,False,"바베큐 로스트 21,400원, 통마늘간장 바베큐 로스트 22,000원, 골든갈릭 바베큐 로스트 23,000원, 고추마요 현미베이크 25,000원, 레드마요 현미베이크 24,000원, 약속의 리뷰 이벤트 참여 100원, 치폴레 마요 로스트 24,900원, 치폴레 마요 베이크 25,900원, 더 매운 바베큐 로스트 24,000원, 두마리 치킨 SET 38,600원, 피치SET (치킨+피자) 37,700원, 치떡 SET (치킨+마루떡볶이) 25,700원, 바삭 오리지널 현미베이크 20,800원, 시그니처 레드 현미베이크 21,900원, 시그니처 블랙 현미베이크 21,900원, 까르보 현미베이크 (순살전용) 26,400원, 양념 현미베이크 21,900원, 파닭 현미베이크 22,900원, 매운양념 현미베이크 21,900원, 담백 오리지널 로스트 19,800원, 시그니처 레드 로스트 21,400원, 시그니처 블랙 로스트 21,400원, 딥간장갈릭 로스트 21,400원, 생맥주 1,000cc,,19세 이상 8,000원, 참이슬후레쉬19세 이상 4,000원, 처음처럼19세 이상 4,000원, 카스（병）19세 이상 4,000원, 진로이즈백19세 이상 4,000원, 새로19세 이상 5,000원, 한맥19세 이상 5,000원"
1050097405,라플레버,35.17885130500464,126.91565730930347,062-417-3434,전남광주통합특별시 북구 면앙로32번길 15,음식점 > 카페,False,
2147454731,샌디츄,35.17581876679468,126.91641791329478,0502-5552-1376,전남광주통합특별시 북구 호동로43번길 5,음식점 > 패스트푸드 > 샌드위치,False,
14614606,나들목순대국밥,35.1787619077241,126.915423564988,062-267-9532,전남광주통합특별시 북구 면앙로32번길 18,음식점 > 한식 > 순대,False,"순대국밥 6,000원, 머리국밥 6,000원, 내장국밥 6,000원, 내장전골 (중) 20,000원, 머리고기 15,000원"
188894092,쫑이부대찌개,35.1775757730994,126.91549615114,062-266-6373,전남광주통합특별시 북구 우치로110번길 57,"음식점 > 한식 > 찌개,전골",False,"공기밥 추가 1,000원, 콜라 355mL 뚱캔 2,000원, 사이다 355mL 뚱캔 2,000원, 환타 포도 355mL 뚱캔 2,000원, 환타 파인애플 355mL 뚱캔 2,000원, 참이슬 후레쉬19세 이상 5,000원, 잎새주19세 이상 5,000원, 카스19세 이상 5,000원, 테라19세 이상 5,000원"
9471605,청학동숯불갈비,35.1792955839143,126.915528404048,,전남광주통합특별시 북구 면앙로32번길 8,"음식점 > 한식 > 육류,고기 > 갈비",False,"돼지갈비 (250g) 17,000원, 마늘갈비 (200g) 18,000원, 생삼겹살 (200g) 17,000원, 돌판비빔밥 9,000원, 굴떡국 9,000원, 냉면 9,000원"
2080056436,바다상회,35.17653146359424,126.91732835343167,062-268-8583,전남광주통합특별시 북구 호동로 53,"음식점 > 한식 > 해물,생선",False,"통문어해물전골(해물탕) 4,300원, 갑오징어불고기(볶음) 39,000원, 해물칼국수 10,000원, 한우국밥 9,000원"
1032781519,중화루,35.1876260288446,126.913141637516,062-266-0014,전남광주통합특별시 북구 송월로 43,음식점 > 중식 > 중국요리,False,
567594549,윤쓰메밀,35.1874913986042,126.913944376429,,전남광주통합특별시 북구 송월로40번길 7-2,음식점 > 일식,False,"마른모밀(판) 7,000원, 비빔모밀 8,000원, 냉모밀 8,000원, 온모밀 6,000원, 들깨수제비 8,000원"
1076183360,7번가피자 문흥오치점,35.1870730193531,126.916302087082,062-264-4777,전남광주통합특별시 북구 서하로 327,음식점 > 양식 > 피자 > 7번가피자,False,"NEW 까망베르더블치즈 R 20,900원, 샘스테이크 R 25,900원, 체다골드포테이토 R 25,900원, 화이트쉬림프 R 22,900원, 컨츄리치킨 R 20,900원, NEW 까망베르더블치즈 L 26,900원, NEW 까망베르더블치즈석쇠L+NEW 쉬림프아라비아따스파게티 35,400원, NEW 까망베르더블치즈L+NEW 쉬림프아라비아따스파게티+음료L 37,900원, NEW 쉬림프아라비아따 스파게티 8,500원, NEW 패밀리박스 R 33,900원, NEW 패밀리박스 L 39,900원, 하프앤하프 R 21,900원, 하프앤하프 L 27,900원, 페페로니 씬바샤삭 L 26,900원, 체다파인애플 씬바샤삭 L 26,900원, 고르곤졸라 씬바샤삭 L 26,900원, 새우파티 씬바샤삭 L 32,500원, 샘스테이크 씬바샤삭 L 32,500원, 7번가스페셜 R 25,900원, 새우파티 R 25,900원, 샘스테이크 L 32,500원, 체다골드포테이토 L 32,500원, 7번가스페셜 L 32,500원, 새우파티 L 32,500원, 고구마 R 22,900원, 흥부박포테이토 R 22,900원, 화이트쉬림프 L 29,900원, 고구마 L 29,900원, 흥부박포테이토 L 29,900원, NEW까망베르더블치즈 R 20,900원"
469489269,임실N치즈피자 문흥전남대점,35.18414593125732,126.91837682007191,062-267-4447,전남광주통합특별시 북구 천지인로173번길 16,음식점 > 양식 > 피자,False,"A 세트 42,000원, B 세트 37,000원, C 세트 39,000원, 반반피자 21,000원, 케이준쉬림프골드피자 28,000원, 밤스위트골드피자 28,000원, 2 in 1 피자 28,000원, 불고기스테이크피자 25,000원, 포테이토골드피자 25,000원, 케리비안PLUS 피자 28,000원, 허니치킨피자 28,000원, 한우불고기피자 22,000원, 한우핫불고기피자 23,000원, 통돼지 바베큐 피자 24,000원, 치즈팡피자（라이스골드） 25,000원, 매콤달콤닭갈비피자 20,000원, 짱감자피자 20,000원, 포테이토 피자 20,000원, 밤고구마피자 20,000원, 단호박피자 20,000원, 랍스타피자 20,000원, 고르곤졸라 피자 20,000원, 야채피자 20,000원, 슈퍼슈프림 20,000원, 페퍼로니피자 20,000원, 하와이안피자 20,000원, 디럭스피자 20,000원, 치즈오븐스파게티 8,000원, 버팔로윙 5,000원, 쌀로 만든 치즈스틱 6,000원"
1090494171,임실피자 앤치킨 오치문흥점,35.1855577693348,126.913632410917,062-262-6211,전남광주통합특별시 북구 송월로20번길 7,음식점 > 양식 > 피자,False,"후라이드치킨 20,000원, 치즈크러스트피자 18,000원, 닭강정 20,000원, 반포쌀국수 9,000원"
1572820612,대박분식,35.185304381479376,126.9186863710571,,전남광주통합특별시 북구 천지인로173번길 28,음식점 > 분식,False,
1392412523,휴게소,35.180896812720036,126.91231442842823,0507-1383-8535,전남광주통합특별시 북구 효산로 3,음식점 > 카페,False,"미니 바스크치즈케이크 3,800원, 테린느 6,000원, 뱅쇼(무알콜) 7,000원, 동글 티라미수 8,500원, 소르베 6,000원, 초코칩쿠키 3,800원, 에스프레소그라니따 5,500원"
1928016817,커피블레싱,35.1799134926091,126.912396724641,070-4294-2578,전남광주통합특별시 북구 우치로 140,음식점 > 카페 > 커피전문점,False,"아메리카노 3,800원"
149810030,텐퍼센트커피 전남대점,35.1806147876775,126.912451962513,,전남광주통합특별시 북구 효산로 2,음식점 > 카페 > 커피전문점 > 텐퍼센트커피,False,"더티땅콩라떼 3,900원, 솔티드밀크카라멜 3,800원, 우리곡물라떼 2,800원, 청도복숭아아이스티 3,000원, 허니자몽티 3,500원, 로얄밀크티 4,000원, 아인슈페너 3,800원, 돌체라떼 4,000원, 토닉커피 3,000원, 아메리카노 2,000원, 에스프레소 1,800원, 쇼콜라프레소 2,500원, 카페라떼 3,300원, 플랫화이트 3,000원, 텐라떼 3,400원, 바닐라빈라떼 3,800원, 카페모카 4,300원, 플레인요거트 스무디 4,300원, 애플망고 스무디 4,800원, 오렌지에이드 4,300원"
1172746292,더벤티 전남대점,35.178098127181755,126.91235036842845,062-251-0061,전남광주통합특별시 북구 우치로 120,음식점 > 카페 > 커피전문점 > 더벤티,False,
1899111512,비티씨인무드,35.177424356770025,126.91551277493788,062-449-1479,전남광주통합특별시 북구 면앙로32번길 48,음식점 > 카페 > 커피전문점,False,"쑥인절미크림갸또 5,500원, 아메리카노 4,000원, 샤케라또 4,500원, 카페라떼 4,500원, 바닐라라떼 5,000원, 아인슈페너 5,300원, 크림라떼 5,300원, 롱블랙 4,000원, 피콜로 4,300원, 콜드브루 4,500원, 말차슈페너 5,500원, 브루잉커피 5,500원, 레몬에이드 5,000원, 자몽에이드 5,000원, 말차앤샷 5,300원, 말차쉐이크 6,000원, 리얼당근케이크 5,500원, 블루베리에이드 5,000원, 딸기쉐이크 5,500원, 블루베리쉐이크 5,500원, 로열밀크티 5,000원, 블랙자몽티 5,000원, 캐모마일메들리 4,000원, 히비스커스베리 4,000원, 얼그레이/브렉퍼스트 4,000원, 쇼콜라떼 4,500원, 말차라떼 4,800원"
22791224,투썸플레이스 광주용봉CGV점,35.1825372261298,126.91223910893045,062-264-2020,전남광주통합특별시 북구 문화소통로 170,음식점 > 카페 > 커피전문점 > 투썸플레이스,False,
21362026,팬도로시 전남대점,35.178384617648796,126.90970431572376,,전남광주통합특별시 북구 용봉로 77,음식점 > 카페 > 테마카페 > 디저트카페,False,"에스프레소 2,200원, 아메리카노 2,200원, 달달 아메리카노 2,500원, 헤이즐넛 아메리카노 2,600원, 카페라떼 3,000원, 헤이즐넛 카페라떼 3,300원, 바닐라 카페라떼 3,300원, 카라멜 카페라떼 3,300원, 달달 카페라떼 3,300원, 순바닐라 카페라떼 3,700원, 카페모카 3,500원, 카라멜 카페모카 3,500원, 카라멜 마끼야또 3,500원, 초콜릿 3,000원, 다크 3,200원, 자바칩 3,200원, 민트 초코 3,200원, 그린티 라떼 3,300원, 자색고구마 라떼 3,300원, 순바닐라 3,300원, 곡물 라떼 3,300원, 블랙티 라떼 3,300원, 쿠키앤크림 라떼 3,300원, 딸기 라떼 3,500원, 망고 라떼 3,500원, 복숭아 라떼 3,500원, 블루베리 라떼 3,500원, 복숭아 아이스티 2,500원, 수 자몽 에이드 3,300원, 수 레몬 에이드 3,300원, 수 유자 에이드 3,300원, 청포도 에이드 3,300원, 딸기 에이드 3,300원, 망고 에이드 3,300원, 복숭아 에이드 3,300원, 블루베리 에이드 3,300원, 레몬 히비스커스 애플 3,300원, 유자 네이블 오렌지 3,300원, 자몽 레드 애플 3,300원, 수 자몽차 3,000원, 수 레몬차 3,000원, 수 유자차 3,000원, 루이보스 2,900원, 캐모마일 2,900원, 페퍼민트 2,900원, 얼그레이 2,900원, 아쌈 2,900원, 히비스커스애플 2,900원, 네이블오렌지 2,900원, 얼그레이 밀크티 (ONLY HOT) 3,100원, 아쌈 밀크티 (ONLY HOT) 3,100원, 딸기주스 4,000원, 키위주스 4,000원, 바나나주스 4,000원, 딸기바나나주스 4,300원, 키위바나나주스 4,300원, 블랙 버블티 3,900원, 쿠키앤크림 버블티 3,900원, 곡물 버블티 3,900원, 자색고구마 버블티 3,900원, 딸기 버블티 3,900원, 망고 버블티 3,900원, 복숭아 버블티 3,900원, 블루베리 버블티 3,900원, 초코 프라페 4,000원, 쿠키앤크림 프라페 4,000원, 다크초코 프라페 4,300원, 자바칩 프라페 4,300원, 민트초코 프라페 4,300원, 순바닐라 프라페 4,300원, 곡물 프라페 4,300원, 그린티 프라페 4,300원, 모카 팬프라페 4,300원, 카라멜 팬프라페 4,300원, 그린티 팬프라페 4,500원, 순바닐라 팬프라페 4,500원, 플레인 요거트 스무디 4,000원, 수 자몽 요거트 스무디 4,300원, 수 레몬 요거트 스무디 4,300원, 수 유자 요거트 스무디 4,300원, 딸기 요거트 스무디 4,500원, 망고 요거트 스무디 4,500원, 복숭아 요거트 스무디 4,500원, 블루베리 요거트 스무디 4,500원"
1366996004,아루쿠히토,35.17667822033369,126.91708778737787,0503-7153-0979,전남광주통합특별시 북구 우치로100번길 81,음식점 > 카페 > 커피전문점,False,"아메리카노 3,300원, 크림라떼 4,800원, 너티화이트 5,000원"
2103328185,새시,35.1758247620402,126.917273081842,070-4571-4953,전남광주통합특별시 북구 호동로46번길 5,음식점 > 카페,False,"밀크티(다즐링/얼그레이) 5,500원, 딸기우유 4,500원, 라임파이 3,000원, 아메리카노(take-out) 2,500원, 아메리카노 3,500원, 카페라떼 4,000원, 휘낭시에 2,500원, 바닐라빈 라떼 4,500원, 고구마라떼 4,000원, 히비스커스 에이드 4,000원, 코코넛 라떼 4,500원, 요거트 플레인(딸기/망고/블루베리) 4,500원, 돌체라떼 4,500원, 레몬에이드 4,000원, 아이스크림 라떼 5,000원, 베이글(어니언/플레인) 3,000원, 바질크림치즈 2,000원, 헤이즐넛/카라멜 라떼 4,500원, 체리콕 4,000원, 복숭아 아이스티 3,000원, 코코넛 스무디 5,500원, 캐모마일/ 얼그레이 티 3,500원"
1886096568,솜리치킨 문흥점,35.184141409682,126.918354866652,062-412-7979,전남광주통합특별시 북구 천지인로173번길 16,음식점 > 치킨,False,"순살 깨통닭 26,000원, 순살 반반 27,000원, 순살 닭강정 28,000원, 뼈 깨통닭 24,000원, 뼈 깨통닭 반반 25,000원, 뼈 닭강정 26,000원, 1인순살깨통닭세트 18,000원, 1인순살닭강정 19,000원, 소스 추가 500원, 무 추가 500원, 양배추 샐러드 1,000원, 콜라 500ml 2,000원, 콜라 1.25L 3,000원, 사이다 500ml 2,000원, 사이다 1.25L 3,000원, 탐스제로(파인맛) 2,000원, 카스19세 이상 4,000원, 진로19세 이상 4,000원, 참이슬 후레쉬19세 이상 4,000원, 생맥주 1,000mL19세 이상 8,000원"
8220674,굽네치킨 광주문흥점,35.185313466481,126.91879285955139,062-264-9492,전남광주통합특별시 북구 천지인로173번길 28,음식점 > 치킨 > 굽네치킨,False,"베스트 Pick 뼈 한마리 17,900원, 헬시 Pick 닭가슴살 16,900원, (New) 굽네 순살 시카고 피자 시리즈 18,900원, (New) 치킨 베이크 8,000원, (SET)치킨+굽네 순살 시카고 피자 36,800원, 굽네 양념 강정 19,000원, [굽블링] 굽네 한마리 치킨만(무/소스 미제공) 16,000원, 고추바사삭 19,900원, [굽블링] 굽네 반마리+사이드(2종) 16,000원, 시그니쳐 Pick 윙봉 20,900원, (SET)치킨+피자+콜라1.25L 35,400원, (SET)치킨+치킨+콜라1.25L 35,800원, (SET)치킨＋치킨 베이크 25,900원, (SET)피자+파스타 21,900원, (SET)치킨＋싱글피자 26,900원, (SET)치킨+맵달떡볶이 26,400원, (SET)피자+치킨 반마리 25,900원, (SET)피자+장각 시리즈 반마리 26,900원, (SET)싱글피자+장각 시리즈 반마리 21,000원, New 오리지널 17,900원, New 오리지널 곱빼기（1.5마리） 25,900원, 고추바사삭 곱빼기（1.5마리） 28,900원, 볼케이노 19,900원, 갈비천왕 19,900원, 오븐바사삭 18,900원, 양념히어로 19,900원, 남해마늘바사삭 20,900원, 굽네 장각구이 23,900원, 볼케이노 장각 23,900원, 오리지널 장각 21,900원"
21313693,두마리양동시장통닭,35.18713275915884,126.91282376060614,062-251-8293,전남광주통합특별시 북구 서하로 295,음식점 > 치킨,False,"후라이드 20,000원, 순살치킨 20,000원, 양념치킨 21,000원, 간장치킨 21,000원, 후라이드특대 22,000원, 매운양념치킨 22,000원, 다리 set 23,000원, 날개 Set 23,000원, 다리＋날개 23,000원, 양념특대치킨 23,000원, 간장특대치킨 23,000원, 순살간장특대치킨 23,000원, 순살양념특대치킨 23,000원, 순살후라이드특대 22,000원, 후라이드 대 반/반 21,000원, 후라이드 특대 반/반 23,000원, 순살 특대 반/반 23,000원, 순살 대 반/반 21,000원, 1. 간장치킨＋후라이드치킨＋콜라 26,000원, 2. 양념치킨＋후라이드치킨＋콜라 26,000원, 3. 간장치킨＋양념치킨＋콜라 27,000원, 후라이드＋후라이드+콜라 26,000원, 간장치킨＋간장치킨 27,000원, 양념치킨＋양념치킨 27,000원, 1. 순살간장＋순살치킨＋콜라 26,000원, 참이슬 후레쉬19세 이상 4,000원, 잎새주19세 이상 4,000원, 카스19세 이상 4,000원, 테라19세 이상 4,000원, 생맥주1000cc19세 이상 7,000원"
1644415206,치킨은핑계,35.1830561270737,126.920997457264,,전남광주통합특별시 북구 문흥동 1010-6,음식점 > 치킨,False,"빅토리아 후라이드 치킨 20,000원, 빅토리아 양념치킨 21,000원, 빅토리아 매콤 양념치킨 21,000원, 빅토리아 마늘간장치킨 21,000원, 빅토리아 매콤 간장치킨 21,000원, 빅토리아 후라이드 순살 22,000원, 빅토리아 양념 순살 22,000원, 빅토리아 매콤 양념 순살 22,000원, 빅토리아 마늘간장 순살 22,000원, 빅토리아 매콤간장 순살 22,000원, 스프라이트 뚱 2,000원, 코카콜라 뚱 2,000원, 환타 파인 뚱 2,000원, 스프라이트 대 3,500원, 코카콜라 대 3,500원, 사라다 2,000원, 양념 소스 1,000원, 치킨무 500원"
1232485857,부리나치킨 문흥점,35.1855460227238,126.918802509447,062-262-0033,전남광주통합특별시 북구 대천로 113-1,음식점 > 치킨,False,"참숯불양념바베큐 23,000원, 참숯불소금구이 23,000원, 깐풍기 24,000원, 후라이드 21,000원, 양념치킨 22,000원, 반반치킨 22,000원, 간장치킨 22,000원, 순살참숯불바베큐 24,000원, 순살 소금구이 24,000원, 순살 반반치킨 23,000원, 순살 양념치킨 23,000원, 순살 간장치킨 23,000원, 순살 후라이드치킨 22,000원, 숯불바베큐 + 후라이드 42,000원, 숯불소금구이 + 후라이드 42,000원, 숯불바베큐 + 숯불 소금구이 44,000원, 숯불바베큐 + 숯불바베큐 44,000원, 콜라 500mL 2,000원, 콜라 1.25L 3,000원, 사이다 500mL 2,000원, 환타 355mL 2,000원, 제로콜라 355mL 2,000원, 참이슬 후레쉬19세 이상 4,000원, 진로이즈백19세 이상 4,000원, 잎새주19세 이상 4,000원, 새로19세 이상 4,000원, 카스19세 이상 4,000원, 테라19세 이상 4,000원, 켈리19세 이상 4,000원, 생맥주1000cc19세 이상 8,000원"
108662104,홈즈앤루팡 전남대점,35.17581345116647,126.91271508978606,062-266-9387,전남광주통합특별시 북구 우치로 94,"가정,생활 > 여가시설 > 보드카페 > 홈즈앤루팡",False,"1인 1시간 3,000원, 청소년 1인 1시간(평일) 2,000원, 아메리카노 3,500원, 바닐라라떼 4,500원, 오리지널 떡볶이 7,900원, 순살치킨 7,900원"
306153271,무야호닭강정피자,35.1855442677999,126.913658775183,,전남광주통합특별시 북구 송월로20번길 7,음식점 > 간식 > 닭강정,False,
